claims_in_past_90_days,days_since_last_claim,amount_vs_policy_max_ratio,user_role,amount_claimed,budget_utilization_ratio,days_since_expense,is_weekend_expense,historical_approval_rate,has_policy_violation,violation_severity,manager_comment_length,flags_count,is_fraud
1,44,0.4582,Contractor,100.74,0.1036,0,False,0.9611,False,none,1,0,0
5,23,7.8701,Employee,5133.72,1.6208,12,False,0.4946,True,high,294,3,1
1,22,0.164,Manager,197.09,0.0279,3,False,0.8653,False,none,11,0,0
1,25,0.2037,Director,400.27,0.0225,3,False,0.8618,False,none,11,0,0
2,6,0.0,Manager,181.31,0.0213,4,False,0.9783,False,none,14,0,0
0,-1,0.5718,Employee,320.09,0.1213,5,False,0.0,False,none,5,0,0
3,45,0.246,Employee,97.88,0.0337,3,False,0.9335,False,none,1,0,0
6,37,0.3515,Contractor,70.23,0.0956,1,False,0.9815,False,none,12,0,0
2,35,0.0941,Manager,91.92,0.0122,3,False,0.8894,False,none,12,0,0
0,-1,0.2575,Executive,1102.3,0.0207,21,False,0.0,False,none,5,0,0
1,34,0.7916,Employee,342.21,0.1016,2,False,0.8877,False,none,3,0,0
0,-1,0.5614,Employee,332.9546013779481,0.1589,1,False,0.0,False,none,8,0,0
1,54,0.4733,Manager,585.0,0.0891,6,False,0.9458,False,none,5,0,0
3,2,0.3781,Manager,400.57,0.0,0,False,0.8668,False,none,9,0,0
2,53,0.5282,Employee,345.37,0.1607,2,False,0.8604,False,none,4,0,0
2,14,0.3006,Director,759.5,0.0331,5,False,0.9893,False,none,9,0,0
2,16,0.4218,Manager,385.83,0.0459,8,False,0.8837,False,none,7,0,0
3,3,0.2604,Contractor,48.86,0.0431,3,True,0.9789,False,none,15,0,0
0,-1,0.2313,Employee,107.14,0.0498,2,False,0.0,False,none,6,0,0
36,2,0.1527,Manager,147.78,0.0171,0,True,0.8185,False,none,7,1,1
2,56,0.2677,Employee,184.32,0.0594,1,False,0.9885,False,none,3,0,0
4,25,3.7473,Executive,18457.69,0.3648,11,False,0.6512,True,high,197,4,1
1,104,0.5764,Employee,430.15,0.1491,464,False,0.5464,True,medium,57,4,1
2,38,0.5314,Employee,263.8757246359391,0.1148,5,False,0.9215,False,none,1,0,0
0,-1,0.8714,Contractor,200.4817632592589,0.1794,9,False,0.0,False,none,7,0,0
1,21,0.4052,Contractor,64.98,0.0733,3,False,0.9902,False,none,7,0,0
1,60,0.1254,Employee,56.39,0.0166,2,False,0.8609,False,none,3,0,0
22,1,0.1183,Employee,49.9,0.0178,3,False,0.8111,False,none,20,3,1
1,57,0.3095,Manager,359.87,0.0597,0,True,0.8701,False,none,4,0,0
5,17,0.6165,Manager,777.72,0.1365,0,False,0.9258,False,none,1,0,0
3,15,7.2783,Employee,3852.48,0.0,19,False,0.4805,True,high,119,3,1
2,36,0.5113,Manager,438.28,0.0399,1,True,0.8722,False,none,1,0,0
2,57,0.5264,Employee,324.19,0.1293,2,False,0.9812,False,none,7,0,0
5,48,0.1443,Executive,781.0,0.019,4,False,0.9887,False,none,7,0,0
0,-1,0.1932,Manager,138.85,0.0175,5,False,0.0,False,none,14,0,0
4,26,0.4537,Director,1627.28,0.0834,9,False,0.8992,False,none,8,0,0
2,2,0.6498,Employee,264.73,0.0983,4,False,0.8673,False,none,8,0,0
10,9,1.4879,Employee,757.7,0.2085,0,True,0.5541,True,medium,61,4,1
5,48,0.1186,Contractor,27.86,0.023,3,True,0.9606,False,none,10,0,0
4,43,0.583,Manager,744.14,0.0835,0,False,0.9113,False,none,4,0,0
2,37,0.5957,Manager,537.8873658233972,0.0662,0,False,0.8951,True,low,28,1,0
0,-1,0.743,Manager,465.5133083020206,0.0643,3,False,0.0,False,none,5,0,0
0,-1,0.1952,Employee,83.62,0.0245,3,False,0.0,False,none,9,0,0
3,55,0.0,Employee,380.66249466017143,0.1216,7,False,0.9653,False,none,6,0,0
0,-1,0.07,Employee,39.46,0.0144,0,False,0.0,False,none,3,0,0
2,36,0.2715,Employee,114.81,0.0287,5,False,0.8874,False,none,14,0,0
2,40,0.9903,Executive,4636.66250762721,0.0862,2,False,0.9723,False,none,14,0,0
1,41,0.3101,Manager,295.37,0.0269,2,False,0.8916,False,none,7,0,0
1,35,0.1175,Contractor,19.11,0.0144,2,True,0.8621,False,none,4,0,0
1,14,0.41,Contractor,82.96,0.0565,5,False,0.9749,False,none,0,0,0
3,49,0.2684,Manager,317.23,0.0,3,False,0.9085,False,none,7,0,0
3,52,0.344,Employee,158.76,0.0465,0,True,0.9106,False,none,4,0,0
1,6,0.2405,Employee,126.99,0.0484,8,True,0.9464,False,none,1,0,0
5,18,0.2504,Employee,112.87,0.043,0,False,0.9628,False,none,2,0,0
2,5,0.2567,Manager,295.03,0.0329,13,False,0.9672,False,none,7,0,0
2,37,0.706,Contractor,144.51,0.1511,11,False,0.9922,False,none,11,0,0
1,20,0.4105,Manager,517.67,0.0644,11,True,0.8662,False,none,12,0,0
5,7,0.1959,Manager,183.7,0.0243,1,False,0.9546,False,none,3,0,0
2,5,0.0,Employee,282.58,0.0765,3,False,0.9259,False,none,15,0,0
5,30,5.7662,Executive,29267.87,0.6771,13,False,0.4324,True,high,251,8,1
1,16,0.1297,Director,464.98,0.024,4,False,0.9626,False,none,10,0,0
1,77,0.8985,Director,2522.29,0.1381,485,False,0.6667,True,medium,40,3,1
4,46,0.6794,Employee,377.71,0.1072,7,False,0.9236,True,low,24,1,0
1,23,0.8044,Employee,363.8039928591339,0.2046,3,False,0.9138,False,none,14,0,0
4,35,0.3898,Employee,194.18,0.0687,10,False,0.9926,False,none,15,0,0
0,-1,0.3631,Employee,151.52,0.0483,4,False,0.0,False,none,11,0,0
4,36,0.9532,Contractor,191.57,0.1742,1,False,0.8938,False,none,15,0,0
0,-1,0.5356,Contractor,127.67,0.0888,206,False,0.7823,True,medium,44,5,1
1,10,0.0659,Employee,27.43,0.0104,18,False,0.9717,True,low,25,1,0
4,24,8.3177,Manager,7443.09,1.5068,19,False,0.6301,True,high,178,6,1
2,41,0.608,Contractor,130.42,0.117,14,False,0.8817,False,none,5,0,0
1,3,0.4574,Employee,262.65,0.0676,0,False,0.8847,False,none,14,0,0
5,17,5.6885,Employee,2769.01,0.7468,9,False,0.6133,True,high,115,3,1
4,8,0.6587,Employee,298.4616308253719,0.1513,1,False,0.9203,False,none,8,0,0
1,21,0.2091,Employee,104.65,0.0346,15,True,0.9406,False,none,0,0,0
3,31,0.4094,Manager,460.44,0.0792,5,False,0.9278,False,none,13,0,0
3,43,0.5882,Employee,385.32,0.1255,0,True,0.8657,False,none,15,0,0
1,21,0.5974,Director,1816.48,0.07,0,True,0.8879,False,none,0,0,0
3,49,0.0961,Employee,58.21,0.0299,2,False,0.9248,True,low,27,1,0
2,41,0.5668,Director,1006.8701120041892,0.0421,3,False,0.9413,False,none,0,0,0
2,8,0.3163,Contractor,59.7,0.0895,0,True,0.9472,False,none,9,0,0
3,36,0.4101,Employee,221.58,0.0947,0,True,0.8717,False,none,4,0,0
1,33,0.308,Employee,137.69,0.0545,3,True,0.8901,False,none,15,0,0
2,25,0.3913,Employee,155.14,0.0528,10,False,0.9183,False,none,7,0,0
1,46,0.1422,Employee,83.22,0.0317,3,False,0.987,False,none,4,0,0
2,56,0.8024,Contractor,179.08,0.2569,1,True,0.9768,False,none,0,0,0
0,-1,0.7582,Employee,422.8256075533737,0.1327,2,False,0.0,False,none,12,0,0
1,21,0.2884,Director,1059.09,0.078,0,False,0.944,False,none,1,0,0
5,6,0.2052,Employee,80.81,0.031,3,True,0.9151,False,none,3,0,0
1,19,0.4965,Manager,461.7,0.0442,1,False,0.9038,False,none,13,0,0
3,40,0.0507,Manager,64.89,0.011,0,False,0.9525,False,none,7,0,0
1,58,0.15,Employee,89.13,0.0,0,False,0.8931,True,low,32,1,0
1,20,0.5748,Employee,259.39,0.1731,2,False,0.8799,False,none,7,0,0
3,54,0.5063,Employee,223.94,0.0648,7,False,0.9487,False,none,1,0,0
2,15,0.1673,Manager,134.58,0.019,0,False,0.9411,False,none,8,0,0
2,58,0.1735,Manager,120.6,0.013,2,True,0.9441,False,none,1,0,0
4,12,0.5231,Manager,551.14,0.0783,2,False,0.8801,False,none,11,0,0
1,31,0.4287,Director,1329.86,0.0653,7,False,0.9951,False,none,3,0,0
1,44,0.1613,Contractor,42.45,0.047,5,False,0.997,False,none,11,0,0
2,107,1.3359,Employee,372.98,0.116,314,False,0.7467,True,medium,43,4,1
2,40,0.6804,Employee,404.6779113398706,0.142,6,True,0.8832,False,none,9,0,0
4,8,0.0,Employee,151.94,0.0741,0,False,0.8646,False,none,14,0,0
5,47,0.1442,Director,447.0,0.0201,1,False,0.8732,True,low,41,1,0
0,-1,0.1644,Director,453.74,0.0195,4,False,0.0,False,none,11,0,0
0,-1,0.9194,Manager,1007.51,0.1181,383,False,0.5569,True,medium,88,2,1
40,1,0.0982,Employee,44.1,0.0155,1,False,0.6616,False,none,6,3,1
2,39,0.5045,Director,1217.11,0.0668,5,False,0.8504,False,none,4,0,0
2,23,0.1492,Manager,161.54,0.0147,2,False,0.9685,False,none,5,0,0
1,29,0.3821,Employee,143.48,0.0423,3,False,0.9667,False,none,7,0,0
2,30,0.7868,Contractor,150.97567225680314,0.1496,4,True,0.9465,False,none,12,0,0
4,21,0.9946,Employee,556.0068804590636,0.2533,20,True,0.9412,False,none,10,0,0
2,51,0.1243,Employee,93.71,0.0283,2,False,0.9553,False,none,6,0,0
2,47,0.0481,Director,140.58,0.006,6,False,0.8643,False,none,11,0,0
1,28,0.1743,Manager,121.93,0.0161,2,False,0.8645,False,none,1,0,0
2,43,0.5397,Employee,261.81,0.0915,5,False,0.9912,False,none,1,0,0
0,-1,0.617,Manager,583.8251375865125,0.0937,6,False,0.0,False,none,3,0,0
1,28,0.2642,Employee,133.64,0.0428,0,False,0.9768,False,none,0,0,0
2,49,0.6018,Manager,911.1,0.1463,0,False,0.8963,True,low,19,1,0
2,48,0.5169,Employee,120.97909441224526,0.0381,5,False,0.9296,False,none,5,0,0
1,4,0.4768,Manager,442.32,0.0561,1,False,0.8733,True,low,15,1,0
0,-1,0.1438,Manager,121.58,0.0133,0,False,0.0,False,none,13,0,0
0,-1,0.6207,Manager,555.57,0.0633,292,False,0.7953,True,medium,30,2,1
5,8,0.1945,Director,666.83,0.035,1,False,0.8512,False,none,12,0,0
2,26,0.1668,Employee,55.56,0.0137,4,True,0.9793,True,low,14,1,0
1,8,0.0632,Employee,26.44,0.0071,14,False,0.9108,False,none,14,0,0
3,38,0.3267,Director,873.31,0.0404,1,True,0.9101,False,none,10,0,0
1,13,0.4208,Manager,513.67,0.0449,9,False,0.9859,False,none,4,0,0
0,-1,0.1941,Employee,97.4,0.0304,12,False,0.0,False,none,15,0,0
2,42,0.1624,Employee,68.58,0.022,8,False,0.9453,False,none,10,0,0
2,4,0.6511,Contractor,136.881839884164,0.1144,2,True,0.9028,False,none,1,0,0
34,2,0.0224,Director,80.99,0.0046,3,False,0.8863,False,none,1,3,1
0,-1,0.167,Director,503.61,0.0228,4,True,0.0,True,low,16,1,0
2,3,0.1633,Director,430.01,0.0299,3,False,0.8872,False,none,5,0,0
2,4,0.4767,Director,1043.42,0.0475,1,False,0.9684,True,low,16,1,0
2,39,1.0304,Employee,455.897567480643,0.1483,0,False,0.981,False,none,4,0,0
2,46,0.5709,Employee,279.9774214534874,0.094,8,False,0.9907,False,none,10,0,0
1,34,0.438,Manager,493.36,0.0516,12,False,0.864,False,none,0,0,0
5,15,0.365,Employee,125.17,0.0567,9,True,1.0,False,none,3,0,0
1,57,0.4291,Employee,211.52,0.1056,12,True,0.9649,False,none,5,0,0
5,3,0.2429,Manager,252.94,0.029,8,False,0.9116,False,none,14,0,0
0,-1,0.2079,Manager,211.92,0.0292,5,False,0.0,False,none,6,0,0
0,-1,0.1563,Director,439.97,0.0176,1,False,0.0,False,none,5,0,0
2,56,0.5312,Director,2054.67,0.0988,0,False,0.9057,False,none,3,0,0
5,28,0.581,Manager,408.407237811933,0.0502,3,False,0.8638,False,none,11,0,0
2,6,0.066,Employee,39.06,0.0123,2,True,0.9062,False,none,10,0,0
1,9,0.1996,Employee,64.71,0.027,0,False,0.9638,False,none,2,0,0
2,5,1.9789,Employee,982.58,0.3129,0,True,0.5205,True,medium,157,3,1
3,35,0.3159,Manager,252.8,0.0264,23,False,0.8525,False,none,4,0,0
1,43,0.0693,Contractor,17.09,0.0129,1,False,0.8628,True,low,43,1,0
0,-1,0.7653,Manager,776.65,0.1113,17,True,0.0,False,none,11,0,0
2,41,0.12,Contractor,30.83,0.0348,3,False,0.8655,False,none,4,0,0
8,3,1.8631,Employee,1019.38,0.2595,0,True,0.4252,True,high,125,2,1
2,26,0.4298,Manager,377.09,0.0511,2,False,0.9984,False,none,6,0,0
2,52,0.0,Director,298.55,0.014,1,False,0.9052,False,none,12,0,0
3,18,0.4203,Employee,179.41,0.0667,8,False,0.9702,True,low,48,1,0
8,19,0.0639,Employee,40.41,0.0174,4,False,0.896,False,none,14,0,0
2,18,0.4033,Contractor,88.13,0.1013,8,False,0.9459,True,low,50,1,0
3,55,0.1866,Employee,86.4,0.0346,1,False,0.9411,True,low,14,1,0
2,10,0.2833,Manager,311.35,0.0375,3,False,0.9519,False,none,2,0,0
4,8,0.3903,Employee,183.12,0.0585,13,True,0.8539,False,none,3,0,0
2,59,0.2664,Employee,175.2,0.0641,4,False,0.9998,False,none,2,0,0
1,55,0.1548,Director,575.51,0.0414,0,False,0.998,False,none,9,0,0
3,51,0.0548,Director,176.66,0.0091,29,False,0.9042,False,none,4,0,0
2,36,0.6005,Employee,213.29,0.1269,5,False,0.8695,True,low,35,1,0
2,5,0.6702,Manager,602.9,0.1013,14,False,0.8688,True,low,39,1,0
3,12,0.0647,Employee,44.27,0.0188,1,True,0.9652,False,none,1,0,0
4,15,0.2898,Employee,124.85,0.041,10,False,0.9019,False,none,2,0,0
1,35,0.3797,Manager,433.43,0.0473,0,False,0.864,False,none,4,0,0
2,3,0.4717,Manager,529.0,0.0636,0,True,0.9738,True,low,46,1,0
0,-1,0.336,Employee,145.26,0.0356,4,False,0.0,False,none,9,0,0
2,4,0.2493,Director,533.95,0.0229,0,False,0.8737,False,none,10,0,0
3,26,0.0929,Employee,42.25,0.0273,3,False,0.8696,False,none,10,0,0
2,25,0.1886,Employee,108.64,0.0382,4,False,0.9796,False,none,5,0,0
1,33,0.1347,Director,446.46,0.0165,0,False,0.92,False,none,2,0,0
3,4,0.2378,Employee,119.79,0.0499,0,False,0.8922,False,none,15,0,0
5,24,0.6455,Contractor,136.2052619256054,0.1621,11,False,0.9646,False,none,6,0,0
3,53,0.3279,Employee,175.69,0.0464,0,False,0.9984,False,none,3,0,0
3,13,0.62,Manager,492.12,0.0688,28,False,0.9404,True,low,12,1,0
5,20,4.9597,Employee,3039.99,1.0057,10,False,0.6953,True,high,315,8,1
0,-1,0.1293,Employee,66.18,0.0196,0,False,0.0,False,none,11,0,0
2,56,0.4353,Employee,206.44,0.1033,2,True,0.9532,False,none,7,0,0
3,54,0.6138,Employee,346.65,0.1106,11,False,0.907,False,none,3,0,0
1,33,0.6121,Employee,206.11060236212822,0.0776,4,False,0.9662,False,none,1,0,0
2,25,0.3975,Employee,205.88,0.0784,1,True,0.8971,False,none,10,0,0
2,17,0.4658,Manager,463.43,0.0469,4,True,0.9415,False,none,9,0,0
3,46,0.1323,Executive,612.46,0.0132,7,False,0.9234,False,none,8,0,0
2,23,0.0815,Employee,28.06,0.0099,4,False,0.9932,False,none,9,0,0
1,14,0.433,Contractor,91.0,0.1093,6,False,0.8803,False,none,8,0,0
1,13,7.2846,Manager,6815.99,0.602,18,False,0.5587,True,high,274,3,1
1,60,0.6355,Contractor,136.81,0.126,1,False,0.9821,False,none,9,0,0
1,35,0.1652,Manager,173.08,0.0214,0,False,0.9608,True,low,21,1,0
0,-1,0.2786,Director,958.44,0.0487,0,False,0.0,False,none,9,0,0
2,19,0.6594,Contractor,79.17,0.0669,5,False,0.9182,False,none,4,0,0
1,30,0.4009,Employee,244.9,0.1031,5,False,0.9472,True,low,31,1,0
1,58,0.3334,Employee,131.56,0.0361,9,False,0.9108,False,none,12,0,0
2,17,0.6364,Employee,327.7859966568535,0.1018,13,False,0.9075,False,none,10,0,0
2,4,0.0,Manager,440.5113623662532,0.0557,5,False,0.9502,False,none,9,0,0
1,9,0.1326,Manager,164.08,0.0193,18,False,0.9217,False,none,11,0,0
3,14,0.328,Employee,196.98,0.0692,5,False,0.9643,False,none,2,0,0
3,54,0.4085,Employee,262.85,0.0783,3,False,0.9321,False,none,4,0,0
1,32,0.1985,Director,443.31,0.033,2,False,0.8636,False,none,14,0,0
2,61,0.7646,Employee,500.98,0.1257,382,False,0.7449,True,medium,39,3,1
30,0,0.1164,Employee,50.19,0.0115,1,False,0.8297,False,none,20,3,1
0,-1,0.034,Employee,20.31,0.0072,2,False,0.0,True,low,44,1,0
9,3,0.6902,Director,3019.14,0.2091,0,True,0.7339,True,medium,168,4,1
3,23,0.6361,Employee,383.1147492567419,0.0858,1,True,0.8733,False,none,3,0,0
22,0,0.0175,Manager,19.42,0.0026,4,True,0.7793,False,none,1,3,1
0,-1,0.433,Contractor,93.39,0.0971,3,False,0.0,False,none,9,0,0
2,53,0.7898,Director,1956.9,0.1218,6,False,0.8981,False,none,7,0,0
0,-1,0.0962,Employee,42.15,0.016,0,True,0.0,False,none,15,0,0
2,86,1.4505,Employee,584.66,0.1755,389,True,0.59,True,medium,98,3,1
2,59,0.1357,Director,425.22,0.0206,8,False,0.8586,False,none,4,0,0
3,24,0.4949,Employee,218.81,0.072,1,False,0.8639,False,none,8,0,0
3,38,0.0,Manager,97.68,0.0119,7,False,0.9586,False,none,10,0,0
2,48,0.1419,Director,574.81,0.0248,4,False,0.9999,False,none,6,0,0
2,42,0.3159,Employee,228.18,0.1011,0,False,0.9039,False,none,15,0,0
1,14,0.6761,Director,1730.2486794604595,0.0695,2,False,0.9056,False,none,7,0,0
4,19,0.1605,Contractor,31.54,0.0208,0,False,0.8729,False,none,7,0,0
1,47,0.8313,Manager,1103.78,0.1239,0,False,0.9463,False,none,11,0,0
1,42,0.2406,Manager,187.64,0.0273,8,False,0.9936,False,none,2,0,0
3,15,0.09,Manager,86.41,0.0103,2,True,0.8602,False,none,14,0,0
0,-1,0.2138,Manager,243.56,0.0219,4,False,0.0,True,low,45,1,0
1,33,0.3689,Contractor,99.27,0.1238,2,False,0.972,False,none,5,0,0
1,77,1.1939,Contractor,203.65,0.1633,383,True,0.6119,True,medium,88,5,1
6,42,0.2076,Executive,1164.55,0.0298,7,False,0.9988,True,low,35,1,0
2,32,0.2587,Employee,132.78,0.0,1,False,0.9768,False,none,3,0,0
2,37,0.0819,Director,207.15,0.0141,3,True,0.9213,True,low,27,1,0
4,14,0.0,Employee,149.27,0.0452,8,False,0.9381,False,none,12,0,0
4,44,0.2037,Employee,118.92,0.0335,2,False,0.9845,False,none,4,0,0
2,7,0.2771,Manager,306.84,0.0468,9,False,0.9156,False,none,12,0,0
2,15,0.5781,Employee,288.54,0.0967,3,False,0.9034,False,none,12,0,0
23,0,0.0803,Manager,63.2,0.0084,5,True,0.7169,False,none,3,2,1
19,0,0.0138,Director,36.23,0.0019,3,False,0.7537,False,none,0,1,1
1,5,1.4623,Employee,739.43,0.2229,1,True,0.5551,True,medium,112,6,1
1,32,0.0563,Employee,30.88,0.0102,5,True,0.8719,False,none,9,0,0
0,-1,0.125,Contractor,27.69,0.0372,7,False,0.0,False,none,3,0,0
6,8,1.3671,Contractor,296.24,0.3436,1,True,0.5722,True,medium,132,4,1
0,-1,0.252,Manager,223.63,0.0305,5,False,0.0,False,none,15,0,0
4,24,0.195,Manager,167.47,0.0209,3,False,0.8671,False,none,5,0,0
1,29,0.3421,Employee,135.35,0.0471,2,False,0.9697,True,low,36,1,0
1,28,0.4597,Employee,275.33,0.0828,2,True,0.9684,False,none,15,0,0
1,3,0.6492,Employee,299.2,0.1,1,False,0.9686,False,none,2,0,0
33,2,0.2494,Employee,104.85,0.0351,3,False,0.6995,False,none,3,2,1
4,24,5.8433,Employee,3260.17,1.0613,9,False,0.6989,True,high,126,6,1
0,-1,0.3281,Director,792.8,0.032,3,False,0.0,False,none,6,0,0
2,5,0.2867,Employee,130.62,0.0529,7,False,0.895,False,none,10,0,0
2,12,0.5135,Manager,689.32,0.0995,9,False,0.9328,False,none,14,0,0
2,2,0.3795,Employee,271.59,0.103,3,False,0.9606,False,none,13,0,0
2,5,0.1646,Manager,174.45,0.02,0,False,0.9366,False,none,11,0,0
3,41,0.1102,Employee,51.06,0.0164,0,False,0.897,False,none,3,0,0
2,20,0.2114,Director,510.87,0.0242,0,False,0.9878,False,none,10,0,0
7,10,1.0025,Employee,562.11,0.1484,0,True,0.6299,True,high,174,3,1
3,32,0.159,Manager,143.06,0.0169,17,True,0.8933,False,none,1,0,0
4,36,0.3604,Executive,1570.0,0.0265,2,False,0.9258,False,none,13,0,0
3,15,0.059,Employee,31.11,0.0131,0,False,0.8938,False,none,5,0,0
5,37,0.0985,Employee,51.33,0.0177,3,False,0.8671,False,none,11,0,0
2,28,0.4567,Manager,540.06,0.0615,3,False,0.8654,False,none,9,0,0
4,56,0.182,Contractor,39.31,0.0452,3,False,0.9991,False,none,11,0,0
4,53,0.0656,Manager,73.34,0.0082,3,True,0.881,False,none,8,0,0
3,55,0.1968,Employee,94.28,0.0379,2,False,0.9272,False,none,4,0,0
0,-1,0.8595,Manager,960.67,0.1138,7,True,0.0,False,none,7,0,0
8,3,1.9207,Employee,681.87,0.2919,1,True,0.6511,True,high,69,5,1
4,60,0.0672,Director,168.53,0.0101,5,False,0.9816,False,none,0,0,0
2,45,0.2812,Director,1040.32,0.0587,4,True,0.9037,False,none,6,0,0
3,36,0.656,Director,1638.9845378561663,0.0597,8,False,0.9367,False,none,10,0,0
0,-1,0.0,Manager,299.19,0.0447,2,True,0.0,False,none,5,0,0
1,9,0.2826,Contractor,64.4,0.0541,1,False,0.9823,False,none,8,0,0
3,17,2.8884,Employee,1870.97,0.7502,18,True,0.5518,True,high,154,3,1
5,45,0.1034,Employee,50.31,0.0153,7,True,0.9015,False,none,4,0,0
2,24,0.2333,Employee,111.37,0.0459,2,True,0.9821,False,none,4,0,0
2,11,0.0599,Manager,72.9,0.0089,2,False,0.916,False,none,4,0,0
0,-1,0.1067,Manager,117.67,0.0165,0,True,0.0,False,none,12,0,0
3,16,0.8545,Employee,181.82398409252593,0.0609,4,False,0.933,False,none,0,0,0
0,-1,0.3689,Manager,398.05,0.0562,0,False,0.0,False,none,1,0,0
2,41,0.1434,Manager,146.91,0.0228,1,False,0.9391,False,none,11,0,0
0,-1,0.2097,Employee,98.47,0.025,11,False,0.0,False,none,2,0,0
40,1,0.4058,Contractor,80.93,0.0793,5,False,0.8301,False,none,12,2,1
0,-1,0.7685,Employee,297.34,0.1531,441,True,0.7923,True,medium,98,3,1
0,-1,0.5014,Employee,263.11,0.0862,2,False,0.0,False,none,7,0,0
24,2,0.5584,Contractor,113.84,0.0967,5,True,0.6038,False,none,0,1,1
4,11,0.5786,Executive,2361.06,0.0607,0,False,0.9058,False,none,3,0,0
2,46,0.5351,Contractor,97.89110429548903,0.1098,9,False,0.9963,False,none,11,0,0
33,2,0.0407,Director,111.19,0.0059,1,False,0.6008,False,none,7,1,1
32,2,0.2207,Employee,113.69,0.0352,3,True,0.6745,False,none,10,3,1
1,12,0.1134,Contractor,30.91,0.0314,14,False,0.8835,True,low,35,1,0
0,-1,0.3011,Employee,163.71,0.0462,463,False,0.5024,True,medium,67,3,1
0,-1,0.8254,Employee,329.368804123929,0.0977,3,False,0.0,False,none,6,0,0
1,2,0.1857,Employee,89.47,0.0234,7,False,0.8849,False,none,0,0,0
4,7,0.3853,Contractor,64.74,0.0911,20,False,0.8808,False,none,1,0,0
1,55,0.3246,Employee,160.34,0.0627,5,False,0.928,False,none,2,0,0
3,4,0.6392,Employee,375.93,0.137,1,False,0.9152,False,none,8,0,0
3,29,0.6794,Director,2186.1218010693124,0.0858,5,True,0.8908,False,none,3,0,0
4,50,0.6176,Employee,341.93,0.1308,1,False,0.8811,False,none,3,0,0
21,1,0.0127,Director,30.77,0.0014,5,True,0.7067,False,none,1,3,1
5,29,0.2165,Employee,152.93,0.0648,10,False,0.9334,True,low,16,1,0
0,-1,0.0,Employee,57.94,0.0151,4,True,0.0,False,none,11,0,0
1,5,0.3782,Director,1076.6,0.0396,6,True,0.8533,False,none,14,0,0
2,30,0.3215,Contractor,68.66,0.073,8,False,0.8576,False,none,12,0,0
3,18,0.146,Employee,92.24,0.0534,6,False,0.892,True,low,49,1,0
3,6,0.1991,Manager,176.55,0.024,9,True,0.892,False,none,7,0,0
1,23,0.4953,Director,882.75,0.0408,5,False,0.922,False,none,10,0,0
3,50,0.1755,Employee,108.74,0.0467,3,False,0.8921,False,none,11,0,0
0,-1,0.1579,Executive,872.2,0.0218,1,False,0.0,False,none,1,0,0
3,60,0.3601,Director,1191.42,0.0575,5,False,0.9759,False,none,10,0,0
3,37,0.3081,Manager,338.29,0.0524,2,False,0.9345,False,none,15,0,0
4,2,0.0,Employee,139.52,0.0521,12,True,0.929,False,none,6,0,0
3,4,0.1237,Employee,70.97,0.0211,6,False,0.8533,False,none,3,0,0
1,26,0.2653,Director,968.63,0.0592,3,False,0.9379,False,none,5,0,0
1,46,0.1113,Employee,64.57,0.0318,11,False,0.9953,False,none,11,0,0
2,9,0.7831,Employee,307.95,0.0946,0,True,0.8767,False,none,12,0,0
3,52,0.2796,Manager,320.63,0.0461,8,False,0.9951,False,none,15,0,0
1,30,7.2714,Manager,6592.1,1.0116,15,False,0.2057,True,high,163,4,1
3,29,0.4276,Employee,223.97,0.0625,1,False,0.9599,False,none,15,0,0
3,37,0.4706,Employee,304.68,0.1093,6,False,0.9476,False,none,2,0,0
0,-1,0.0,Contractor,63.73,0.0609,2,False,0.0,False,none,5,0,0
5,40,0.3835,Employee,130.31,0.0303,1,False,0.984,False,none,5,0,0
1,27,0.2758,Employee,125.77,0.0751,1,False,0.9546,False,none,8,0,0
0,-1,0.1594,Employee,46.74,0.0153,0,False,0.0,True,low,10,1,0
3,2,0.4128,Employee,193.63,0.076,0,False,0.881,False,none,15,0,0
3,6,0.2933,Employee,185.97,0.0753,6,False,0.9463,False,none,12,0,0
3,18,0.0826,Employee,35.45,0.0169,8,True,0.9346,False,none,3,0,0
4,26,6.652,Employee,2272.24,0.7361,18,False,0.4864,True,high,221,4,1
2,34,0.45,Employee,197.33,0.0766,0,False,0.9701,False,none,3,0,0
3,13,0.3464,Employee,225.92,0.0835,0,False,0.8689,False,none,13,0,0
3,47,0.3741,Director,1084.6,0.0475,11,True,0.9871,False,none,12,0,0
2,45,0.0763,Director,231.53,0.0136,0,False,0.9435,False,none,13,0,0
18,2,0.2736,Employee,119.14,0.0653,2,False,0.864,False,none,8,2,1
4,10,0.6515,Employee,373.46936682637454,0.1063,1,False,0.9427,False,none,12,0,0
3,58,0.4834,Employee,228.86,0.0593,4,False,0.9059,False,none,9,0,0
3,9,0.0723,Employee,39.67,0.0105,2,False,0.8951,False,none,10,0,0
2,53,0.3867,Employee,156.07,0.0569,2,False,0.9111,False,none,11,0,0
2,9,0.1203,Employee,58.2,0.0159,22,False,0.9671,False,none,5,0,0
0,-1,0.2098,Director,867.5,0.0478,3,False,0.0,False,none,8,0,0
0,-1,0.5401,Employee,208.1,0.0708,0,False,0.0,False,none,14,0,0
1,58,0.0908,Director,212.59,0.0115,15,False,0.8888,True,low,11,1,0
5,42,0.2472,Employee,114.84,0.0336,2,False,0.8838,False,none,0,0,0
4,12,0.3141,Executive,1736.91,0.0587,1,True,0.9402,False,none,9,0,0
3,30,0.1966,Manager,150.17,0.0251,0,False,0.8878,False,none,12,0,0
5,36,0.028,Contractor,7.93,0.0097,2,False,0.9471,False,none,3,0,0
1,42,0.2021,Employee,95.25,0.0319,16,False,0.9567,False,none,4,0,0
0,-1,0.6806,Employee,357.55,0.109,7,False,0.0,False,none,4,0,0
3,25,0.2236,Manager,227.97,0.027,3,False,0.9605,False,none,6,0,0
1,43,0.369,Manager,367.97,0.0427,1,False,0.9038,False,none,5,0,0
3,59,0.745,Employee,450.42,0.1704,19,False,0.8775,False,none,2,0,0
2,24,0.3374,Employee,209.01,0.0747,9,False,0.8891,False,none,15,0,0
4,9,1.108,Manager,1438.66,0.1458,0,True,0.747,True,high,126,6,1
1,37,0.6885,Director,2009.5343097555365,0.0837,3,False,0.9839,False,none,5,0,0
1,1,0.6165,Employee,320.11,0.0871,1,False,0.9178,False,none,5,0,0
1,26,0.1193,Manager,146.69,0.0205,30,False,0.9144,True,low,44,1,0
1,13,0.0,Employee,321.54,0.1242,6,True,0.8527,False,none,7,0,0
1,11,0.4823,Employee,265.91,0.0804,7,True,0.8598,False,none,14,0,0
0,-1,0.3211,Employee,198.7,0.058,3,False,0.0,False,none,11,0,0
1,15,0.1362,Employee,82.66,0.0285,2,True,0.9591,False,none,5,0,0
2,99,0.7892,Manager,806.04,0.1035,204,True,0.6986,True,medium,36,2,1
3,10,0.2244,Employee,125.85,0.0462,0,False,0.8808,True,low,36,1,0
4,54,0.239,Manager,162.14,0.0239,3,False,0.9848,False,none,9,0,0
2,72,0.68,Employee,276.07,0.0816,363,False,0.5886,True,medium,100,2,1
0,-1,0.5015,Employee,253.7586065057841,0.0801,10,False,0.0,False,none,15,0,0
23,2,0.2869,Contractor,42.36,0.0847,2,True,0.615,False,none,1,1,1
0,-1,0.5637,Employee,292.2372265714251,0.0716,5,False,0.0,False,none,0,0,0
2,40,0.3781,Manager,439.16,0.0682,7,False,0.8902,False,none,10,0,0
1,55,0.0662,Employee,36.43,0.0122,4,False,0.9217,False,none,5,0,0
5,25,3.2779,Manager,2867.34,0.3573,19,True,0.5057,True,high,256,5,1
4,13,6.1231,Manager,7292.73,1.1489,18,False,0.223,True,high,267,5,1
2,37,0.2911,Manager,241.15,0.0246,7,False,0.8836,False,none,3,0,0
3,10,0.7566,Manager,638.91,0.0825,5,False,0.9759,False,none,1,0,0
3,2,3.7616,Director,5780.47,0.297,1,True,0.5283,True,high,62,4,1
5,29,0.5434,Employee,322.0049601022256,0.09,7,False,0.9702,False,none,14,0,0
3,3,0.3677,Executive,1677.47,0.0,3,True,0.9336,True,low,48,1,0
4,30,0.2245,Manager,199.79,0.033,5,False,0.9926,True,low,24,1,0
2,24,0.291,Employee,141.18,0.039,1,True,0.9574,False,none,7,0,0
2,66,0.5822,Employee,313.03,0.1273,203,True,0.6477,True,medium,43,5,1
2,53,0.6186,Employee,378.903608927634,0.1657,1,False,0.9672,False,none,13,0,0
8,10,1.6969,Manager,1512.28,0.1954,0,True,0.7855,True,medium,62,6,1
0,-1,0.2489,Employee,99.49,0.0289,2,False,0.0,False,none,5,0,0
2,33,0.0405,Employee,19.31,0.008,3,False,0.9822,False,none,7,0,0
3,27,0.4832,Executive,2323.7,0.0463,3,False,0.9404,False,none,10,0,0
2,19,0.6903,Director,1972.54,0.095,0,False,0.953,False,none,5,0,0
2,31,0.1195,Manager,101.76,0.0106,11,False,0.9374,False,none,9,0,0
2,4,0.0,Employee,257.81,0.0758,0,True,0.9505,False,none,5,0,0
1,14,0.9314,Manager,792.966029392735,0.1179,15,True,0.963,False,none,3,0,0
1,25,0.3687,Manager,360.81,0.0449,2,False,0.8856,False,none,9,0,0
2,44,0.4534,Contractor,78.68,0.0894,8,False,0.8969,True,low,26,1,0
2,41,0.6241,Director,1499.9031707749266,0.1013,12,False,0.9557,False,none,6,0,0
0,-1,0.4123,Executive,1953.29,0.0617,0,True,0.0,False,none,3,0,0
2,17,0.2356,Employee,132.42,0.0564,3,False,0.8508,False,none,1,0,0
2,43,0.6579,Employee,294.08,0.0938,0,False,0.8952,False,none,2,0,0
1,33,0.1277,Employee,55.98,0.0194,9,False,0.8739,False,none,11,0,0
2,49,0.0914,Employee,41.77,0.0125,4,False,0.9427,False,none,0,0,0
3,22,9.6917,Employee,5293.79,1.6261,8,False,0.3283,True,high,172,8,1
8,1,1.6401,Employee,823.18,0.3148,1,True,0.7593,True,medium,181,4,1
35,0,0.1452,Contractor,39.51,0.0411,5,False,0.8595,False,none,3,2,1
3,53,0.122,Director,418.74,0.0282,0,False,0.991,False,none,14,0,0
2,5,0.2322,Contractor,50.82,0.0452,1,False,0.9362,False,none,12,0,0
0,-1,0.2425,Employee,132.63,0.0387,3,True,0.0,False,none,2,0,0
1,7,0.4767,Employee,196.73,0.078,12,False,0.8935,False,none,9,0,0
5,35,0.7607,Employee,330.9492443602515,0.0873,4,False,0.883,False,none,9,0,0
1,47,0.1259,Employee,55.41,0.0145,12,False,0.9472,True,low,45,1,0
24,0,0.5722,Contractor,114.76,0.1418,5,False,0.7238,False,none,16,3,1
20,2,0.2655,Employee,121.95,0.0357,0,False,0.8797,False,none,14,3,1
2,38,0.6086,Contractor,124.29374364730262,0.1113,2,False,0.9231,False,none,7,0,0
6,10,2.5853,Manager,1776.5,0.2308,1,True,0.6774,True,medium,195,6,1
1,15,0.6354,Employee,309.5937388502153,0.0,4,False,0.9568,False,none,11,0,0
1,91,0.8167,Manager,726.75,0.1143,462,True,0.5527,True,medium,65,2,1
3,5,0.4861,Employee,264.63,0.088,5,False,0.9591,False,none,0,0,0
1,17,0.0636,Employee,36.15,0.0097,0,False,0.9315,False,none,4,0,0
0,-1,0.0364,Employee,19.37,0.0057,18,False,0.0,False,none,12,0,0
0,-1,0.1542,Contractor,26.32,0.0331,6,False,0.0,False,none,4,0,0
2,48,0.6803,Employee,289.19,0.0775,1,False,0.9598,True,low,41,1,0
5,51,0.177,Employee,103.8,0.031,5,False,0.9042,False,none,1,0,0
2,76,0.8259,Manager,638.35,0.0785,476,True,0.613,True,medium,76,5,1
1,15,0.5028,Director,1257.79,0.0569,1,False,0.9275,False,none,15,0,0
2,15,0.0,Director,252.55,0.0099,3,False,0.8616,False,none,5,0,0
6,22,0.2936,Manager,340.16,0.079,6,False,0.958,False,none,6,0,0
1,38,0.2134,Manager,195.39,0.0215,19,False,0.8742,True,low,46,1,0
10,10,1.5647,Employee,866.84,0.2656,0,True,0.7514,True,high,105,2,1
1,39,0.2736,Executive,1493.3,0.0224,7,False,0.8714,False,none,8,0,0
0,-1,0.5379,Manager,609.801951355682,0.0889,9,False,0.0,False,none,0,0,0
3,7,0.5641,Director,1671.87,0.0766,3,False,0.8766,False,none,3,0,0
39,2,0.1262,Manager,100.89,0.0111,4,False,0.8624,False,none,16,3,1
2,52,0.1817,Director,590.85,0.0269,10,False,0.9612,False,none,3,0,0
2,39,0.5461,Employee,246.90053711628408,0.0995,4,False,0.9815,False,none,0,0,0
1,21,0.0,Employee,395.52,0.1431,5,True,0.9113,False,none,8,0,0
1,26,0.1709,Employee,89.91,0.0296,2,False,0.9632,False,none,15,0,0
0,-1,0.2607,Employee,90.67,0.0247,7,False,0.0,False,none,4,0,0
2,11,0.0586,Manager,76.55,0.0107,2,False,0.865,False,none,1,0,0
2,60,0.0,Executive,289.9653198548323,0.0056,2,True,0.94,False,none,11,0,0
2,98,0.662,Contractor,121.45,0.1154,209,True,0.6921,True,medium,31,5,1
0,-1,0.3569,Manager,288.55,0.0337,3,False,0.0,False,none,7,0,0
2,6,0.6411,Manager,611.52,0.0938,1,False,0.9995,False,none,12,0,0
1,36,0.0,Employee,140.31,0.0387,5,False,0.8927,False,none,11,0,0
0,-1,0.5799,Director,1235.39,0.0607,0,False,0.0,True,low,21,1,0
2,52,0.3573,Employee,175.65,0.0565,0,False,0.927,False,none,8,0,0
2,50,0.806,Executive,3375.04,0.0545,4,False,0.9188,False,none,0,0,0
2,45,0.6212,Employee,297.25468667101165,0.0939,4,False,0.8845,False,none,0,0,0
3,22,0.0715,Employee,40.93,0.0146,5,False,0.8614,False,none,11,0,0
2,13,0.361,Employee,179.63,0.062,2,True,0.9248,False,none,8,0,0
2,7,0.5858,Employee,271.2519839060923,0.067,0,True,0.868,False,none,15,0,0
1,40,0.1514,Manager,160.26,0.021,0,False,0.8973,False,none,8,0,0
2,37,0.2736,Executive,1179.18,0.0176,15,False,0.8692,False,none,1,0,0
4,45,0.0905,Employee,48.93,0.015,2,False,0.9277,True,low,23,1,0
2,17,0.5319,Employee,276.94,0.0896,11,False,0.8856,False,none,11,0,0
2,26,0.7008,Employee,427.97175025169514,0.1264,2,True,0.8919,False,none,7,0,0
0,-1,0.409,Manager,347.64,0.0392,8,True,0.0,False,none,4,0,0
2,41,0.191,Contractor,34.54,0.0535,7,False,0.9276,False,none,9,0,0
1,14,0.0,Director,294.9190170802921,0.0147,0,False,0.9721,False,none,14,0,0
2,23,0.4945,Employee,196.9,0.0567,1,True,0.853,False,none,6,0,0
1,21,0.6565,Manager,514.0469851775701,0.077,8,False,0.951,False,none,2,0,0
3,52,0.537,Employee,335.31,0.129,3,False,0.9893,False,none,12,0,0
2,19,0.3618,Contractor,69.03,0.0832,9,False,0.9566,False,none,14,0,0
2,11,0.3052,Director,1462.46,0.0675,5,True,0.8776,False,none,8,0,0
1,5,0.1934,Manager,214.84,0.0329,6,False,0.9905,True,low,35,1,0
1,60,0.5464,Executive,2570.627353728933,0.0503,0,False,0.9828,False,none,9,0,0
2,23,0.2939,Employee,126.09,0.0562,0,False,0.9791,False,none,8,0,0
2,30,0.2035,Employee,95.47,0.0439,4,False,0.9447,False,none,9,0,0
1,27,0.6693,Employee,228.5095261274457,0.1221,3,False,0.889,True,low,18,1,0
2,31,0.0,Employee,337.92,0.1045,4,False,0.8949,False,none,7,0,0
1,16,0.1676,Employee,79.76,0.0285,1,False,0.8745,False,none,12,0,0
1,40,0.264,Contractor,61.86,0.0649,7,False,0.9711,False,none,8,0,0
3,40,0.229,Director,488.04,0.0246,0,False,0.9179,False,none,10,0,0
24,1,0.1302,Contractor,27.51,0.0204,3,False,0.6698,False,none,0,1,1
2,30,0.2676,Employee,143.76,0.0445,1,True,0.9545,True,low,19,1,0
3,22,9.2177,Manager,11473.45,1.7074,5,True,0.6873,True,high,163,8,1
2,48,0.2108,Executive,1040.42,0.0167,10,False,0.9656,False,none,15,0,0
2,48,0.1579,Executive,923.21,0.0335,29,False,0.9906,False,none,9,0,0
1,41,0.4726,Director,1477.58,0.1183,2,True,0.9151,False,none,3,0,0
2,45,0.8799,Employee,423.5223302785353,0.1611,1,False,0.9394,True,low,20,1,0
0,-1,0.9178,Manager,865.8411495090995,0.113,8,True,0.0,False,none,4,0,0
3,51,0.8702,Manager,916.96,0.088,5,False,0.9467,False,none,6,0,0
30,2,0.1316,Employee,71.25,0.0185,2,False,0.747,False,none,5,3,1
7,56,0.1794,Employee,102.21,0.0374,5,True,0.9332,False,none,9,0,0
1,47,0.1387,Employee,68.06,0.03,1,True,0.8778,False,none,7,0,0
2,44,0.0821,Contractor,19.49,0.021,0,False,0.9246,False,none,10,0,0
3,9,0.5241,Employee,214.46528895660063,0.0548,13,True,0.8768,False,none,6,0,0
0,-1,0.8465,Employee,510.51,0.2378,367,True,0.6818,True,medium,31,2,1
2,52,0.1594,Employee,66.69,0.0253,8,False,0.9458,False,none,13,0,0
1,47,0.4831,Manager,550.83,0.0603,6,False,0.8606,False,none,3,0,0
2,27,6.7752,Employee,2704.29,1.4839,18,True,0.5831,True,high,191,7,1
3,36,0.3026,Manager,323.78,0.0589,11,False,0.9102,False,none,14,0,0
1,27,0.5304,Director,1507.33,0.0832,0,False,0.9646,False,none,7,0,0
0,-1,0.1155,Employee,66.51,0.0198,2,False,0.0,False,none,12,0,0
3,10,9.9506,Contractor,1892.97,0.0,14,True,0.3074,True,high,105,5,1
1,37,0.6682,Director,2138.39,0.0831,7,True,0.9889,True,low,32,1,0
0,-1,0.6409,Employee,236.36245133696303,0.0622,9,False,0.0,False,none,6,0,0
4,45,0.5354,Manager,650.14,0.0579,6,False,0.9554,True,low,29,1,0
1,116,0.6466,Director,2068.08,0.1418,402,False,0.7791,True,medium,59,2,1
1,4,0.2229,Director,762.96,0.037,27,True,0.8957,False,none,4,0,0
1,29,0.5477,Manager,609.09,0.0677,3,False,0.9629,True,low,37,1,0
1,4,0.3788,Employee,234.46,0.0633,5,False,0.9322,False,none,13,0,0
1,42,0.7683,Employee,371.840119917421,0.1031,5,False,0.9357,False,none,7,0,0
2,8,0.2876,Employee,109.12,0.0338,0,False,0.9508,False,none,10,0,0
5,53,0.6378,Manager,869.99,0.0984,2,False,0.9985,False,none,1,0,0
2,6,0.3898,Employee,204.32,0.0885,0,True,0.8669,False,none,4,0,0
0,-1,0.0,Director,280.6014478870292,0.0146,4,False,0.0,True,low,23,1,0
3,40,0.5427,Employee,246.86,0.1063,1,True,0.9595,False,none,0,0,0
0,-1,0.5331,Director,1691.5035917321438,0.0833,2,False,0.0,False,none,8,0,0
2,114,0.0,Manager,868.61,0.1112,364,True,0.5057,True,medium,59,5,1
1,39,0.2451,Employee,130.12,0.05,3,True,0.9297,False,none,14,0,0
1,32,0.0,Manager,238.86,0.0331,18,True,0.909,False,none,11,0,0
1,4,0.2786,Employee,91.88,0.0338,0,False,0.9439,False,none,0,0,0
1,9,0.0879,Director,319.1,0.0189,1,False,0.8632,False,none,7,0,0
1,29,0.657,Employee,303.56,0.0949,3,False,0.9313,False,none,6,0,0
1,59,0.0778,Employee,35.94,0.0107,4,True,0.9964,False,none,5,0,0
1,57,0.125,Employee,47.92,0.0159,3,True,0.8718,False,none,13,0,0
0,-1,0.1672,Employee,96.64,0.0272,2,False,0.0,False,none,6,0,0
2,96,0.8655,Employee,583.26,0.2078,493,True,0.6789,True,medium,33,3,1
4,46,0.3465,Manager,402.93,0.0459,2,True,0.9474,False,none,15,0,0
23,1,0.0,Employee,41.16,0.0139,5,False,0.8273,False,none,5,1,1
3,30,0.6787,Executive,2439.7710304785774,0.0493,2,False,0.9831,False,none,12,0,0
2,42,0.2263,Employee,101.23,0.0556,4,False,0.9814,False,none,14,0,0
2,48,0.7958,Director,2552.1942270935374,0.1373,2,False,0.8559,False,none,1,0,0
1,11,0.13,Employee,53.38,0.0165,1,False,0.9134,True,low,43,1,0
3,12,0.5522,Employee,292.16,0.1094,2,False,0.9668,False,none,4,0,0
0,-1,0.0,Employee,390.23,0.1456,4,False,0.0,False,none,2,0,0
1,8,0.421,Manager,454.77,0.052,10,False,0.8637,False,none,2,0,0
0,-1,0.1835,Employee,73.79,0.0296,10,False,0.0,False,none,5,0,0
2,12,0.1628,Employee,90.09,0.0241,3,True,0.9654,False,none,14,0,0
2,49,0.1611,Employee,87.92,0.0361,3,False,0.888,False,none,0,0,0
5,29,0.0379,Employee,16.65,0.0051,0,False,0.8619,False,none,8,0,0
4,42,0.1371,Employee,61.72,0.0234,0,True,0.9024,True,low,46,1,0
1,12,0.7293,Employee,368.7719076676134,0.137,2,False,0.8742,False,none,5,0,0
2,21,0.4083,Manager,390.48,0.0551,2,False,0.9053,True,low,37,1,0
2,22,0.2148,Contractor,39.1,0.0312,4,False,0.9291,False,none,1,0,0
10,5,1.5868,Manager,1700.6,0.2203,1,True,0.6435,True,high,184,4,1
1,47,0.1656,Manager,168.8,0.0168,16,False,0.9448,False,none,7,0,0
2,8,0.0,Executive,422.0017041571547,0.0073,1,False,0.9606,False,none,13,0,0
1,13,0.4423,Employee,229.83,0.0718,16,False,0.9535,True,low,29,1,0
2,47,0.0,Employee,343.8744359382507,0.0975,0,False,0.9353,False,none,6,0,0
2,42,0.9385,Employee,315.3810209581504,0.1141,13,True,0.8704,False,none,10,0,0
2,37,0.1321,Director,359.33,0.0169,3,False,0.9587,False,none,6,0,0
5,10,0.5364,Employee,258.18315548689424,0.1277,0,True,0.8921,False,none,5,0,0
3,46,0.1062,Employee,61.36,0.0181,11,False,0.9787,False,none,2,0,0
1,20,0.1264,Employee,77.56,0.0332,2,False,0.8763,True,low,22,1,0
2,13,0.0,Employee,180.2,0.0684,4,False,0.901,False,none,9,0,0
0,-1,0.1847,Employee,123.96,0.0545,3,False,0.0,False,none,1,0,0
6,44,0.5628,Manager,531.61,0.0,2,False,0.9772,False,none,1,0,0
2,117,0.7641,Manager,835.44,0.0948,287,False,0.5602,True,medium,65,4,1
2,8,0.3395,Manager,277.57,0.0437,4,False,0.8523,False,none,6,0,0
5,37,0.0685,Employee,37.16,0.0087,2,True,0.8867,False,none,10,0,0
2,25,0.0,Contractor,43.1,0.0386,4,False,0.8581,False,none,14,0,0
3,35,0.1494,Employee,102.9,0.0282,8,False,0.8618,False,none,4,0,0
2,101,1.0025,Director,2359.03,0.1352,418,False,0.5695,True,medium,48,3,1
1,43,0.3433,Manager,284.87,0.0286,8,False,0.8995,False,none,15,0,0
3,29,4.6169,Employee,2118.51,0.5738,9,True,0.4028,True,high,303,8,1
7,10,2.4872,Employee,778.56,0.2814,1,True,0.4954,True,medium,90,6,1
2,51,0.283,Employee,154.19,0.0572,5,False,0.997,False,none,7,0,0
1,8,0.2254,Manager,228.09,0.0262,4,False,0.9388,False,none,14,0,0
0,-1,0.4285,Executive,2215.32,0.0428,2,False,0.0,False,none,15,0,0
2,49,0.7359,Contractor,82.85,0.0674,0,True,0.9454,False,none,4,0,0
2,57,0.0662,Employee,35.91,0.0152,2,False,0.8975,False,none,9,0,0
2,38,0.1242,Director,344.64,0.0185,3,False,0.8512,False,none,4,0,0
5,36,0.2596,Contractor,48.89,0.0457,3,False,0.9731,False,none,0,0,0
1,25,0.6536,Manager,557.75,0.0511,3,False,0.9153,False,none,4,0,0
2,56,0.5848,Employee,324.76788905739653,0.1135,9,True,0.9505,True,low,11,1,0
4,24,3.135,Director,13825.63,1.4798,18,True,0.4272,True,high,241,6,1
1,32,0.2207,Employee,125.22,0.0645,19,False,0.977,False,none,13,0,0
4,24,0.0,Employee,139.08,0.0472,2,False,0.867,False,none,4,0,0
1,34,0.5487,Employee,297.4,0.1155,4,False,0.8617,True,low,40,1,0
1,38,0.3405,Manager,427.77,0.0439,3,True,0.8969,False,none,0,0,0
1,52,0.3108,Employee,119.6,0.0519,7,True,0.8942,False,none,9,0,0
1,4,0.1457,Employee,60.61,0.0212,9,False,0.9484,False,none,0,0,0
2,9,0.2108,Contractor,45.06,0.041,0,False,0.9424,False,none,3,0,0
0,-1,0.5144,Director,953.88,0.0377,7,True,0.0,False,none,7,0,0
3,10,0.3172,Manager,291.12,0.0371,1,False,0.9393,False,none,13,0,0
1,47,0.3106,Employee,123.62,0.0347,2,True,0.9763,False,none,3,0,0
4,25,5.3485,Employee,3091.47,0.9485,13,True,0.4652,True,high,103,6,1
2,3,0.1551,Manager,169.7,0.0247,2,False,0.8646,False,none,13,0,0
1,17,0.0251,Manager,29.32,0.004,3,False,0.9482,False,none,7,0,0
2,12,0.1256,Employee,58.08,0.0184,0,True,0.897,True,low,14,1,0
3,16,7.9394,Contractor,1331.8,1.8222,6,True,0.5097,True,high,340,3,1
1,8,0.567,Director,2278.629204563383,0.1378,1,False,0.863,False,none,5,0,0
1,41,0.1984,Manager,164.32,0.0257,5,False,0.918,False,none,10,0,0
1,4,0.2014,Manager,222.16,0.0232,2,False,0.8887,False,none,2,0,0
0,-1,0.496,Director,1839.69,0.1209,24,True,0.0,False,none,6,0,0
2,5,0.1834,Employee,108.08,0.0264,2,False,0.9357,False,none,15,0,0
0,-1,0.3706,Manager,423.37,0.0463,348,False,0.6724,True,medium,91,5,1
3,1,0.3759,Director,1043.71,0.048,8,False,0.9077,False,none,3,0,0
2,41,0.1549,Director,504.21,0.0223,0,False,0.9996,False,none,10,0,0
4,16,6.6586,Employee,3027.58,0.856,14,False,0.6482,True,high,276,8,1
2,13,0.577,Contractor,136.20206062129117,0.1018,7,False,0.8538,False,none,12,0,0
1,1,1.0045,Employee,594.41,0.1729,1,True,0.4224,True,medium,80,5,1
0,-1,0.1398,Manager,157.15,0.0267,0,False,0.0,False,none,7,0,0
0,-1,0.3408,Contractor,77.84,0.0641,6,False,0.0,True,low,18,1,0
29,2,0.036,Manager,33.9,0.0073,4,True,0.8452,False,none,15,1,1
0,-1,0.243,Manager,232.84,0.0263,1,False,0.0,False,none,12,0,0
2,51,0.2423,Executive,1206.0,0.0238,1,True,0.882,False,none,2,0,0
5,11,5.79,Employee,3021.84,0.992,9,True,0.5955,True,high,256,8,1
0,-1,0.122,Employee,80.82,0.0194,4,False,0.0,False,none,9,0,0
1,41,0.2477,Director,743.07,0.033,6,False,0.8906,False,none,5,0,0
4,41,0.4648,Contractor,97.22,0.1547,0,False,0.974,False,none,7,0,0
3,35,0.1601,Executive,848.48,0.0206,6,False,0.9261,False,none,6,0,0
0,-1,0.0503,Employee,31.02,0.0138,0,False,0.0,False,none,1,0,0
1,2,1.3892,Employee,793.07,0.3118,0,True,0.7699,True,medium,57,3,1
0,-1,0.1697,Employee,110.9,0.0426,6,False,0.0,False,none,10,0,0
0,-1,0.155,Employee,81.81,0.0368,3,True,0.0,False,none,2,0,0
2,30,0.2895,Employee,162.38,0.0348,1,False,0.8767,False,none,6,0,0
0,-1,0.2198,Executive,914.12,0.0194,0,True,0.0,False,none,14,0,0
4,51,0.71,Employee,352.77,0.1115,2,False,0.9692,False,none,7,0,0
8,5,1.8096,Director,5527.67,0.2227,0,True,0.692,True,medium,133,3,1
5,58,0.1712,Employee,72.03,0.0261,6,False,0.8508,True,low,40,1,0
0,-1,0.4035,Employee,214.91,0.0938,1,False,0.0,True,low,41,1,0
2,9,0.0,Employee,66.61,0.0157,16,False,0.9038,False,none,0,0,0
0,-1,0.744,Employee,368.01,0.1527,0,True,0.0,False,none,4,0,0
1,41,0.0994,Employee,72.78,0.0233,5,False,0.8502,False,none,10,0,0
5,37,0.1101,Employee,76.74,0.0257,5,False,0.9692,True,low,31,1,0
3,8,0.3396,Contractor,53.26,0.0733,0,False,0.9074,True,low,33,1,0
2,22,0.5986,Employee,276.88,0.0953,7,True,0.8858,False,none,6,0,0
2,28,0.0972,Manager,116.87,0.0266,4,True,0.8916,False,none,15,0,0
1,58,0.2641,Director,778.44,0.0365,5,False,0.8938,False,none,2,0,0
0,-1,0.0863,Director,233.35,0.0152,10,False,0.0,True,low,20,1,0
1,41,0.2653,Manager,170.13,0.0292,8,False,0.8534,False,none,4,0,0
2,2,0.3246,Employee,225.73,0.0727,4,False,0.9808,False,none,10,0,0
1,45,0.2404,Employee,77.01,0.0198,6,False,0.9295,False,none,4,0,0
4,19,0.7045,Employee,326.7975483413473,0.076,0,True,0.9655,False,none,14,0,0
1,12,0.0725,Manager,84.96,0.0103,2,False,0.9759,False,none,4,0,0
4,24,0.4103,Employee,172.2,0.0676,3,False,0.8777,True,low,30,1,0
1,8,0.1398,Employee,85.22,0.0261,10,False,0.9881,False,none,4,0,0
5,33,0.0335,Director,118.7,0.0055,0,False,0.8997,False,none,9,0,0
2,47,0.2957,Manager,260.82,0.0279,4,False,0.986,False,none,15,0,0
1,54,0.7209,Employee,283.31985331348,0.0991,0,False,0.8831,False,none,6,0,0
5,35,0.0668,Employee,36.23,0.0111,2,False,0.9774,False,none,12,0,0
1,24,0.3924,Employee,237.95,0.0785,4,False,0.9096,False,none,12,0,0
2,6,0.454,Employee,168.52,0.0531,5,False,0.8824,False,none,13,0,0
1,58,0.1796,Employee,78.78,0.0269,1,False,0.9121,False,none,4,0,0
3,38,0.4227,Employee,188.59,0.0646,3,True,0.9634,False,none,8,0,0
3,12,0.5753,Employee,143.91413336529442,0.0358,0,False,0.9748,False,none,9,0,0
0,-1,0.1429,Employee,101.52,0.0302,0,True,0.0,False,none,15,0,0
3,25,2.7133,Manager,3158.83,0.5872,7,False,0.4905,True,high,211,7,1
1,33,0.3254,Manager,333.15,0.0391,4,True,0.9599,False,none,1,0,0
23,1,0.1117,Employee,68.73,0.0179,2,True,0.6875,False,none,2,3,1
1,35,0.2391,Manager,224.69,0.0586,0,False,0.8984,False,none,9,0,0
2,10,0.4561,Manager,450.21,0.0551,1,False,0.8519,False,none,15,0,0
1,54,0.0868,Director,292.71,0.0121,1,False,0.8783,False,none,3,0,0
4,23,0.1188,Director,544.87,0.022,2,False,0.8967,False,none,10,0,0
2,45,0.4205,Employee,223.82,0.0755,4,False,0.8714,False,none,4,0,0
1,31,0.4913,Employee,219.42,0.0673,5,True,0.9636,False,none,1,0,0
2,7,0.0,Director,252.82490910963207,0.0133,28,False,0.9674,False,none,6,0,0
2,38,0.1247,Employee,67.34,0.0269,11,True,0.9022,False,none,7,0,0
2,46,0.1249,Contractor,23.56,0.0185,4,False,0.8787,False,none,0,0,0
1,24,0.8893,Contractor,135.86973389639775,0.1291,6,True,0.9547,False,none,3,0,0
2,8,0.3623,Employee,131.94,0.0444,5,False,0.9642,False,none,4,0,0
1,32,0.4076,Employee,259.9,0.0815,1,False,0.8674,False,none,9,0,0
2,28,0.0713,Director,276.72,0.0102,3,True,0.8783,False,none,15,0,0
0,-1,0.0,Employee,72.54,0.0202,4,False,0.0,False,none,2,0,0
2,20,2.9853,Employee,1226.61,0.414,11,False,0.2614,True,high,285,6,1
2,52,0.4074,Manager,476.91,0.0419,9,False,0.9466,False,none,12,0,0
5,32,0.5672,Employee,141.18656707257603,0.0396,0,False,0.9246,False,none,3,0,0
3,39,0.1874,Director,468.76,0.0269,0,True,0.9519,False,none,3,0,0
1,19,0.4111,Manager,323.46,0.0576,8,False,0.9493,False,none,10,0,0
1,57,0.0,Employee,243.21,0.0668,0,False,0.9872,False,none,12,0,0
4,57,0.9287,Contractor,181.7442261119216,0.1515,10,False,0.9559,False,none,12,0,0
1,37,0.3739,Employee,215.15,0.0759,9,False,0.9205,False,none,1,0,0
2,19,0.3978,Employee,280.43,0.0935,1,True,0.8981,True,low,33,1,0
4,7,0.0,Manager,308.28,0.0458,16,False,0.9142,False,none,1,0,0
3,5,0.2338,Employee,119.5,0.0496,3,True,0.9803,False,none,10,0,0
5,1,2.1878,Manager,1887.08,0.3662,1,True,0.6352,True,high,196,5,1
1,22,0.0837,Employee,48.24,0.0179,7,False,0.9245,False,none,5,0,0
3,51,0.4411,Employee,210.16,0.061,2,False,0.8613,False,none,8,0,0
37,2,0.0044,Executive,23.26,0.0005,2,True,0.7699,False,none,15,3,1
3,20,0.2442,Employee,104.31,0.0369,9,False,0.9149,False,none,12,0,0
3,41,0.3959,Employee,214.1,0.0643,5,False,0.9555,False,none,6,0,0
3,52,0.3678,Director,921.2,0.0583,15,False,0.9422,False,none,1,0,0
3,20,0.4348,Employee,269.28,0.1199,6,False,0.9766,False,none,2,0,0
2,44,0.5883,Director,1973.378861466496,0.0844,0,False,0.9402,False,none,6,0,0
7,1,1.454,Manager,1394.79,0.1281,0,True,0.4637,True,medium,116,2,1
1,47,0.1898,Employee,114.82,0.0358,6,True,0.9229,False,none,2,0,0
2,43,0.5559,Employee,416.11,0.1317,9,True,0.9486,False,none,4,0,0
3,38,0.7209,Employee,349.51,0.0937,2,False,0.9925,False,none,2,0,0
2,25,0.0976,Employee,49.52,0.0159,7,False,0.9709,False,none,6,0,0
2,63,0.6382,Employee,369.7,0.1549,431,False,0.7099,True,medium,70,2,1
1,10,0.2844,Employee,142.87,0.0503,3,False,0.9044,False,none,0,0,0
2,4,0.0,Director,469.70886333833096,0.0225,20,False,0.9536,False,none,12,0,0
3,56,0.2845,Executive,1377.67,0.0286,7,False,0.8855,True,low,35,1,0
1,20,0.1228,Director,405.89,0.0225,6,False,0.8816,False,none,10,0,0
4,53,0.2467,Manager,336.92,0.0706,0,False,0.9669,False,none,10,0,0
0,-1,0.1829,Director,508.09,0.0348,0,False,0.0,False,none,10,0,0
1,51,0.3108,Contractor,68.63,0.0645,3,True,0.9462,False,none,9,0,0
0,-1,1.0333,Contractor,155.67941652114064,0.2217,0,False,0.0,False,none,13,0,0
2,44,0.1796,Employee,104.33,0.0355,5,False,0.939,False,none,2,0,0
4,15,0.2062,Employee,126.56,0.042,3,True,0.8531,False,none,7,0,0
1,26,0.147,Executive,956.3,0.0181,2,False,0.9427,False,none,11,0,0
2,60,0.0,Employee,96.38,0.0284,1,False,0.9181,False,none,6,0,0
3,9,0.0862,Director,218.23,0.0129,3,False,0.9147,False,none,9,0,0
1,17,0.2136,Employee,116.87,0.0455,1,False,0.8853,False,none,14,0,0
4,7,2.0712,Employee,819.66,0.3569,1,True,0.6944,True,high,74,2,1
0,-1,0.166,Contractor,29.55,0.0278,0,False,0.0,False,none,1,0,0
0,-1,0.8852,Employee,458.62,0.1213,466,True,0.6741,True,medium,51,4,1
0,-1,0.2697,Director,742.38,0.0353,3,False,0.0,False,none,3,0,0
2,24,0.1401,Executive,677.58,0.013,0,False,0.9889,False,none,8,0,0
2,10,0.5678,Employee,226.22,0.0918,6,False,0.9334,False,none,14,0,0
0,-1,0.7847,Employee,314.35,0.0967,419,False,0.5348,True,medium,35,5,1
0,-1,0.0701,Executive,357.36,0.0096,1,False,0.0,False,none,11,0,0
2,117,0.7802,Director,2161.39,0.1108,479,True,0.6751,True,medium,97,2,1
3,7,0.4876,Employee,186.06,0.0674,4,True,0.9831,False,none,3,0,0
1,6,0.4059,Employee,187.51,0.0669,2,False,0.919,False,none,8,0,0
1,21,0.082,Contractor,19.22,0.0159,4,False,0.9921,False,none,4,0,0
1,5,0.2635,Contractor,48.03,0.0388,5,False,0.9321,True,low,26,1,0
2,11,0.624,Executive,2909.7,0.044,3,False,0.9083,False,none,4,0,0
2,98,1.1834,Employee,529.61,0.1607,247,False,0.6997,True,medium,95,4,1
2,6,0.3414,Employee,132.9,0.0478,0,False,0.9635,False,none,13,0,0
0,-1,0.3279,Contractor,59.66,0.0708,1,False,0.0,False,none,15,0,0
3,52,0.5436,Manager,520.1117735040243,0.0611,0,True,0.9216,False,none,9,0,0
4,3,0.5421,Employee,257.6978326772114,0.0768,0,False,0.927,False,none,14,0,0
3,33,0.0907,Employee,39.44,0.0138,2,False,0.8524,False,none,5,0,0
4,47,0.0524,Contractor,10.35,0.0093,2,False,0.9182,False,none,8,0,0
6,39,0.543,Director,1576.2418113083959,0.0855,0,False,0.8889,False,none,0,0,0
10,8,1.4878,Employee,992.22,0.4076,1,True,0.6474,True,high,127,5,1
2,25,8.9426,Employee,4183.32,1.1022,9,True,0.4179,True,high,319,8,1
1,2,0.2315,Employee,83.2,0.0248,1,False,0.8675,False,none,14,0,0
3,37,0.1514,Employee,73.94,0.0185,2,False,0.9744,False,none,3,0,0
0,-1,0.4752,Manager,229.22,0.0302,0,False,0.0,False,none,9,0,0
4,1,0.9615,Employee,573.09,0.1749,0,True,0.5688,True,high,66,6,1
4,42,0.8425,Manager,871.5074640192519,0.096,5,False,0.902,True,low,28,1,0
3,44,0.4368,Employee,203.15,0.0801,10,False,0.9009,False,none,14,0,0
1,111,0.6189,Employee,385.57,0.1261,262,True,0.5847,True,medium,91,2,1
8,5,1.2176,Employee,568.77,0.1769,0,True,0.4838,True,medium,141,2,1
1,3,0.992,Employee,471.02020344559486,0.1477,1,False,0.971,False,none,7,0,0
0,-1,1.0427,Employee,511.68,0.1791,465,False,0.7689,True,medium,36,2,1
4,7,0.561,Employee,290.9641525264099,0.1136,0,False,0.9672,False,none,3,0,0
2,59,0.4381,Contractor,76.96,0.0717,2,False,0.9042,False,none,15,0,0
4,55,0.5169,Contractor,64.31,0.0601,5,False,0.8803,False,none,0,0,0
2,24,0.5469,Director,2087.7297705544156,0.0786,8,False,0.9573,False,none,7,0,0
1,27,0.2082,Manager,161.43,0.0146,4,False,0.9877,False,none,11,0,0
2,5,0.2712,Employee,150.55,0.0522,3,False,0.8627,False,none,5,0,0
0,-1,0.0,Employee,241.8,0.0692,4,False,0.0,False,none,9,0,0
0,-1,0.8969,Director,2565.553422762498,0.1311,17,False,0.0,False,none,8,0,0
1,57,0.1874,Manager,276.94,0.0322,0,False,0.9317,False,none,11,0,0
1,3,0.6658,Manager,453.353794026092,0.0628,7,False,0.9306,False,none,4,0,0
1,22,0.6717,Employee,343.81017220122476,0.1325,0,True,0.9636,True,low,44,1,0
2,8,0.1003,Employee,48.02,0.0112,0,False,0.9598,False,none,11,0,0
29,1,0.1749,Manager,147.61,0.0195,5,False,0.7697,False,none,17,3,1
3,37,0.4531,Employee,298.99,0.0859,1,False,0.9509,False,none,7,0,0
2,3,2.08,Employee,745.44,0.2115,1,True,0.7314,True,medium,65,2,1
3,26,0.1366,Employee,80.99,0.0187,0,False,0.9382,False,none,8,0,0
1,47,0.545,Manager,410.93,0.0525,5,False,0.996,False,none,4,0,0
5,45,0.3493,Employee,178.98,0.0522,0,False,0.8819,False,none,11,0,0
4,19,0.2266,Employee,90.41,0.0376,7,True,0.856,False,none,11,0,0
2,4,0.3032,Employee,104.99,0.036,20,False,0.9905,False,none,5,0,0
2,27,0.2297,Employee,117.46,0.0425,4,False,0.9222,False,none,10,0,0
2,33,0.4727,Employee,298.36,0.1041,13,False,0.9455,False,none,4,0,0
2,15,0.7253,Employee,368.4357563170841,0.1574,6,False,0.985,True,low,38,1,0
1,51,0.2412,Manager,269.9,0.0383,1,False,0.9657,False,none,2,0,0
2,13,0.1993,Manager,202.2,0.0203,14,False,0.9626,True,low,44,1,0
3,57,0.2167,Contractor,37.48,0.048,0,True,0.9369,False,none,10,0,0
1,27,0.0515,Contractor,13.23,0.0139,2,False,0.8536,False,none,2,0,0
0,-1,1.1103,Contractor,227.37,0.2605,258,False,0.7856,True,medium,37,3,1
2,21,0.0,Employee,357.2334205892284,0.0992,5,False,0.8714,False,none,3,0,0
2,5,1.7707,Employee,764.77,0.2701,0,True,0.5273,True,high,173,2,1
22,2,0.0982,Manager,101.22,0.0,1,False,0.722,False,none,20,1,1
5,16,0.0345,Manager,34.23,0.0042,3,False,0.9306,False,none,14,0,0
4,18,2.5041,Director,8095.73,0.4126,13,False,0.6996,True,high,154,8,1
2,20,0.0,Employee,182.26,0.0677,3,False,0.8635,False,none,8,0,0
1,22,0.3816,Employee,228.58,0.0797,17,False,0.9453,False,none,8,0,0
2,2,0.3629,Executive,1641.03,0.0523,1,True,0.9871,False,none,15,0,0
7,9,1.5782,Contractor,290.83,0.3398,0,True,0.7149,True,medium,57,6,1
2,25,0.156,Director,609.27,0.0346,22,False,0.9741,False,none,0,0,0
39,1,0.2868,Employee,105.28,0.0,5,False,0.627,False,none,20,3,1
2,18,0.6629,Manager,654.8,0.0835,0,False,0.9239,False,none,0,0,0
2,32,0.3444,Director,832.25,0.0348,7,True,0.8756,False,none,5,0,0
3,16,9.1075,Employee,3544.7,1.2206,5,False,0.5403,True,high,100,6,1
3,28,1.0163,Manager,1206.674760230995,0.2291,4,False,0.9767,False,none,14,0,0
2,59,0.0,Employee,236.89,0.1982,4,False,0.913,True,low,22,1,0
0,-1,0.4082,Director,983.21,0.061,0,False,0.0,False,none,7,0,0
1,28,0.035,Employee,15.29,0.0046,0,False,0.9712,False,none,10,0,0
0,-1,0.6102,Employee,295.36,0.0907,8,False,0.0,False,none,7,0,0
1,38,0.2973,Manager,306.0,0.0409,5,False,0.8687,False,none,12,0,0
3,29,0.0416,Director,132.8,0.0104,4,False,0.8582,False,none,3,0,0
4,49,0.076,Employee,44.42,0.0141,7,False,0.9117,False,none,0,0,0
4,42,0.1649,Employee,75.92,0.0327,8,False,0.9906,False,none,10,0,0
1,54,0.0,Employee,81.7,0.0441,0,False,0.879,False,none,8,0,0
4,3,0.5757,Employee,246.33995766936425,0.0795,4,False,0.8591,False,none,11,0,0
0,-1,0.1468,Director,461.07,0.0191,3,False,0.0,False,none,0,0,0
3,36,0.1856,Manager,238.49,0.0249,2,False,0.9788,False,none,6,0,0
2,45,0.7616,Employee,237.06075380588422,0.0897,0,False,0.9973,False,none,10,0,0
2,3,0.1071,Employee,56.47,0.0275,1,False,0.9244,False,none,7,0,0
2,52,0.514,Employee,189.12,0.1096,4,False,0.961,False,none,0,0,0
0,-1,0.0,Contractor,74.0,0.0733,4,True,0.0,False,none,11,0,0
2,71,1.0668,Contractor,187.33,0.2243,353,True,0.5536,True,medium,52,2,1
1,51,0.0,Director,354.2037584266739,0.0182,15,False,0.9828,False,none,14,0,0
1,40,0.1039,Director,386.96,0.0279,1,False,0.9822,True,low,19,1,0
1,21,0.1647,Employee,84.42,0.0212,2,False,0.9399,False,none,1,0,0
1,16,0.2932,Employee,128.14,0.0373,7,False,0.858,False,none,15,0,0
2,33,0.3599,Contractor,65.29,0.064,0,False,0.9082,False,none,11,0,0
2,46,0.882,Employee,289.1858396659572,0.118,2,False,0.9934,False,none,1,0,0
3,28,0.6202,Director,2143.5824047048914,0.0903,12,False,0.9833,False,none,11,0,0
2,15,0.0726,Contractor,15.89,0.0182,10,False,0.9376,False,none,13,0,0
1,2,0.6189,Employee,340.6,0.0817,1,False,0.8769,False,none,11,0,0
1,18,0.5013,Employee,152.11,0.0516,3,True,0.989,True,low,12,1,0
0,-1,0.7275,Employee,265.96,0.082,7,False,0.0,False,none,6,0,0
4,59,0.3431,Executive,1918.2,0.0338,0,False,0.8892,False,none,11,0,0
1,31,0.4295,Employee,179.33,0.0691,3,False,0.9481,False,none,12,0,0
0,-1,0.186,Manager,201.03,0.0297,0,False,0.0,False,none,14,0,0
1,27,0.6409,Contractor,139.42,0.1373,5,False,0.8814,False,none,11,0,0
6,6,1.2603,Director,3899.84,0.1884,0,True,0.5677,True,high,126,6,1
1,22,0.2088,Contractor,43.42,0.0494,14,False,0.9352,False,none,12,0,0
2,7,0.1488,Employee,91.1,0.0283,2,False,0.8993,False,none,9,0,0
1,3,1.3587,Employee,725.32,0.2272,0,True,0.4278,True,high,102,4,1
0,-1,0.7545,Manager,869.65,0.0986,5,True,0.0,False,none,13,0,0
3,25,0.2241,Executive,1416.44,0.0318,0,False,0.9933,False,none,6,0,0
2,20,0.4468,Director,1056.55,0.1056,17,False,0.9381,False,none,8,0,0
3,16,0.0453,Executive,254.31,0.0055,1,False,0.9289,False,none,14,0,0
4,23,0.2735,Contractor,46.37,0.0501,0,False,0.955,False,none,5,0,0
1,43,0.4484,Employee,229.08,0.0637,9,False,0.8775,False,none,1,0,0
0,-1,0.1087,Director,303.94,0.0138,12,False,0.0,False,none,6,0,0
0,-1,0.4949,Employee,258.48,0.0776,9,False,0.0,False,none,10,0,0
2,41,0.2425,Employee,74.29,0.0292,1,False,0.9542,False,none,12,0,0
0,-1,0.0,Employee,376.29,0.123,0,False,0.0,False,none,15,0,0
1,31,0.3568,Contractor,75.59,0.0603,4,False,0.9731,False,none,0,0,0
2,43,0.5926,Employee,340.5999016780088,0.0887,0,False,0.9645,False,none,11,0,0
3,4,0.1427,Manager,157.59,0.0183,0,False,0.9755,False,none,3,0,0
4,50,0.787,Employee,418.92,0.0,6,False,0.8803,False,none,6,0,0
1,17,7.5997,Employee,3449.37,0.9987,8,True,0.562,True,high,206,3,1
1,60,0.16,Director,346.12,0.0143,1,False,0.9313,False,none,6,0,0
27,0,0.0,Employee,74.23,0.0234,0,False,0.6835,False,none,11,3,1
2,9,1.1611,Director,4085.25,0.2047,0,True,0.5008,True,medium,133,6,1
1,22,0.8815,Manager,815.707287879682,0.1019,5,False,0.8763,False,none,15,0,0
1,17,6.2756,Contractor,1107.19,1.219,5,True,0.3544,True,high,209,8,1
3,10,0.1345,Manager,157.53,0.0147,1,False,0.9064,False,none,14,0,0
2,34,0.0516,Employee,31.38,0.0089,11,False,0.9688,False,none,0,0,0
3,59,0.2724,Manager,288.42,0.0423,1,False,0.9498,False,none,7,0,0
1,56,0.1317,Employee,72.27,0.025,0,False,0.9237,True,low,19,1,0
4,14,0.9374,Employee,361.4943295798078,0.1087,0,True,0.8854,False,none,9,0,0
3,37,0.3673,Employee,137.31,0.0383,5,False,0.9172,False,none,15,0,0
7,9,1.3627,Executive,7825.02,0.1794,1,True,0.7041,True,high,147,2,1
2,36,0.5896,Contractor,110.76,0.1158,1,False,0.959,False,none,14,0,0
3,13,0.2577,Employee,138.41,0.0413,1,True,0.8732,True,low,42,1,0
1,48,0.097,Employee,47.93,0.0124,1,False,0.906,False,none,2,0,0
0,-1,0.1863,Contractor,29.29,0.0218,12,True,0.0,False,none,8,0,0
2,24,0.1821,Manager,190.05,0.0205,5,False,0.9545,False,none,7,0,0
2,45,0.1443,Contractor,37.23,0.0371,0,True,0.9499,False,none,4,0,0
2,50,0.5068,Manager,476.46136251026394,0.0779,1,False,0.8638,False,none,2,0,0
4,20,0.2866,Employee,149.29,0.062,2,False,0.9251,False,none,9,0,0
3,37,0.3034,Manager,351.0,0.05,8,False,0.9665,False,none,6,0,0
3,1,0.4938,Employee,314.76,0.112,0,False,0.8645,False,none,13,0,0
2,13,0.4243,Manager,443.72,0.0596,3,False,0.923,False,none,6,0,0
2,58,0.2435,Contractor,62.74,0.0699,2,False,0.9807,False,none,3,0,0
3,22,0.6522,Employee,305.9136565546172,0.1121,1,False,0.8544,False,none,3,0,0
18,0,0.1474,Employee,83.13,0.0376,0,False,0.756,False,none,15,2,1
3,21,0.5166,Employee,242.43,0.0652,4,False,0.9725,False,none,12,0,0
4,56,0.0338,Executive,155.61,0.0052,4,False,0.9547,False,none,4,0,0
5,25,5.2632,Employee,1898.58,0.6373,18,True,0.2016,True,high,345,8,1
4,48,0.3634,Employee,122.95,0.043,2,False,0.8988,False,none,12,0,0
2,31,0.1403,Manager,157.9,0.0188,0,False,0.998,False,none,12,0,0
1,55,0.157,Employee,89.77,0.0309,20,True,0.9575,False,none,2,0,0
1,29,0.4841,Manager,645.37,0.1071,16,False,0.9933,False,none,7,0,0
4,46,0.5286,Manager,579.41,0.0918,2,False,0.8544,False,none,12,0,0
2,8,0.2123,Employee,85.72,0.0221,1,False,0.9498,False,none,15,0,0
35,1,0.0883,Manager,62.78,0.0087,5,False,0.8175,False,none,20,3,1
1,19,0.6425,Executive,3159.363817439707,0.0603,7,True,0.8632,False,none,6,0,0
2,37,0.2996,Employee,165.6,0.0611,7,False,0.9605,False,none,6,0,0
4,51,0.2954,Executive,1359.37,0.0218,13,False,0.8689,False,none,3,0,0
3,54,0.416,Employee,232.47,0.0706,15,False,0.8828,False,none,9,0,0
1,92,0.6392,Manager,944.57,0.0955,243,False,0.7991,True,medium,57,5,1
0,-1,0.4441,Manager,454.04,0.0472,3,False,0.0,False,none,7,0,0
3,26,0.3609,Contractor,71.01,0.142,5,False,0.8949,False,none,5,0,0
1,49,0.3024,Employee,136.43,0.0443,16,True,0.9087,False,none,9,0,0
5,49,0.1196,Employee,50.33,0.0167,0,False,0.9687,True,low,29,1,0
0,-1,0.6601,Employee,376.35274176978504,0.0896,2,True,0.0,False,none,6,0,0
0,-1,0.3675,Contractor,82.09,0.0887,4,False,0.0,False,none,13,0,0
2,4,0.2156,Employee,93.56,0.0252,6,False,0.8676,False,none,13,0,0
1,32,0.243,Manager,255.65,0.0265,7,False,0.8954,False,none,12,0,0
5,53,0.1732,Executive,687.72,0.0137,9,False,0.9475,False,none,11,0,0
5,28,2.6727,Employee,461.04,0.1837,20,False,0.5469,True,high,303,3,1
2,9,0.1842,Employee,114.36,0.0384,1,True,0.8649,False,none,5,0,0
1,34,0.7788,Manager,960.55,0.1217,1,False,0.9233,False,none,3,0,0
1,45,0.2723,Employee,133.03,0.0421,1,False,0.877,False,none,3,0,0
0,-1,1.5614,Employee,583.35,0.136,223,True,0.6518,True,medium,99,4,1
1,34,0.3261,Executive,1385.56,0.0469,3,False,0.9857,False,none,4,0,0
1,35,0.4701,Manager,505.55,0.0742,2,False,0.9266,False,none,1,0,0
1,39,0.1142,Employee,49.38,0.0134,9,False,0.9328,False,none,13,0,0
8,2,1.345,Employee,712.84,0.2239,1,True,0.6706,True,medium,102,6,1
5,30,7.8583,Manager,9933.59,1.5049,10,False,0.6108,True,high,301,5,1
1,8,0.2348,Contractor,52.86,0.056,1,False,0.9526,False,none,2,0,0
2,1,0.2656,Employee,127.94,0.0375,5,False,0.8647,False,none,3,0,0
1,52,0.338,Employee,156.19,0.0506,1,False,0.9234,False,none,9,0,0
1,25,0.137,Manager,177.83,0.0175,0,False,0.8771,False,none,12,0,0
4,9,0.0,Employee,74.08,0.0257,0,False,0.8714,False,none,11,0,0
4,23,0.2941,Employee,155.78,0.0481,0,False,0.9698,False,none,13,0,0
1,6,0.562,Manager,418.31,0.0605,1,False,0.9921,False,none,2,0,0
2,6,0.3273,Contractor,56.47,0.0774,0,False,0.9615,False,none,0,0,0
0,-1,0.2979,Employee,98.78,0.032,9,False,0.0,False,none,3,0,0
1,45,0.0686,Manager,110.85,0.0109,4,False,0.9301,False,none,1,0,0
1,15,0.2369,Executive,1239.79,0.0265,8,False,0.8762,False,none,11,0,0
3,59,0.5623,Employee,242.82667414452817,0.0678,1,False,0.9519,False,none,3,0,0
0,-1,0.1675,Employee,106.79,0.0,6,False,0.0,False,none,1,0,0
1,30,0.2373,Director,783.08,0.034,14,False,0.8993,True,low,21,1,0
1,58,0.2277,Contractor,38.05,0.0503,2,True,0.8731,False,none,4,0,0
1,58,0.1812,Employee,88.36,0.0237,2,False,0.8773,False,none,14,0,0
1,57,0.5032,Employee,199.8993134131804,0.072,0,True,0.9806,False,none,1,0,0
3,13,9.6128,Employee,5698.72,2.3144,18,False,0.4751,True,high,282,8,1
3,2,0.8878,Manager,941.69,0.0929,0,True,0.7171,True,medium,138,3,1
6,39,0.2094,Manager,214.13,0.0229,3,False,0.9606,False,none,15,0,0
1,18,4.371,Employee,1691.12,0.4805,12,False,0.2992,True,high,300,8,1
2,38,0.3456,Manager,401.56,0.065,3,True,0.9443,False,none,12,0,0
1,22,3.182,Executive,14312.34,0.3585,18,False,0.5501,True,high,156,4,1
2,18,0.6674,Employee,330.2721652822028,0.1158,0,False,0.9045,False,none,7,0,0
4,14,0.0,Contractor,51.79,0.0439,1,False,0.8928,False,none,13,0,0
1,1,0.5533,Director,1722.352237953274,0.1194,3,False,0.9524,False,none,11,0,0
3,42,0.123,Employee,83.0,0.0229,7,False,0.8914,True,low,16,1,0
4,13,3.947,Manager,2893.43,0.4429,7,False,0.3507,True,high,294,6,1
3,17,0.0,Manager,401.3863125494932,0.0442,2,False,0.9837,False,none,11,0,0
3,27,0.3695,Employee,192.07,0.0656,6,False,0.9286,False,none,5,0,0
2,51,0.139,Manager,167.71,0.0243,2,True,0.9959,False,none,15,0,0
3,25,0.1147,Director,149.38,0.0069,1,False,0.9344,False,none,6,0,0
1,51,0.4458,Employee,235.69,0.0809,4,False,0.9269,False,none,8,0,0
1,3,0.3732,Employee,247.62,0.0515,1,False,0.93,False,none,8,0,0
0,-1,0.1815,Employee,88.65,0.0265,6,False,0.0,False,none,0,0,0
2,57,1.0205,Manager,1010.5411965122131,0.1106,1,False,0.9324,False,none,9,0,0
3,18,0.6206,Contractor,79.54543786756201,0.0852,1,False,0.8765,False,none,3,0,0
1,39,0.5056,Manager,376.77,0.0466,3,False,0.9326,False,none,8,0,0
2,47,0.0549,Manager,55.7,0.0078,3,False,0.9589,False,none,2,0,0
2,47,0.0593,Employee,41.73,0.0144,0,False,0.8771,False,none,5,0,0
3,30,0.0887,Manager,111.59,0.0139,6,False,0.9864,False,none,4,0,0
1,53,0.4933,Director,1851.2,0.0884,1,False,0.852,False,none,4,0,0
2,1,0.5074,Contractor,145.83538169629267,0.1691,2,True,0.9936,False,none,10,0,0
3,53,0.6564,Contractor,141.35,0.1213,2,False,0.8745,False,none,1,0,0
1,35,0.2314,Employee,125.63,0.0359,10,False,0.8945,False,none,4,0,0
2,78,0.5446,Employee,287.85,0.1268,295,False,0.706,True,medium,92,2,1
2,40,0.2352,Employee,134.27,0.0446,2,False,0.9001,False,none,2,0,0
4,44,0.2782,Manager,254.65,0.0277,1,False,0.9138,False,none,9,0,0
5,52,0.6393,Employee,244.27,0.0852,4,False,0.986,False,none,4,0,0
0,-1,0.5199,Employee,179.08,0.0914,6,False,0.0,False,none,3,0,0
1,12,0.4371,Executive,2223.31,0.0486,4,False,0.9651,False,none,15,0,0
2,42,0.1692,Employee,85.29,0.0447,2,False,0.9882,False,none,15,0,0
3,37,0.6254,Director,1833.02,0.0985,3,False,0.9665,False,none,2,0,0
6,9,0.6805,Contractor,105.56,0.0,3,True,0.9881,False,none,4,0,0
2,16,0.1093,Employee,67.65,0.0215,1,False,0.8816,False,none,3,0,0
2,24,0.099,Manager,111.82,0.014,2,True,0.8581,False,none,15,0,0
0,-1,0.0,Director,271.72315543433723,0.0219,1,True,0.0,False,none,13,0,0
1,86,1.1348,Employee,461.04,0.1767,352,False,0.7344,True,medium,66,2,1
1,22,6.2747,Contractor,1242.28,1.4894,18,False,0.4771,True,high,335,5,1
4,6,0.205,Employee,114.55,0.0337,9,False,0.9282,False,none,6,0,0
2,39,0.1868,Contractor,38.39,0.0421,0,False,0.9763,False,none,10,0,0
2,28,0.3822,Employee,174.85,0.0481,0,True,0.8792,True,low,48,1,0
3,14,0.0944,Employee,58.52,0.0168,8,False,0.9396,False,none,6,0,0
1,37,0.4053,Contractor,66.97,0.0671,2,False,0.998,True,low,15,1,0
0,-1,0.3187,Contractor,100.94,0.0668,7,True,0.0,False,none,11,0,0
1,7,0.1647,Manager,135.66,0.0132,2,False,0.9253,True,low,34,1,0
2,6,0.0,Director,437.6528449531958,0.0246,0,True,0.9828,False,none,6,0,0
2,34,0.1543,Manager,209.92,0.0251,4,False,0.9988,False,none,10,0,0
1,3,0.1554,Employee,71.97,0.023,1,False,0.9836,False,none,6,0,0
1,7,0.7045,Manager,948.46,0.1242,9,True,0.9707,False,none,2,0,0
4,37,0.2772,Employee,115.12,0.0324,8,True,0.9045,False,none,14,0,0
0,-1,0.3512,Employee,157.67,0.0661,3,True,0.0,False,none,15,0,0
5,29,5.8062,Director,16807.94,0.7782,15,False,0.2417,True,high,229,6,1
1,4,0.3532,Director,1135.88,0.0516,3,False,0.9612,False,none,0,0,0
2,15,0.4364,Employee,196.08,0.0738,8,False,0.9082,True,low,39,1,0
2,7,0.4215,Employee,229.48,0.0845,5,False,0.9876,False,none,6,0,0
3,48,0.3002,Contractor,82.08,0.0569,2,False,0.9214,True,low,19,1,0
1,50,0.5677,Employee,326.45,0.0962,11,False,0.907,False,none,13,0,0
1,28,0.5105,Employee,254.56,0.0799,10,False,0.8905,True,low,14,1,0
1,14,0.2559,Contractor,41.3,0.0463,0,False,0.9504,False,none,2,0,0
2,27,0.1073,Employee,37.72,0.0112,11,False,0.9222,False,none,13,0,0
1,39,0.9027,Manager,764.57,0.0,0,False,0.8798,False,none,4,0,0
3,21,0.0846,Executive,515.19,0.0116,9,False,0.8521,False,none,15,0,0
0,-1,0.1093,Employee,62.56,0.0171,2,True,0.0,False,none,4,0,0
4,13,0.4596,Manager,515.71,0.1104,8,False,0.913,False,none,12,0,0
2,24,0.0963,Employee,37.74,0.0112,3,True,0.9721,False,none,3,0,0
3,35,0.3942,Manager,553.0,0.0621,2,False,0.9139,False,none,5,0,0
1,19,0.1706,Employee,68.56,0.0269,8,False,0.9768,False,none,9,0,0
0,-1,0.1764,Director,730.88,0.0513,16,False,0.0,True,low,11,1,0
2,7,1.01,Employee,438.69010572571045,0.1517,0,False,0.945,False,none,9,0,0
4,55,0.3052,Employee,172.57,0.0565,24,True,0.9204,False,none,14,0,0
2,24,0.2128,Director,515.2,0.038,0,False,0.9673,False,none,8,0,0
1,59,0.1078,Director,402.61,0.0209,1,True,0.9122,False,none,11,0,0
0,-1,0.5937,Employee,238.90067516940704,0.0856,10,False,0.0,False,none,12,0,0
3,9,0.0974,Manager,76.88,0.0089,2,False,0.9909,False,none,12,0,0
5,33,0.0192,Employee,8.54,0.0025,3,False,0.8678,False,none,8,0,0
1,1,0.0911,Employee,40.65,0.0115,16,False,0.9443,True,low,44,1,0
1,30,0.2899,Contractor,47.48,0.0543,0,False,0.9452,False,none,7,0,0
2,50,0.9281,Employee,446.4,0.2124,1,True,0.8891,True,low,19,1,0
3,39,0.3025,Manager,284.15,0.0455,3,True,0.8684,False,none,5,0,0
2,8,1.2327,Employee,671.35,0.2229,0,True,0.5655,True,high,103,2,1
2,12,0.1148,Employee,63.57,0.0187,3,False,0.8948,False,none,1,0,0
20,2,0.2475,Employee,113.84,0.0478,0,True,0.6089,False,none,16,1,1
2,21,0.2879,Employee,112.9,0.035,1,True,0.8708,False,none,4,0,0
3,19,0.1244,Employee,46.04,0.0126,11,False,0.9201,False,none,12,0,0
3,26,0.1867,Employee,58.0,0.0182,4,False,0.8654,False,none,5,0,0
1,48,0.2351,Executive,1082.3,0.0183,1,False,0.8908,False,none,12,0,0
3,11,0.2008,Employee,85.04,0.0241,1,False,0.9834,False,none,13,0,0
4,2,0.1936,Director,655.52,0.0408,3,False,0.8672,False,none,5,0,0
0,-1,0.148,Contractor,20.97,0.0229,1,True,0.0,False,none,0,0,0
3,5,0.3452,Employee,199.99,0.0615,1,False,0.9078,False,none,3,0,0
3,37,0.6617,Manager,549.12,0.077,1,False,0.9839,False,none,10,0,0
0,-1,0.0,Employee,262.8677570992814,0.0917,2,False,0.0,False,none,14,0,0
2,42,0.547,Employee,335.86,0.0883,2,False,0.9675,True,low,39,1,0
4,3,0.4917,Director,891.24,0.0471,4,True,0.9006,False,none,13,0,0
2,21,0.31,Employee,204.18,0.0762,6,True,0.9241,False,none,14,0,0
4,7,1.0157,Manager,483.66307057469385,0.0815,15,True,0.8544,True,low,16,1,0
0,-1,0.5484,Director,944.0848962858881,0.0651,9,False,0.0,False,none,0,0,0
1,20,0.0757,Director,291.02,0.0192,2,False,0.8613,False,none,12,0,0
3,56,0.5695,Employee,276.9393744423603,0.1645,1,False,0.8722,False,none,13,0,0
1,32,0.3313,Manager,380.02,0.0469,3,False,0.9965,False,none,7,0,0
2,12,7.4461,Manager,7876.52,1.0314,7,False,0.2301,True,high,271,3,1
3,38,0.553,Director,1611.97,0.0785,0,False,0.9642,False,none,9,0,0
2,59,0.1593,Manager,173.4,0.0237,1,False,0.9045,False,none,6,0,0
2,56,0.129,Employee,80.29,0.0309,3,True,0.9366,False,none,3,0,0
6,43,0.2725,Employee,125.83,0.0378,0,False,0.9296,False,none,2,0,0
1,29,0.3787,Employee,164.94,0.0553,1,True,0.8909,False,none,13,0,0
1,34,0.597,Employee,399.33,0.0998,3,False,0.915,False,none,3,0,0
2,7,0.0,Contractor,147.72,0.1538,13,False,0.8913,False,none,12,0,0
0,-1,0.147,Employee,83.02,0.0214,1,False,0.0,False,none,11,0,0
3,59,0.2407,Manager,291.48,0.0,0,False,0.9551,False,none,7,0,0
2,1,0.3516,Manager,307.65,0.0335,4,False,0.9499,True,low,26,1,0
1,31,0.263,Employee,149.67,0.0,2,False,0.9375,False,none,3,0,0
2,14,6.4395,Contractor,1150.59,0.8247,8,True,0.3523,True,high,185,8,1
1,24,0.2015,Manager,157.83,0.0197,5,False,0.9188,False,none,10,0,0
3,8,0.5746,Manager,763.41,0.0885,5,False,0.8905,False,none,4,0,0
0,-1,0.7489,Director,1921.5,0.138,0,False,0.0,False,none,13,0,0
2,18,0.2188,Manager,228.58,0.026,1,False,0.9816,False,none,14,0,0
0,-1,0.6314,Director,1559.15,0.1096,0,False,0.0,False,none,8,0,0
2,28,0.8368,Contractor,183.6334931572364,0.1964,3,False,0.9693,False,none,11,0,0
2,10,0.2457,Executive,1076.76,0.0208,3,False,0.9285,False,none,5,0,0
1,19,0.5225,Employee,249.24272178392502,0.0,1,True,0.9738,False,none,0,0,0
1,19,0.0,Manager,265.25,0.0308,5,False,0.9678,False,none,4,0,0
2,59,0.4946,Manager,489.59,0.0816,14,False,0.8621,False,none,11,0,0
3,58,0.1908,Manager,205.97,0.0241,1,False,0.8892,False,none,13,0,0
4,9,0.1613,Employee,114.3,0.0477,3,True,0.9124,False,none,9,0,0
3,28,0.0711,Manager,74.4,0.0081,6,False,0.8644,False,none,11,0,0
3,36,0.4151,Employee,137.75,0.0488,3,False,0.854,True,low,18,1,0
1,35,0.136,Employee,45.96,0.0153,7,False,0.985,True,low,35,1,0
1,2,1.8127,Manager,1549.03,0.1691,0,True,0.5081,True,medium,74,4,1
3,38,0.0386,Employee,22.2,0.0073,0,False,0.9512,True,low,23,1,0
3,41,0.3862,Employee,200.02,0.0525,3,False,0.9778,False,none,0,0,0
2,57,0.1847,Manager,166.24,0.0235,3,True,0.8682,False,none,15,0,0
1,90,0.6314,Employee,281.87,0.1107,274,True,0.7525,True,medium,86,4,1
5,53,0.6016,Manager,605.3187408794571,0.0612,1,False,0.9617,False,none,6,0,0
0,-1,0.3002,Employee,146.97,0.0436,3,False,0.0,False,none,3,0,0
4,25,0.0591,Director,169.65,0.0091,11,False,0.8517,False,none,14,0,0
5,1,1.727,Director,5271.06,0.3324,0,True,0.5431,True,medium,184,4,1
4,22,0.1977,Contractor,42.68,0.0396,4,False,0.9189,False,none,9,0,0
1,39,0.1778,Contractor,32.48,0.0242,8,False,0.9488,False,none,8,0,0
2,1,0.8854,Employee,389.24,0.1386,0,True,0.7408,True,medium,74,3,1
0,-1,0.448,Employee,162.72,0.0697,2,False,0.0,False,none,7,0,0
2,1,1.6076,Director,5144.44,0.2783,1,True,0.4458,True,medium,145,5,1
0,-1,0.8098,Director,2532.68,0.1357,0,False,0.0,False,none,6,0,0
2,28,0.3278,Employee,227.84,0.1011,14,False,0.9721,False,none,0,0,0
2,24,0.1009,Manager,110.83,0.012,2,False,0.9662,False,none,10,0,0
1,54,0.3956,Manager,393.52,0.06,10,False,0.8811,False,none,11,0,0
1,25,0.3427,Employee,153.57,0.0437,0,False,0.9811,False,none,9,0,0
22,1,0.2522,Employee,139.12,0.0543,2,False,0.7074,False,none,9,1,1
1,99,0.9798,Employee,683.35,0.3309,209,True,0.6748,True,medium,33,4,1
19,0,0.1879,Employee,86.59,0.0278,5,False,0.8272,False,none,7,1,1
1,52,0.1809,Director,480.36,0.0274,9,False,0.8553,False,none,2,0,0
1,32,0.4681,Employee,262.18,0.0869,0,False,0.9261,False,none,9,0,0
2,51,0.4414,Director,1549.04,0.1039,3,False,0.9717,False,none,0,0,0
3,28,0.0763,Contractor,15.42,0.0165,0,True,0.9324,False,none,11,0,0
4,1,0.2786,Employee,225.59,0.0793,3,False,0.8841,False,none,1,0,0
2,9,0.3847,Contractor,66.94,0.0542,4,False,0.9158,False,none,7,0,0
0,-1,0.2928,Employee,178.72,0.0462,0,True,0.0,False,none,6,0,0
1,46,0.6212,Manager,516.5771592243208,0.1259,2,False,0.8954,False,none,7,0,0
2,58,0.1306,Employee,89.23,0.0266,5,False,0.9116,False,none,2,0,0
0,-1,0.4011,Employee,189.32,0.0975,0,False,0.0,False,none,4,0,0
15,1,0.2392,Employee,127.09,0.0374,2,True,0.7153,False,none,1,1,1
3,3,0.0669,Manager,75.89,0.007,4,False,0.8837,False,none,1,0,0
2,49,0.0722,Contractor,10.97,0.0156,3,False,0.984,False,none,6,0,0
2,47,0.4468,Employee,182.21,0.0685,2,False,0.9893,False,none,12,0,0
0,-1,0.2188,Director,594.63,0.0535,1,False,0.0,False,none,8,0,0
1,1,0.1838,Employee,114.75,0.0307,0,False,0.8921,False,none,7,0,0
1,18,0.5568,Employee,178.52,0.0615,0,False,0.9489,False,none,0,0,0
1,24,5.8286,Employee,2543.85,0.814,5,False,0.2185,True,high,222,5,1
2,58,0.5438,Employee,291.4704730755587,0.1188,0,False,0.9415,True,low,21,1,0
4,12,0.6251,Manager,502.55685730895385,0.121,2,False,0.872,True,low,17,1,0
2,36,0.0574,Employee,24.48,0.0098,2,True,0.9576,False,none,8,0,0
3,3,0.7219,Contractor,134.25,0.1231,10,False,0.9401,True,low,38,1,0
2,7,4.2512,Contractor,425.49,0.4004,1,True,0.4572,True,high,142,6,1
1,40,0.1761,Employee,87.42,0.0484,3,False,0.8547,False,none,4,0,0
2,50,0.337,Contractor,89.92,0.1097,2,False,0.9613,False,none,6,0,0
1,42,0.0682,Employee,33.51,0.0096,0,True,0.8618,False,none,7,0,0
1,8,0.4886,Executive,2248.26,0.041,0,False,0.9771,True,low,40,1,0
2,59,0.2291,Employee,160.17,0.0473,13,False,0.8866,False,none,11,0,0
1,57,0.112,Employee,69.22,0.0214,2,True,0.9115,False,none,2,0,0
3,37,0.4458,Manager,374.83,0.0297,3,False,0.9742,False,none,7,0,0
4,19,0.4081,Employee,150.13,0.0434,2,True,0.9012,False,none,4,0,0
1,1,0.443,Manager,306.15,0.0373,7,False,0.875,False,none,15,0,0
4,5,0.0,Employee,98.35,0.0287,4,False,0.8699,False,none,13,0,0
3,58,0.5655,Employee,206.95745031072207,0.0721,6,False,0.9737,False,none,3,0,0
1,27,0.2546,Contractor,60.04,0.0502,8,False,0.9446,False,none,15,0,0
1,33,0.1208,Manager,118.15,0.016,0,False,0.8626,False,none,11,0,0
4,18,0.4804,Employee,246.93,0.0619,0,True,0.9917,False,none,10,0,0
5,6,1.414,Employee,988.56,0.3055,1,True,0.5274,True,medium,60,3,1
2,37,0.3498,Manager,309.98,0.0461,11,False,0.9819,False,none,5,0,0
1,98,1.2154,Employee,486.35,0.1469,234,True,0.6999,True,medium,42,3,1
1,58,0.1095,Director,339.84,0.0138,2,False,0.931,True,low,11,1,0
2,9,0.1097,Employee,47.58,0.02,17,False,0.9747,False,none,3,0,0
1,47,0.2918,Employee,128.98,0.0352,5,False,0.9503,False,none,7,0,0
4,33,0.1857,Employee,133.32,0.0428,20,True,0.9508,False,none,1,0,0
2,43,0.2761,Director,987.98,0.0528,0,False,0.9756,False,none,0,0,0
1,31,0.1338,Employee,40.59,0.0153,3,False,0.8727,False,none,9,0,0
1,25,2.524,Manager,2309.53,0.3293,11,True,0.2194,True,high,167,8,1
1,12,0.4265,Manager,339.16,0.0495,8,False,0.9817,False,none,15,0,0
2,15,0.5529,Manager,643.58,0.0691,4,False,0.8669,False,none,9,0,0
1,21,0.5969,Employee,371.1854010009262,0.1237,5,False,0.9491,False,none,4,0,0
4,16,0.6725,Employee,386.75,0.1196,6,False,0.8543,False,none,13,0,0
8,7,1.951,Manager,1681.04,0.1435,1,True,0.5043,True,medium,174,4,1
1,37,0.6742,Employee,275.88,0.0927,9,False,0.9813,False,none,3,0,0
4,47,0.077,Manager,89.74,0.0101,1,False,0.8532,False,none,10,0,0
2,24,0.7853,Manager,575.3470085978197,0.0567,2,False,0.9303,False,none,12,0,0
0,-1,0.0817,Employee,43.48,0.0155,15,False,0.0,False,none,0,0,0
8,1,1.6371,Contractor,344.72,0.3475,0,True,0.5132,True,medium,113,3,1
3,5,1.2159,Manager,1238.64,0.16,0,True,0.4306,True,high,53,2,1
0,-1,0.1185,Employee,60.1,0.0175,8,False,0.0,False,none,9,0,0
2,7,0.166,Employee,84.45,0.0269,0,False,0.8896,False,none,9,0,0
2,45,0.1895,Employee,73.28,0.0228,6,False,0.93,True,low,41,1,0
1,37,0.0899,Executive,545.12,0.009,0,False,0.9963,False,none,11,0,0
3,6,0.22,Employee,76.22,0.0279,0,True,0.8643,False,none,15,0,0
2,54,0.1368,Contractor,32.2,0.0247,2,False,0.935,False,none,8,0,0
1,39,0.8789,Manager,932.0303073400551,0.1308,2,True,0.911,False,none,15,0,0
2,33,0.3031,Employee,152.63,0.0506,10,False,0.9332,False,none,3,0,0
1,8,0.4666,Contractor,53.39,0.0,4,False,0.8749,False,none,1,0,0
1,56,0.5769,Employee,203.21568577106268,0.0644,13,False,0.9321,False,none,13,0,0
1,57,0.2227,Manager,183.31,0.0254,0,False,0.9057,False,none,6,0,0
1,14,0.2308,Executive,1321.32,0.0243,1,False,0.9904,False,none,4,0,0
2,31,0.5986,Manager,488.6736783089597,0.0998,3,False,0.8601,False,none,6,0,0
2,39,0.0897,Contractor,20.49,0.0333,4,False,0.8735,False,none,7,0,0
3,28,1.0013,Contractor,184.4211041384497,0.2266,3,False,0.9377,False,none,12,0,0
0,-1,0.2719,Employee,147.26,0.0398,0,True,0.0,False,none,5,0,0
2,22,0.101,Employee,63.4,0.0174,2,False,0.9363,False,none,15,0,0
0,-1,0.3309,Contractor,47.24,0.0522,1,False,0.0,False,none,15,0,0
1,29,0.1343,Employee,62.36,0.0234,9,False,0.9138,False,none,3,0,0
2,54,0.6952,Employee,353.75724899120235,0.0987,0,False,0.9283,False,none,6,0,0
1,36,0.0606,Director,203.0,0.0071,8,False,0.9162,False,none,3,0,0
1,30,0.1622,Employee,73.39,0.0331,8,False,0.9656,False,none,6,0,0
3,34,0.3083,Employee,103.56,0.0,10,False,0.8792,False,none,11,0,0
2,42,0.0,Employee,47.93,0.0378,24,True,0.9218,False,none,8,0,0
3,31,0.2079,Contractor,44.86,0.0424,3,False,0.9996,False,none,15,0,0
1,40,0.7032,Manager,814.5887770342403,0.1312,0,True,0.9841,False,none,4,0,0
25,0,0.0551,Director,130.1,0.0074,2,False,0.6583,False,none,0,3,1
2,38,0.4561,Manager,501.51,0.0566,0,False,0.9583,True,low,35,1,0
3,10,0.1442,Manager,220.24,0.026,2,True,0.9593,False,none,8,0,0
4,1,0.2434,Manager,136.06,0.0159,4,False,0.8967,False,none,14,0,0
0,-1,0.1706,Manager,240.04,0.028,10,True,0.0,False,none,5,0,0
2,41,0.0,Manager,161.45,0.0192,1,True,0.9062,False,none,7,0,0
3,48,0.2257,Manager,208.28,0.0264,11,True,0.8699,False,none,5,0,0
2,13,0.4333,Employee,164.25,0.0541,1,False,0.8766,False,none,8,0,0
3,1,1.6484,Employee,854.82,0.3598,1,True,0.4623,True,medium,138,5,1
3,36,0.1917,Manager,247.31,0.033,1,False,0.9745,True,low,23,1,0
1,12,0.0,Employee,84.13,0.0217,3,False,0.9213,False,none,12,0,0
0,-1,0.6974,Director,1946.0025225568677,0.0816,12,False,0.0,False,none,15,0,0
1,30,0.2569,Manager,156.86,0.0164,9,False,0.932,False,none,14,0,0
2,47,0.1365,Manager,159.93,0.0141,3,False,0.906,False,none,9,0,0
28,1,0.0472,Director,118.37,0.0041,4,False,0.6086,False,none,5,3,1
1,37,0.4146,Director,1242.34,0.052,2,True,0.9628,False,none,1,0,0
3,11,0.451,Employee,246.13,0.0915,1,False,0.9191,False,none,5,0,0
4,16,0.2316,Contractor,47.96,0.0503,0,False,0.8731,False,none,0,0,0
0,-1,0.8843,Employee,398.74125743587507,0.1455,6,False,0.0,False,none,14,0,0
1,9,0.0669,Manager,79.87,0.0089,4,False,0.91,False,none,13,0,0
3,2,0.6807,Employee,269.94,0.1234,3,False,0.8833,False,none,11,0,0
2,5,0.0,Employee,31.17,0.0118,6,True,0.9468,False,none,6,0,0
2,20,0.4184,Contractor,98.87,0.0898,1,False,0.908,True,low,36,1,0
0,-1,0.2904,Employee,103.81,0.0374,5,False,0.0,False,none,12,0,0
3,30,0.7112,Contractor,153.496729258312,0.1493,1,False,0.8517,False,none,13,0,0
3,52,0.1313,Employee,47.46,0.0112,8,False,0.9862,False,none,10,0,0
2,49,0.7332,Executive,2737.245044107441,0.0503,18,False,0.9075,False,none,10,0,0
2,56,0.838,Manager,831.8996143684116,0.129,0,True,0.9182,False,none,3,0,0
2,28,0.2345,Employee,74.25,0.0235,0,False,0.9006,False,none,8,0,0
4,39,0.0,Employee,270.63,0.0852,2,False,0.8668,False,none,12,0,0
1,28,0.5352,Contractor,91.92,0.0911,6,False,0.9839,False,none,7,0,0
1,3,0.5981,Director,1333.49,0.0515,3,False,0.8615,False,none,3,0,0
2,28,0.1579,Executive,753.53,0.0135,16,True,0.9101,False,none,2,0,0
1,20,0.0488,Employee,23.33,0.0098,5,False,0.9423,False,none,1,0,0
3,50,0.2581,Employee,119.79,0.0546,5,False,0.8779,True,low,35,1,0
4,27,0.2621,Manager,211.03,0.0313,2,False,0.9486,False,none,10,0,0
2,105,0.6255,Employee,275.5,0.1025,491,False,0.6764,True,medium,99,4,1
2,29,0.0,Director,345.2507365586079,0.0141,1,False,0.8728,False,none,5,0,0
2,41,0.0,Employee,134.19,0.0395,0,False,0.923,True,low,43,1,0
1,40,0.2383,Employee,115.5,0.0414,4,False,0.9377,False,none,13,0,0
2,16,0.0479,Contractor,8.93,0.0087,6,False,0.9063,False,none,3,0,0
4,27,8.9867,Employee,4274.05,1.3454,18,False,0.5756,True,high,330,6,1
2,41,0.1297,Employee,73.83,0.0414,3,False,0.9643,False,none,12,0,0
0,-1,0.9246,Employee,431.57,0.1331,3,True,0.0,False,none,12,0,0
2,59,0.1108,Employee,66.01,0.0194,2,False,0.8647,False,none,13,0,0
1,6,0.1059,Manager,113.94,0.0114,12,False,0.9399,False,none,10,0,0
3,2,0.2882,Employee,107.52,0.0264,1,False,0.9614,False,none,6,0,0
3,60,0.5964,Employee,334.1725816422392,0.1475,0,True,0.9569,False,none,2,0,0
2,16,0.2834,Employee,158.43,0.035,2,False,0.9695,False,none,3,0,0
2,47,0.0556,Director,223.65,0.0095,0,True,0.9944,True,low,36,1,0
2,17,0.1904,Executive,1047.26,0.0209,4,False,0.9825,False,none,0,0,0
3,47,0.3045,Director,950.41,0.0497,1,False,0.9653,False,none,14,0,0
1,49,0.4186,Employee,187.67,0.0787,0,False,0.9687,False,none,10,0,0
2,104,2.3937,Employee,556.65,0.2692,217,False,0.7698,True,medium,61,5,1
1,17,0.428,Employee,245.62,0.0891,5,False,0.9352,False,none,4,0,0
0,-1,0.09,Contractor,19.53,0.0207,8,False,0.0,False,none,9,0,0
3,10,0.5305,Employee,259.53,0.0708,14,False,0.9411,False,none,7,0,0
1,106,0.4546,Employee,291.02,0.2412,440,False,0.6431,True,medium,74,3,1
4,60,0.0954,Employee,53.23,0.0161,3,True,0.9228,False,none,5,0,0
0,-1,0.4162,Employee,217.28,0.0599,9,False,0.0,False,none,3,0,0
1,54,0.1651,Employee,59.73,0.0191,0,False,0.9619,False,none,7,0,0
1,33,0.0,Employee,119.14,0.0492,3,False,0.8601,False,none,2,0,0
2,48,0.6408,Contractor,134.44914756978642,0.1433,0,False,0.8774,False,none,7,0,0
3,6,0.0,Employee,55.53,0.0312,1,False,0.9615,False,none,4,0,0
3,30,0.1653,Contractor,21.39,0.0159,18,False,0.8647,True,low,50,1,0
32,2,0.0793,Employee,40.1,0.0112,3,True,0.6029,False,none,3,2,1
0,-1,0.2416,Employee,79.72,0.0255,15,False,0.0,False,none,8,0,0
5,33,0.4521,Manager,535.1,0.0588,3,False,0.8926,False,none,7,0,0
0,-1,0.1885,Manager,250.53,0.044,1,False,0.0,False,none,0,0,0
2,28,0.5361,Executive,1405.311924047381,0.0271,0,True,0.9509,False,none,10,0,0
1,14,0.9196,Employee,456.18325167471323,0.1415,4,False,0.8961,False,none,15,0,0
2,22,4.9282,Employee,2057.79,0.8064,10,True,0.5051,True,high,183,4,1
1,18,0.2801,Executive,1202.8,0.0259,9,False,0.8843,False,none,9,0,0
2,20,0.3113,Employee,145.11,0.0525,1,False,0.9138,False,none,12,0,0
5,1,2.0711,Employee,832.94,0.2042,0,True,0.4834,True,high,145,4,1
5,26,8.4811,Employee,3446.2,0.9406,19,False,0.2534,True,high,141,4,1
1,3,0.219,Employee,113.87,0.0361,5,False,0.9672,False,none,15,0,0
2,22,0.3588,Executive,2028.09,0.0413,16,False,0.8914,False,none,3,0,0
3,53,0.5453,Director,1326.3,0.0702,3,True,0.8728,False,none,6,0,0
2,36,0.1286,Employee,55.03,0.0225,5,False,0.9297,True,low,14,1,0
0,-1,0.3462,Manager,331.36,0.0386,1,False,0.0,False,none,6,0,0
1,46,0.2589,Employee,153.7,0.0443,8,False,0.8889,False,none,4,0,0
31,0,0.3359,Employee,137.82,0.0468,4,False,0.7697,False,none,16,1,1
1,5,0.4566,Employee,177.56,0.0789,1,False,0.9602,False,none,3,0,0
1,40,0.2266,Manager,248.03,0.0361,6,True,0.9475,True,low,37,1,0
3,22,0.5837,Employee,319.08265883490157,0.137,9,False,0.861,False,none,13,0,0
1,1,0.4419,Employee,122.87,0.0569,2,False,0.8838,False,none,7,0,0
2,53,0.6102,Manager,468.24873330574604,0.0515,4,False,0.9362,False,none,4,0,0
5,55,0.1482,Employee,77.19,0.0199,5,True,0.8559,False,none,2,0,0
2,28,0.0444,Employee,20.42,0.0064,0,False,0.9987,False,none,11,0,0
1,8,2.534,Director,6013.34,0.2216,0,True,0.5522,True,high,152,5,1
2,33,0.2114,Manager,174.06,0.0211,11,False,0.987,False,none,6,0,0
1,72,1.1934,Employee,693.54,0.2168,287,True,0.7399,True,medium,91,4,1
2,26,0.0961,Employee,38.17,0.0,1,True,0.9942,False,none,9,0,0
1,6,0.4929,Employee,227.06,0.0935,1,False,0.9476,False,none,0,0,0
4,16,0.2367,Employee,128.11,0.0404,9,True,0.8766,False,none,4,0,0
4,43,0.4253,Manager,297.22,0.0372,3,False,0.894,False,none,13,0,0
1,12,0.6584,Director,1599.29,0.0587,2,False,0.9048,False,none,0,0,0
5,21,0.5336,Employee,289.54,0.1236,1,True,0.8543,True,low,40,1,0
10,9,1.0405,Director,3128.27,0.2134,0,True,0.4633,True,medium,107,4,1
9,8,1.498,Executive,8559.73,0.187,0,True,0.7428,True,medium,171,4,1
4,40,0.067,Director,246.06,0.0099,8,True,0.9503,False,none,6,0,0
38,0,0.2567,Employee,110.42,0.0548,2,False,0.6316,False,none,8,1,1
2,34,0.0862,Manager,76.73,0.0091,6,False,0.9275,False,none,4,0,0
2,48,0.1096,Employee,48.01,0.0181,3,False,0.9859,True,low,22,1,0
3,26,0.239,Contractor,43.43,0.0479,3,False,0.8984,False,none,11,0,0
3,30,0.1071,Director,449.46,0.0164,3,False,0.9432,False,none,8,0,0
2,22,0.1924,Employee,106.93,0.0431,0,False,0.971,False,none,3,0,0
2,42,0.0903,Employee,40.79,0.0124,1,False,0.8538,True,low,39,1,0
2,29,0.0874,Employee,52.97,0.0188,3,False,0.9154,True,low,42,1,0
4,44,0.1461,Director,477.25,0.0234,1,True,0.8833,False,none,11,0,0
1,35,0.206,Manager,307.45,0.0287,6,False,0.9044,False,none,5,0,0
5,54,0.1768,Employee,77.48,0.0219,1,False,0.9896,False,none,13,0,0
3,58,0.387,Employee,264.93,0.1047,1,False,0.9283,False,none,10,0,0
0,-1,0.0,Director,1860.72,0.1274,493,True,0.5178,True,medium,47,5,1
2,30,5.4343,Director,18099.49,1.0606,18,False,0.4957,True,high,313,4,1
1,47,0.3707,Employee,174.2,0.0861,0,False,0.9609,False,none,14,0,0
2,66,1.1189,Employee,554.52,0.1381,486,False,0.5697,True,medium,68,5,1
1,49,0.4502,Employee,153.03,0.0825,0,False,0.9866,False,none,1,0,0
1,57,0.4968,Director,1289.82,0.0859,15,False,0.9565,False,none,9,0,0
1,24,0.138,Employee,63.33,0.019,5,False,0.8862,False,none,13,0,0
1,18,0.3596,Manager,313.5,0.0329,7,False,0.9857,False,none,8,0,0
2,32,0.2077,Contractor,39.32,0.0489,14,False,0.8832,False,none,15,0,0
1,25,0.196,Director,504.35,0.022,9,True,0.8563,False,none,3,0,0
2,58,0.1035,Employee,62.8,0.0282,5,False,0.9406,False,none,1,0,0
2,26,0.1118,Manager,169.02,0.0194,3,False,0.972,False,none,0,0,0
4,27,0.1626,Employee,80.22,0.0341,7,False,0.9703,False,none,8,0,0
4,51,0.0905,Manager,105.94,0.0145,2,False,0.8572,False,none,8,0,0
2,48,0.3535,Employee,111.77,0.0316,1,False,0.9102,False,none,15,0,0
3,15,0.0646,Employee,36.86,0.0154,3,False,0.8975,False,none,2,0,0
3,17,0.2809,Employee,162.07,0.0524,6,False,0.9784,False,none,14,0,0
1,38,0.5233,Manager,461.17,0.0555,12,False,0.8966,False,none,9,0,0
0,-1,0.2857,Employee,129.15,0.0433,1,True,0.0,False,none,12,0,0
5,25,0.1238,Employee,86.13,0.028,5,False,0.8655,False,none,9,0,0
1,16,0.0798,Executive,523.67,0.0172,5,False,0.9322,False,none,15,0,0
1,52,0.0723,Manager,91.28,0.0147,2,True,0.8824,False,none,0,0,0
3,13,0.4824,Employee,240.11,0.081,1,False,0.9118,False,none,12,0,0
1,24,0.2509,Manager,299.16,0.0396,4,False,0.9047,False,none,11,0,0
5,14,8.4667,Manager,9676.98,1.2689,8,False,0.4677,True,high,306,3,1
5,53,0.9512,Employee,542.92,0.1566,10,False,0.9978,False,none,1,0,0
3,2,0.0267,Employee,16.94,0.0039,0,False,0.934,True,low,32,1,0
1,18,0.3133,Manager,384.58,0.0445,0,False,0.9355,False,none,15,0,0
1,20,0.4742,Manager,367.3,0.0464,5,False,0.9308,False,none,13,0,0
34,0,0.1661,Employee,109.7,0.0294,2,False,0.8324,False,none,19,1,1
1,30,8.768,Employee,3006.19,1.2318,20,True,0.3659,True,high,342,3,1
3,31,0.7097,Manager,385.26214668175106,0.0571,1,False,0.8708,True,low,32,1,0
3,13,0.6054,Employee,277.63,0.1497,9,False,0.884,False,none,10,0,0
4,36,0.2349,Contractor,48.33,0.0738,0,False,0.8589,False,none,0,0,0
0,-1,0.0,Employee,423.62,0.142,268,True,0.6909,True,medium,53,5,1
2,24,0.3133,Executive,1272.33,0.0276,6,False,0.9361,False,none,5,0,0
2,57,0.7425,Director,1616.33,0.0654,5,False,0.9937,False,none,9,0,0
2,7,0.2116,Employee,132.35,0.0397,1,False,0.9246,False,none,10,0,0
2,8,0.3571,Director,1005.12,0.0868,13,True,0.9503,False,none,4,0,0
3,59,0.6971,Director,1302.3644137073668,0.0644,1,False,0.9974,False,none,3,0,0
1,45,0.0804,Contractor,15.87,0.0103,0,False,0.9298,False,none,6,0,0
0,-1,0.241,Employee,135.46,0.0472,8,False,0.0,False,none,15,0,0
1,110,0.908,Employee,463.32,0.1642,327,True,0.6583,True,medium,54,2,1
2,42,0.2886,Employee,133.11,0.0724,0,True,0.897,True,low,29,1,0
2,28,0.5553,Employee,350.6,0.1442,9,False,0.9608,False,none,11,0,0
1,15,0.5692,Contractor,103.97,0.125,18,True,0.9569,False,none,6,0,0
0,-1,0.0,Manager,79.99,0.0106,2,True,0.0,False,none,7,0,0
1,15,0.7145,Director,2392.0221474456685,0.1175,1,False,0.9058,True,low,19,1,0
2,46,0.3203,Manager,324.81,0.0363,1,False,0.9796,False,none,8,0,0
1,13,0.0255,Contractor,4.56,0.0036,0,False,0.9725,False,none,12,0,0
35,0,0.0242,Manager,26.14,0.0036,3,True,0.7611,False,none,8,1,1
4,55,0.2926,Manager,382.18,0.0883,2,True,0.9355,False,none,6,0,0
1,31,0.2716,Employee,80.53,0.0289,19,True,0.9218,True,low,34,1,0
1,29,0.0834,Manager,102.74,0.0116,3,False,0.9608,False,none,6,0,0
2,56,0.0,Manager,291.99539567433715,0.0,13,False,0.9926,False,none,6,0,0
3,15,0.0479,Contractor,13.21,0.0107,1,True,0.8776,False,none,14,0,0
2,70,0.89,Employee,472.98,0.1699,253,False,0.517,True,medium,82,2,1
2,3,0.6386,Contractor,103.94,0.1031,3,True,0.8715,False,none,12,0,0
1,28,8.2163,Contractor,1695.22,1.684,7,True,0.5244,True,high,339,6,1
3,16,0.5546,Employee,272.76,0.0759,6,False,0.9524,False,none,14,0,0
2,19,0.6231,Director,1980.701849729371,0.0963,5,True,0.9456,False,none,8,0,0
2,30,0.0,Employee,29.78,0.0104,16,False,0.9116,False,none,12,0,0
8,8,0.7188,Manager,968.93,0.1191,1,True,0.7809,True,high,136,4,1
3,13,0.1016,Employee,39.75,0.0196,3,False,0.9353,False,none,11,0,0
4,14,0.3451,Employee,170.57,0.0574,2,False,0.9089,False,none,14,0,0
1,14,0.3308,Director,1123.76,0.0592,1,False,0.9007,False,none,13,0,0
2,18,0.1897,Employee,91.29,0.0327,2,False,0.9975,False,none,12,0,0
4,48,0.2915,Director,752.9,0.0463,15,False,0.8696,False,none,1,0,0
0,-1,0.3803,Manager,413.54,0.0,6,True,0.0,False,none,10,0,0
2,5,0.4897,Employee,248.93,0.0795,13,False,0.9044,False,none,14,0,0
5,58,0.1535,Manager,156.6,0.0196,2,True,0.9821,False,none,13,0,0
2,58,0.2956,Employee,173.65,0.057,13,True,0.8874,False,none,14,0,0
3,1,1.7191,Contractor,286.45,0.2426,1,True,0.7724,True,medium,55,5,1
3,57,0.1002,Director,387.08,0.0225,0,True,0.9055,False,none,12,0,0
3,41,0.1425,Employee,70.29,0.0235,6,False,0.8981,False,none,2,0,0
1,11,0.0241,Executive,141.15,0.0028,0,False,0.9048,False,none,0,0,0
2,29,0.6044,Director,1580.5,0.1075,1,False,0.9994,False,none,14,0,0
0,-1,0.0,Employee,93.07,0.0282,3,True,0.0,False,none,9,0,0
0,-1,0.5392,Director,2257.85,0.1113,1,False,0.0,False,none,13,0,0
1,32,0.1904,Employee,104.61,0.0408,3,True,0.8922,False,none,2,0,0
2,9,0.1839,Director,428.3,0.0164,0,True,0.9709,True,low,33,1,0
15,2,0.019,Employee,11.88,0.0035,2,False,0.7852,False,none,18,1,1
4,7,0.3737,Director,1094.84,0.0602,1,True,0.9419,False,none,2,0,0
5,14,0.8771,Manager,1393.3386385523927,0.1521,1,True,0.8575,False,none,6,0,0
2,19,0.2313,Employee,147.94,0.0397,1,False,0.9597,False,none,14,0,0
2,35,0.1251,Contractor,21.3,0.0193,4,True,0.9363,False,none,2,0,0
2,54,0.1298,Director,325.78,0.0126,4,False,0.9388,False,none,9,0,0
5,57,0.246,Employee,91.56,0.0324,1,False,0.9952,False,none,2,0,0
2,8,1.9506,Employee,758.73,0.2428,0,True,0.7909,True,medium,200,4,1
2,37,0.4744,Director,1311.31,0.1061,32,False,0.8894,False,none,15,0,0
2,15,0.2956,Employee,206.08,0.0616,2,True,0.9381,False,none,14,0,0
4,56,0.2452,Employee,116.49,0.0365,1,False,0.9849,False,none,12,0,0
5,41,0.065,Contractor,13.81,0.0137,0,False,0.8724,False,none,5,0,0
2,18,0.1106,Director,385.89,0.0,0,True,0.9006,False,none,9,0,0
3,32,0.4378,Director,1490.01,0.1134,3,False,0.9149,False,none,1,0,0
1,10,0.2623,Employee,72.34,0.0209,0,False,0.8853,False,none,13,0,0
1,40,0.5513,Executive,2262.28,0.1149,2,True,0.9143,False,none,9,0,0
1,31,0.1335,Employee,43.17,0.0138,0,False,0.8595,False,none,6,0,0
0,-1,0.228,Manager,281.02,0.0304,4,False,0.0,False,none,8,0,0
4,21,0.0948,Employee,38.03,0.0122,14,False,0.9672,False,none,7,0,0
2,57,0.2923,Employee,124.84,0.035,6,False,0.8643,False,none,2,0,0
2,5,0.1044,Employee,64.41,0.027,0,False,0.9174,False,none,8,0,0
2,1,0.2934,Employee,122.61,0.0369,17,False,0.8991,False,none,4,0,0
2,13,0.8355,Executive,3860.19,0.0957,0,False,0.9736,False,none,3,0,0
3,16,0.1618,Contractor,34.57,0.0367,0,False,0.9686,False,none,0,0,0
5,27,0.8542,Employee,307.3220996964422,0.1044,3,False,0.8618,False,none,4,0,0
0,-1,0.1971,Employee,112.44,0.035,0,False,0.0,False,none,6,0,0
3,8,0.0796,Employee,44.75,0.0128,1,False,0.8579,False,none,4,0,0
1,26,0.1956,Manager,185.25,0.0274,5,False,0.8767,False,none,9,0,0
2,46,0.0,Manager,214.13,0.0268,3,True,0.8698,True,low,19,1,0
1,81,3.1687,Employee,565.27,0.1745,221,False,0.6031,True,medium,93,2,1
2,36,0.1552,Contractor,29.9,0.0265,3,False,0.9734,False,none,3,0,0
2,2,0.3199,Director,945.07,0.0563,3,False,0.8579,False,none,1,0,0
3,22,6.2544,Manager,6552.67,0.6036,17,True,0.4551,True,high,226,5,1
2,17,6.9225,Manager,4675.81,0.7224,20,True,0.3747,True,high,248,3,1
2,1,0.1729,Employee,96.99,0.0314,22,False,0.9873,False,none,11,0,0
3,21,0.4603,Employee,240.29,0.0832,7,False,0.9847,False,none,14,0,0
4,3,1.3181,Manager,1341.3,0.1839,0,True,0.4167,True,medium,101,3,1
1,38,0.0701,Manager,55.02,0.0075,0,False,0.9727,True,low,50,1,0
1,1,0.5131,Director,1529.134336948826,0.0853,3,True,0.8825,False,none,15,0,0
1,11,0.831,Employee,524.848424650511,0.1524,5,False,0.9881,False,none,7,0,0
15,1,0.0,Employee,140.22,0.0854,2,False,0.8186,False,none,3,1,1
0,-1,0.4389,Employee,247.44,0.067,323,False,0.6961,True,medium,34,4,1
0,-1,0.2255,Employee,112.51,0.0313,0,False,0.0,False,none,0,0,0
3,30,0.1591,Director,591.27,0.0304,1,False,0.9805,False,none,8,0,0
4,10,2.9887,Employee,1602.83,0.8147,6,False,0.4162,True,high,205,6,1
1,57,0.8283,Contractor,153.79,0.2037,6,False,0.8921,False,none,8,0,0
1,1,1.4782,Employee,652.82,0.3099,1,True,0.6236,True,high,62,3,1
1,24,0.1146,Contractor,22.73,0.043,7,False,0.9488,False,none,4,0,0
2,23,0.6001,Manager,511.62,0.0517,6,True,0.9651,False,none,15,0,0
2,9,0.52,Employee,205.97,0.059,0,False,0.8999,False,none,5,0,0
1,22,0.171,Employee,88.41,0.0229,4,False,0.931,False,none,4,0,0
2,57,0.2295,Manager,179.7,0.0242,13,False,0.8668,True,low,16,1,0
0,-1,0.2148,Employee,114.23,0.0384,3,False,0.0,False,none,15,0,0
9,7,2.3638,Manager,1403.78,0.1751,0,True,0.6308,True,high,107,2,1
2,1,0.6036,Employee,244.18174244915025,0.0667,1,False,0.984,False,none,15,0,0
5,4,1.7008,Contractor,306.53,0.3537,0,True,0.7806,True,medium,54,2,1
17,1,0.2119,Employee,73.36,0.0217,0,False,0.7073,False,none,0,2,1
2,38,0.118,Employee,60.06,0.0181,1,False,0.9879,False,none,15,0,0
2,52,0.2179,Employee,124.46,0.0515,2,False,0.9076,True,low,47,1,0
0,-1,0.2525,Employee,163.5,0.0486,3,True,0.0,False,none,2,0,0
1,60,0.3503,Employee,178.69,0.1016,1,False,0.8641,False,none,15,0,0
1,10,7.1029,Employee,4472.86,1.2213,9,True,0.6678,True,high,117,6,1
3,42,0.4782,Employee,220.71,0.0745,1,False,0.9586,False,none,15,0,0
2,28,0.4538,Employee,236.86,0.0592,2,True,0.8665,False,none,6,0,0
1,12,0.1544,Employee,86.9,0.0491,9,True,0.9659,False,none,10,0,0
1,59,0.3036,Employee,126.34,0.0495,0,True,0.8674,False,none,0,0,0
3,45,0.7888,Employee,110.35289390712629,0.031,16,False,0.9052,False,none,1,0,0
1,43,0.2764,Employee,124.4,0.0374,3,False,0.9036,False,none,4,0,0
9,6,1.8138,Employee,871.32,0.2546,1,True,0.5912,True,medium,155,6,1
1,6,0.8782,Contractor,232.12,0.1966,0,True,0.6041,True,medium,184,2,1
1,59,0.0,Employee,287.69199280344344,0.0814,13,False,0.8866,False,none,15,0,0
2,55,0.2088,Employee,118.02,0.0464,1,True,0.9706,False,none,4,0,0
3,16,0.2308,Contractor,49.23,0.0671,7,False,0.944,False,none,7,0,0
3,26,0.1877,Employee,100.12,0.0419,26,False,0.8541,False,none,12,0,0
4,51,0.0808,Director,321.8,0.0225,1,False,0.9264,False,none,5,0,0
1,27,0.4439,Employee,150.22,0.0545,0,True,0.86,False,none,4,0,0
4,59,0.5372,Contractor,109.65,0.1677,0,False,0.9012,False,none,9,0,0
5,38,0.9617,Employee,493.31840184229577,0.1457,8,False,0.9543,False,none,4,0,0
2,41,0.2696,Contractor,62.65,0.0733,2,False,0.8594,False,none,9,0,0
1,13,0.5178,Employee,265.4,0.0701,3,False,0.9023,False,none,13,0,0
3,51,0.8372,Employee,408.41639699654417,0.1054,27,False,0.8709,False,none,11,0,0
5,8,0.4109,Employee,213.99,0.0757,0,False,0.9587,False,none,6,0,0
3,24,0.6458,Manager,788.71,0.1048,4,False,0.8868,False,none,14,0,0
0,-1,1.0316,Employee,334.7119564961387,0.1129,4,False,0.0,False,none,0,0,0
2,96,0.9997,Director,2444.32,0.1343,395,True,0.5797,True,medium,92,5,1
2,24,0.1875,Employee,116.14,0.0529,3,False,0.964,True,low,14,1,0
0,-1,0.1905,Employee,79.35,0.0306,2,False,0.0,False,none,1,0,0
4,4,1.9424,Employee,1008.46,0.3096,0,True,0.6473,True,high,140,6,1
0,-1,0.3585,Employee,238.01,0.1289,5,False,0.0,False,none,6,0,0
1,18,0.3512,Contractor,67.73,0.0662,6,True,0.9714,False,none,13,0,0
2,7,0.3173,Employee,189.63,0.0533,0,False,0.8505,False,none,12,0,0
4,10,0.2506,Employee,111.8,0.0468,0,False,0.9609,False,none,12,0,0
9,6,1.2446,Manager,995.73,0.0865,1,True,0.4083,True,high,102,5,1
2,51,0.7077,Manager,636.9665171654648,0.0754,2,False,0.9106,False,none,8,0,0
4,2,0.2971,Employee,142.02,0.0506,0,False,0.953,False,none,2,0,0
1,32,0.7095,Director,1710.336794619163,0.1144,1,False,0.9154,False,none,13,0,0
1,11,0.7632,Employee,164.0839633700474,0.0493,0,False,0.8829,False,none,6,0,0
2,59,0.1545,Executive,795.47,0.0127,4,False,0.8738,False,none,8,0,0
5,3,1.5387,Director,4058.53,0.1315,0,True,0.5638,True,medium,67,6,1
0,-1,0.2845,Contractor,90.89,0.0677,6,False,0.0,False,none,5,0,0
4,13,0.2903,Employee,142.56,0.0551,1,True,0.9404,False,none,8,0,0
1,47,0.6824,Employee,248.23,0.1332,8,False,0.8768,False,none,0,0,0
0,-1,0.7755,Employee,237.65808022334315,0.089,9,False,0.0,False,none,5,0,0
2,110,0.7202,Employee,351.43,0.16,322,False,0.5737,True,medium,44,3,1
2,9,0.5829,Employee,204.73,0.0881,5,False,0.8501,False,none,12,0,0
4,34,0.7335,Manager,561.33,0.0608,0,False,0.9031,False,none,12,0,0
4,52,0.1829,Employee,86.43,0.0317,20,True,0.8555,False,none,9,0,0
25,1,0.0115,Director,37.82,0.0025,0,True,0.8325,False,none,14,1,1
1,16,0.3857,Manager,485.11,0.0648,12,False,0.8713,False,none,8,0,0
2,27,0.7548,Employee,348.39787901017627,0.1291,7,False,0.9939,False,none,3,0,0
2,28,0.2616,Contractor,55.85,0.0473,2,False,0.8617,False,none,15,0,0
0,-1,0.5581,Executive,2873.57,0.044,338,True,0.5033,True,medium,48,2,1
1,24,0.244,Employee,101.17,0.0331,5,False,0.8536,False,none,14,0,0
5,57,0.5349,Employee,327.44,0.094,1,False,0.9158,False,none,1,0,0
4,10,0.2794,Employee,139.95,0.0538,0,False,0.9899,False,none,14,0,0
1,40,0.608,Manager,790.9799383305225,0.0855,0,False,0.9076,True,low,29,1,0
5,18,5.7018,Employee,2575.7,0.7119,11,True,0.6955,True,high,319,4,1
4,13,9.4362,Manager,8718.95,1.1859,7,False,0.6058,True,high,257,5,1
1,36,0.4096,Employee,251.23,0.0635,17,False,0.9834,False,none,10,0,0
1,52,0.7954,Manager,824.57,0.1022,3,False,0.9391,False,none,0,0,0
1,26,0.2512,Employee,100.22,0.041,6,False,0.8577,False,none,8,0,0
2,13,5.9826,Employee,2444.84,0.8178,16,False,0.5713,True,high,245,6,1
1,5,0.5155,Contractor,86.63,0.083,8,False,0.9662,True,low,35,1,0
3,8,0.3126,Employee,147.11,0.0395,4,False,0.8962,False,none,12,0,0
1,11,0.6765,Employee,300.48,0.1011,3,False,0.9004,False,none,2,0,0
8,2,1.2373,Contractor,342.88,0.3551,0,True,0.7967,True,medium,95,5,1
2,96,0.6534,Employee,410.17,0.1227,224,True,0.5496,True,medium,72,4,1
21,0,0.0209,Executive,135.59,0.0029,3,True,0.778,False,none,16,3,1
0,-1,0.7347,Manager,886.2,0.1175,443,True,0.6489,True,medium,66,3,1
6,9,1.419,Director,4160.35,0.2104,1,True,0.5175,True,high,110,5,1
4,46,0.1308,Director,497.81,0.0292,2,True,0.8733,False,none,3,0,0
1,104,0.2702,Executive,861.49,0.0213,343,True,0.7156,True,medium,82,5,1
2,73,0.8349,Manager,811.98,0.1315,422,True,0.6093,True,medium,54,5,1
4,53,0.3189,Contractor,43.05,0.0423,2,False,0.9246,False,none,10,0,0
2,59,0.8621,Director,3363.2885445476536,0.171,0,False,0.9627,False,none,5,0,0
1,57,0.5815,Employee,206.90016449408583,0.058,3,False,0.8711,False,none,8,0,0
1,46,0.1266,Manager,146.55,0.0205,1,False,0.9014,False,none,3,0,0
2,43,0.3581,Director,958.75,0.0438,4,False,0.9787,False,none,12,0,0
2,47,0.3591,Executive,1692.06,0.0331,0,False,0.97,False,none,9,0,0
2,41,0.0,Manager,362.01748223649764,0.0367,3,True,0.9948,False,none,13,0,0
3,38,0.1538,Director,548.78,0.0242,8,False,0.8834,False,none,1,0,0
2,15,0.5011,Manager,421.45,0.0409,3,False,0.8561,False,none,12,0,0
1,9,1.1873,Contractor,231.42,0.3291,1,True,0.7076,True,medium,198,5,1
0,-1,0.3244,Manager,266.64,0.0294,4,False,0.0,False,none,10,0,0
0,-1,0.0,Manager,300.97,0.0309,5,False,0.0,False,none,3,0,0
1,70,0.6445,Manager,792.62,0.0796,398,True,0.7187,True,medium,42,4,1
2,5,0.1696,Employee,74.87,0.0369,19,False,0.9974,False,none,0,0,0
2,12,0.143,Contractor,41.89,0.0452,12,False,0.867,False,none,14,0,0
0,-1,0.1169,Employee,70.87,0.0245,4,True,0.0,False,none,6,0,0
0,-1,0.0,Employee,59.37,0.0195,1,False,0.0,True,low,14,1,0
3,60,0.2216,Employee,106.77,0.0253,30,False,0.9636,False,none,12,0,0
3,11,0.1445,Employee,70.35,0.0199,18,False,0.8785,False,none,2,0,0
2,36,0.069,Manager,70.38,0.0092,4,False,0.9656,False,none,6,0,0
1,43,0.0601,Contractor,18.33,0.0203,10,False,0.9901,False,none,0,0,0
1,36,0.3292,Director,1111.43,0.0417,1,False,0.9649,False,none,10,0,0
4,19,4.8404,Director,12898.41,1.0114,6,True,0.2275,True,high,270,5,1
3,22,0.4418,Employee,176.5,0.0756,13,False,0.9775,False,none,11,0,0
1,71,1.7779,Employee,574.59,0.1198,227,True,0.7794,True,medium,76,2,1
20,2,0.0069,Executive,39.72,0.0009,0,True,0.683,False,none,17,3,1
0,-1,0.8437,Contractor,164.91,0.185,5,False,0.0,False,none,9,0,0
2,6,2.1858,Employee,990.01,0.2696,1,True,0.6964,True,medium,74,2,1
3,24,0.1877,Employee,122.55,0.0355,0,True,0.9109,False,none,7,0,0
35,0,0.1192,Employee,75.84,0.025,5,False,0.6508,False,none,16,3,1
3,47,0.1174,Employee,66.72,0.0197,18,True,0.9664,False,none,1,0,0
2,9,0.5691,Manager,666.71,0.0816,6,False,0.9107,False,none,9,0,0
1,39,0.0097,Manager,13.94,0.0017,0,False,0.9247,False,none,6,0,0
2,43,0.1361,Manager,169.82,0.0234,7,False,0.8873,False,none,7,0,0
2,8,0.4418,Manager,381.42,0.0415,2,False,0.9362,False,none,0,0,0
2,8,0.3775,Employee,183.3,0.083,7,False,0.9803,False,none,8,0,0
0,-1,0.2702,Employee,122.29,0.0345,5,False,0.0,False,none,7,0,0
1,11,0.2721,Director,856.74,0.0363,3,False,0.8592,True,low,39,1,0
4,12,0.6559,Employee,193.841422650644,0.0731,5,True,0.9139,False,none,2,0,0
6,18,0.257,Employee,148.76,0.0476,2,False,0.9759,False,none,15,0,0
4,15,0.0,Director,383.62320554077587,0.0191,2,False,0.998,False,none,4,0,0
2,93,1.319,Manager,822.99,0.1294,338,False,0.5061,True,medium,60,2,1
1,55,0.2803,Employee,180.17,0.0491,6,False,0.942,False,none,5,0,0
0,-1,0.0,Executive,340.028586136815,0.0105,3,False,0.0,False,none,10,0,0
5,5,2.4378,Employee,905.36,0.3549,0,True,0.6515,True,high,147,2,1
1,31,0.4174,Employee,239.92,0.0773,0,False,0.9638,False,none,13,0,0
2,27,0.1366,Contractor,24.42,0.0265,0,False,0.98,False,none,2,0,0
2,21,8.0352,Executive,43213.59,1.0449,8,True,0.3282,True,high,204,7,1
2,29,3.2011,Employee,1964.09,0.699,8,True,0.6027,True,high,237,7,1
2,11,0.0223,Director,85.45,0.0037,4,False,0.9486,True,low,41,1,0
4,38,0.3201,Employee,139.76,0.0753,5,False,0.8844,True,low,32,1,0
3,41,0.4752,Manager,685.34,0.089,11,False,0.9358,False,none,5,0,0
0,-1,0.0672,Contractor,13.78,0.0156,4,False,0.0,True,low,38,1,0
4,41,0.3415,Employee,143.99,0.0595,15,False,0.9635,False,none,13,0,0
2,24,0.2729,Contractor,50.1,0.0437,6,True,0.8553,False,none,13,0,0
28,0,0.1416,Manager,107.96,0.0167,1,True,0.7561,False,none,16,3,1
1,57,0.5697,Director,1717.41,0.0939,15,False,0.918,False,none,6,0,0
4,17,0.3243,Employee,156.94,0.055,9,False,0.9409,False,none,0,0,0
4,38,0.1042,Employee,50.82,0.021,8,False,0.8673,False,none,7,0,0
2,42,0.717,Employee,364.7832006924017,0.122,11,False,0.9371,False,none,5,0,0
3,39,0.5263,Employee,193.15,0.0696,9,True,0.9316,False,none,2,0,0
1,12,0.1469,Employee,79.86,0.0195,1,False,0.8566,False,none,4,0,0
1,5,0.3536,Employee,184.24,0.0543,5,False,0.9133,True,low,30,1,0
1,1,0.3043,Manager,327.07,0.0368,2,False,0.967,False,none,0,0,0
17,2,0.0602,Employee,36.66,0.0116,0,False,0.8683,False,none,11,3,1
3,22,9.913,Manager,5074.07,0.6585,8,False,0.5763,True,high,140,5,1
5,8,1.274,Director,3664.56,0.252,0,True,0.4602,True,high,60,6,1
2,4,0.2801,Employee,162.73,0.0519,3,False,0.8504,False,none,11,0,0
1,25,0.3802,Contractor,80.69,0.0609,2,False,0.9345,False,none,8,0,0
3,11,0.582,Executive,2870.62,0.0517,14,False,0.9678,True,low,12,1,0
3,36,0.6539,Contractor,152.37,0.1456,2,False,0.919,False,none,5,0,0
5,9,2.7783,Contractor,427.15,0.2832,0,True,0.7561,True,medium,116,4,1
0,-1,0.1809,Manager,132.96,0.0143,11,False,0.0,False,none,6,0,0
1,45,0.4922,Contractor,85.86,0.0979,1,False,0.91,False,none,9,0,0
2,24,0.2745,Employee,146.15,0.0434,1,False,0.9583,False,none,3,0,0
1,19,0.2129,Manager,180.24,0.0229,15,False,0.9918,False,none,11,0,0
4,44,0.0,Director,312.9967409991408,0.0136,1,False,0.9054,False,none,6,0,0
1,27,0.0,Director,336.76,0.0174,4,False,0.9688,False,none,0,0,0
1,12,0.7755,Manager,743.075052108648,0.082,4,False,0.9746,False,none,4,0,0
1,44,0.5206,Director,1646.1837426131585,0.0845,10,False,0.9459,False,none,6,0,0
2,17,0.9557,Employee,370.5918522601598,0.1494,5,False,0.9381,False,none,7,0,0
1,30,0.406,Director,1458.79,0.079,7,False,0.9582,False,none,6,0,0
1,42,0.2205,Contractor,56.45,0.0816,7,False,0.8985,False,none,1,0,0
3,49,0.7777,Executive,4007.0552020920136,0.1162,2,False,0.9943,True,low,42,1,0
1,59,0.5046,Manager,368.5965411951609,0.0375,5,False,0.8777,False,none,0,0,0
0,-1,0.7417,Employee,413.21,0.161,2,False,0.0,True,low,34,1,0
3,39,0.6737,Manager,542.85,0.0846,3,False,0.868,False,none,0,0,0
1,57,0.2166,Manager,186.81,0.0157,0,False,0.8587,True,low,17,1,0
3,15,0.1133,Manager,153.43,0.0159,12,False,0.9096,False,none,4,0,0
2,39,0.6233,Employee,376.1,0.1051,0,True,0.9403,False,none,8,0,0
2,55,0.0855,Employee,37.42,0.0156,2,True,0.9596,False,none,1,0,0
3,26,0.7708,Manager,731.2403422483078,0.1017,8,False,0.9143,False,none,3,0,0
21,0,0.1879,Employee,82.84,0.0,1,False,0.7193,False,none,2,3,1
1,48,0.347,Manager,391.29,0.0365,3,False,0.8819,False,none,8,0,0
1,37,0.1477,Employee,83.37,0.0258,12,False,0.8663,False,none,4,0,0
1,8,0.2084,Executive,1059.08,0.0171,3,False,0.8863,True,low,43,1,0
4,59,0.4662,Manager,437.14,0.0538,10,False,0.9325,False,none,1,0,0
2,24,0.4318,Manager,371.43,0.0504,3,False,0.9177,False,none,1,0,0
2,37,0.0782,Executive,475.98,0.0074,6,True,0.8773,False,none,8,0,0
1,41,0.443,Employee,232.55,0.0823,3,False,0.9131,False,none,9,0,0
0,-1,0.4128,Manager,423.52,0.0965,4,False,0.0,False,none,2,0,0
2,37,0.3587,Employee,121.26,0.0359,13,False,0.8872,False,none,0,0,0
2,12,0.2283,Director,761.2,0.0443,5,True,0.9836,False,none,7,0,0
1,4,0.2158,Employee,105.81,0.0367,0,False,0.9112,False,none,15,0,0
2,42,0.1933,Manager,233.88,0.0318,7,False,0.9163,False,none,7,0,0
2,16,0.1355,Employee,82.95,0.0209,0,False,0.9848,False,none,0,0,0
2,57,0.9493,Executive,2378.58,0.0615,0,False,0.9495,False,none,13,0,0
2,23,0.4301,Employee,321.03,0.1094,6,True,0.9317,False,none,2,0,0
4,54,0.2576,Employee,103.35,0.0311,1,False,0.8825,False,none,3,0,0
2,37,0.336,Manager,312.04,0.0302,2,False,0.9005,False,none,6,0,0
3,55,0.3556,Employee,170.92,0.0619,7,False,0.9264,True,low,11,1,0
3,33,0.1224,Employee,80.99,0.0,3,False,0.9151,False,none,2,0,0
2,6,0.2104,Employee,121.92,0.0432,2,False,0.9502,False,none,0,0,0
0,-1,1.018,Contractor,193.54,0.1562,330,True,0.7574,True,medium,36,4,1
4,29,0.2068,Manager,236.06,0.03,1,False,0.9463,True,low,33,1,0
4,19,0.0,Employee,371.74110963702066,0.0927,13,True,0.9086,False,none,4,0,0
2,2,0.4775,Manager,599.11,0.095,4,True,0.9333,False,none,15,0,0
3,5,0.3616,Director,1013.53,0.0521,5,False,0.9654,False,none,8,0,0
3,21,9.6564,Employee,5282.92,1.5978,10,True,0.3724,True,high,127,6,1
1,59,0.2621,Director,817.91,0.037,11,True,0.8746,False,none,0,0,0
2,21,0.2898,Employee,60.2,0.026,1,False,0.8699,False,none,11,0,0
4,20,0.483,Employee,251.95,0.0718,4,True,0.8897,False,none,10,0,0
28,1,0.0152,Director,49.87,0.0024,0,True,0.6615,False,none,3,2,1
1,32,0.1181,Employee,48.67,0.0126,0,True,0.9501,False,none,0,0,0
4,53,0.7165,Manager,472.04,0.0483,6,False,0.8774,False,none,13,0,0
0,-1,0.3993,Employee,187.29,0.0601,0,False,0.0,False,none,13,0,0
2,33,0.2085,Employee,110.91,0.038,12,False,0.8766,False,none,0,0,0
1,45,0.4168,Employee,189.6,0.0649,0,False,0.9383,False,none,3,0,0
4,26,0.1402,Manager,87.48,0.0139,2,False,0.9277,False,none,0,0,0
3,12,0.2076,Contractor,45.02,0.0438,22,False,0.8836,False,none,2,0,0
3,29,0.6843,Manager,404.4690630134357,0.0,7,False,0.9906,False,none,4,0,0
2,9,0.4079,Employee,188.61,0.0995,0,False,0.8991,False,none,1,0,0
2,35,0.8049,Employee,551.99,0.2852,2,False,0.8933,True,low,20,1,0
5,23,7.4674,Director,23230.21,1.0055,13,False,0.5242,True,high,325,5,1
3,6,0.0482,Director,159.35,0.0103,5,False,0.8925,False,none,14,0,0
6,60,0.0,Manager,275.20807030169595,0.0453,7,False,0.8769,False,none,12,0,0
2,29,0.5468,Employee,157.78,0.0575,1,False,0.8912,False,none,2,0,0
1,35,0.7709,Manager,728.3323957125882,0.0728,9,False,0.8725,False,none,15,0,0
1,32,0.1991,Employee,84.64,0.0229,0,True,0.9991,False,none,10,0,0
6,24,0.5482,Contractor,110.85,0.101,0,False,0.8578,True,low,33,1,0
2,3,0.3709,Employee,203.42,0.0644,5,True,0.8546,False,none,5,0,0
1,26,0.0793,Employee,50.28,0.0142,1,False,0.9191,False,none,9,0,0
3,55,0.6643,Employee,269.6,0.0847,2,False,0.8904,False,none,6,0,0
4,17,0.5369,Director,1445.32,0.0563,2,False,0.8619,False,none,10,0,0
2,37,0.2096,Director,683.61,0.0401,5,False,0.8758,False,none,7,0,0
0,-1,0.059,Manager,60.48,0.0113,2,False,0.0,False,none,12,0,0
3,55,0.0799,Contractor,16.64,0.0162,7,True,0.9338,False,none,15,0,0
1,40,0.2318,Employee,73.84,0.0,3,False,0.868,False,none,2,0,0
1,34,0.3051,Employee,160.15,0.0441,1,False,0.975,False,none,1,0,0
1,66,0.5498,Employee,270.67,0.0887,347,False,0.5607,True,medium,52,3,1
1,34,0.9652,Director,2718.2013962271544,0.14,9,False,0.8646,False,none,10,0,0
24,0,0.0022,Executive,14.93,0.0003,2,True,0.7149,False,none,3,3,1
2,49,0.266,Employee,142.03,0.0486,1,False,0.9217,False,none,11,0,0
3,50,1.0021,Director,2847.888526162725,0.1836,13,True,0.9142,False,none,13,0,0
0,-1,0.3862,Employee,166.7,0.0612,0,False,0.0,False,none,10,0,0
3,28,0.1655,Director,411.65,0.0262,1,False,0.9947,False,none,9,0,0
3,52,0.2779,Employee,132.73,0.0419,4,False,0.954,True,low,10,1,0
0,-1,0.2216,Contractor,48.17,0.0484,5,False,0.0,False,none,7,0,0
1,64,0.9047,Director,2533.06,0.1769,286,True,0.5972,True,medium,34,5,1
0,-1,0.2275,Manager,164.57,0.0189,0,False,0.0,False,none,12,0,0
3,45,1.0297,Manager,382.7579822439833,0.0413,4,False,0.9986,False,none,14,0,0
1,55,0.3118,Employee,198.06,0.068,9,False,0.9273,False,none,11,0,0
2,46,0.0828,Director,210.98,0.0096,2,False,0.9315,False,none,6,0,0
4,41,0.1082,Employee,60.99,0.0221,0,True,0.8957,False,none,0,0,0
0,-1,0.6122,Employee,287.74414955082705,0.0798,0,False,0.0,False,none,5,0,0
4,12,0.3324,Employee,180.24,0.0585,1,False,0.985,False,none,11,0,0
3,3,0.6093,Employee,270.36,0.0682,3,False,0.8988,False,none,14,0,0
3,56,0.2104,Manager,183.55,0.0265,1,False,0.8772,False,none,15,0,0
1,14,0.3078,Employee,135.21,0.0453,4,False,0.9889,False,none,0,0,0
3,48,0.5723,Employee,284.74,0.11,0,True,0.9118,False,none,13,0,0
1,36,0.6299,Manager,758.3328453588365,0.0973,4,False,0.8716,False,none,11,0,0
0,-1,0.3573,Employee,168.96,0.1136,2,False,0.0,False,none,13,0,0
4,3,2.1847,Manager,1441.65,0.2112,1,True,0.5159,True,medium,135,6,1
3,47,0.8362,Employee,473.7620413644948,0.1522,8,False,0.8675,False,none,14,0,0
0,-1,0.6193,Employee,261.32,0.092,485,False,0.7279,True,medium,44,5,1
3,59,0.3183,Manager,311.18,0.0376,13,True,0.9278,True,low,16,1,0
32,0,0.0657,Employee,34.26,0.0108,0,True,0.7663,False,none,14,3,1
4,48,0.2181,Employee,117.85,0.0619,9,False,0.9583,False,none,11,0,0
0,-1,0.173,Manager,121.62,0.014,2,False,0.0,False,none,1,0,0
3,53,0.3979,Employee,129.52,0.0501,0,False,0.9359,False,none,14,0,0
15,0,0.0341,Director,100.01,0.0063,1,False,0.8189,False,none,11,3,1
1,33,0.1667,Contractor,37.8,0.028,6,False,0.8789,False,none,0,0,0
2,39,0.0705,Executive,417.85,0.0093,2,True,0.9951,True,low,19,1,0
3,30,0.0601,Employee,39.0,0.0165,2,False,0.9115,False,none,3,0,0
1,9,0.1702,Manager,178.14,0.0172,36,True,0.987,False,none,1,0,0
2,60,0.2241,Manager,227.18,0.0249,9,False,0.8873,False,none,6,0,0
36,0,0.1973,Employee,73.75,0.0326,5,False,0.833,False,none,4,1,1
3,44,0.2236,Employee,114.18,0.0423,6,False,0.9092,False,none,0,0,0
0,-1,0.4859,Employee,292.61,0.0897,1,True,0.0,False,none,6,0,0
4,5,0.2059,Employee,105.39,0.0411,11,False,0.9716,True,low,23,1,0
6,53,0.1311,Employee,69.38,0.0245,8,True,0.8526,False,none,3,0,0
1,79,1.9712,Employee,432.91,0.1833,246,True,0.7539,True,medium,39,4,1
2,28,0.0,Manager,317.69,0.087,8,False,0.8685,False,none,15,0,0
3,6,0.8969,Employee,507.7280949535168,0.142,9,False,0.9147,True,low,24,1,0
25,1,0.0223,Director,46.55,0.0026,1,False,0.8053,False,none,0,3,1
0,-1,0.1914,Manager,184.01,0.019,3,False,0.0,False,none,12,0,0
1,51,0.1893,Employee,109.7,0.0348,0,True,0.8962,False,none,11,0,0
3,7,0.3509,Employee,208.42,0.081,1,False,0.8705,False,none,0,0,0
16,0,0.0341,Employee,13.73,0.0043,5,False,0.7662,False,none,14,1,1
1,35,0.6979,Manager,778.0,0.076,7,True,0.852,False,none,11,0,0
2,46,0.0,Employee,517.905321115611,0.1838,10,True,0.8591,False,none,13,0,0
5,4,0.2285,Employee,115.92,0.03,7,False,0.9719,False,none,8,0,0
0,-1,0.2269,Employee,103.97,0.0436,2,True,0.0,False,none,11,0,0
1,17,0.2734,Employee,130.8,0.0409,4,False,0.9244,False,none,10,0,0
0,-1,0.2738,Manager,270.15,0.0356,0,False,0.0,False,none,14,0,0
4,23,0.5819,Director,998.8976327932302,0.052,4,False,0.9378,False,none,15,0,0
24,1,0.5026,Contractor,97.76,0.105,0,False,0.8385,False,none,14,1,1
3,42,0.199,Manager,291.75,0.0353,0,False,0.8894,False,none,2,0,0
0,-1,0.883,Employee,342.5406758087906,0.1733,0,False,0.0,False,none,2,0,0
3,38,0.5208,Employee,164.43367224870855,0.0522,9,False,0.8946,False,none,12,0,0
2,30,0.5358,Employee,301.2689353901724,0.0888,2,False,0.9385,False,none,12,0,0
1,10,0.3107,Manager,193.55,0.0264,1,False,0.8824,True,low,40,1,0
1,14,0.0764,Employee,45.39,0.0218,3,False,0.9605,False,none,9,0,0
3,46,0.2766,Director,859.91,0.0499,4,False,0.9734,False,none,4,0,0
4,11,3.2927,Employee,1370.3,0.603,10,True,0.5154,True,high,260,8,1
0,-1,0.2566,Director,890.33,0.0451,2,True,0.0,False,none,14,0,0
5,54,0.1744,Director,407.29,0.0189,5,False,0.9306,False,none,0,0,0
2,20,0.2285,Director,503.03,0.0274,0,True,0.9303,False,none,11,0,0
2,24,0.7622,Manager,736.81,0.0925,1,True,0.9157,False,none,0,0,0
1,54,0.433,Contractor,76.84,0.0715,3,True,0.877,False,none,9,0,0
3,58,0.24,Contractor,42.4,0.0312,1,False,0.925,False,none,5,0,0
3,26,0.5043,Employee,160.83,0.0607,3,False,0.9368,False,none,15,0,0
3,17,0.0,Contractor,84.52,0.1059,4,True,0.9857,False,none,3,0,0
2,19,0.0799,Contractor,17.24,0.0188,0,False,0.9511,False,none,7,0,0
3,55,0.1758,Employee,82.95,0.0302,4,False,0.9707,False,none,9,0,0
4,40,0.6557,Director,1815.3497194617503,0.0757,5,False,0.9064,False,none,13,0,0
19,2,0.0943,Employee,57.32,0.0194,3,True,0.8944,False,none,18,2,1
1,33,0.2452,Director,716.63,0.0517,2,False,0.9951,False,none,8,0,0
0,-1,0.2357,Employee,94.33,0.0294,0,True,0.0,False,none,15,0,0
2,2,0.5375,Executive,2426.3082091373053,0.0556,12,True,0.9435,False,none,6,0,0
3,43,0.6366,Employee,356.940784518577,0.1411,13,False,0.9633,False,none,6,0,0
1,22,0.2409,Employee,153.98,0.0536,4,False,0.878,False,none,10,0,0
1,11,0.333,Contractor,66.88,0.0696,4,False,0.904,False,none,15,0,0
21,2,0.0947,Employee,50.48,0.0146,0,False,0.7249,False,none,15,1,1
1,9,0.3468,Employee,194.51,0.0694,3,False,0.955,False,none,1,0,0
2,36,0.1726,Executive,945.57,0.0153,8,False,0.8718,False,none,13,0,0
5,59,0.0793,Executive,400.02,0.0083,9,False,0.9092,False,none,13,0,0
1,26,0.3605,Employee,144.13,0.0687,6,False,0.9545,False,none,12,0,0
2,21,0.4877,Manager,459.08,0.063,0,True,0.9705,False,none,4,0,0
1,24,0.4621,Manager,297.55,0.0645,11,False,0.887,False,none,1,0,0
4,54,0.1856,Contractor,31.75,0.0296,0,False,0.9394,False,none,12,0,0
6,33,0.3898,Employee,262.98,0.0848,9,False,0.9369,False,none,12,0,0
0,-1,0.5951,Contractor,106.33,0.0943,0,True,0.0,False,none,8,0,0
2,51,0.2759,Employee,127.08,0.0621,0,False,0.9855,False,none,13,0,0
0,-1,0.2889,Contractor,43.94,0.048,3,False,0.0,False,none,13,0,0
3,29,0.1707,Employee,108.52,0.0325,3,False,0.9674,False,none,7,0,0
5,51,0.3677,Employee,216.3,0.0653,1,False,0.9054,False,none,4,0,0
1,26,0.5298,Employee,311.9449462549276,0.1721,1,False,0.9449,False,none,1,0,0
20,0,0.0184,Director,51.18,0.0024,3,False,0.8644,False,none,15,3,1
4,6,0.1595,Employee,64.01,0.0311,0,False,0.8765,True,low,33,1,0
0,-1,0.2478,Director,800.16,0.0399,2,False,0.0,False,none,0,0,0
2,26,0.0,Executive,391.97435356709434,0.0115,0,False,0.9222,False,none,6,0,0
0,-1,0.6756,Employee,363.42,0.1253,1,False,0.0,True,low,27,1,0
6,52,0.5903,Executive,2176.727379901249,0.0422,10,True,0.9137,False,none,5,0,0
6,4,1.4184,Employee,651.69,0.198,1,True,0.5383,True,high,62,6,1
0,-1,0.3879,Employee,201.36,0.0723,2,False,0.0,False,none,4,0,0
1,111,0.6464,Employee,394.64,0.1255,317,True,0.5094,True,medium,62,5,1
2,13,0.5801,Employee,314.4152262595494,0.1574,7,True,0.9768,False,none,6,0,0
2,48,0.0707,Manager,85.41,0.0104,4,False,0.9596,False,none,2,0,0
2,42,0.2047,Director,646.22,0.0269,2,False,0.9462,False,none,0,0,0
4,58,0.8541,Director,2306.66,0.1361,0,False,0.9212,False,none,1,0,0
4,17,0.4376,Contractor,64.21,0.0574,2,False,0.8993,True,low,48,1,0
3,18,0.1344,Executive,617.58,0.0204,3,False,0.9436,False,none,9,0,0
31,0,0.0388,Director,110.12,0.004,3,False,0.7515,False,none,2,3,1
3,24,0.1753,Employee,108.51,0.0377,1,False,0.8892,False,none,6,0,0
1,29,0.4476,Director,1191.29,0.0647,10,False,0.9557,True,low,30,1,0
1,43,0.6645,Employee,402.02,0.1153,19,False,0.8883,False,none,13,0,0
1,39,0.4942,Employee,215.29,0.0602,1,False,0.8591,False,none,4,0,0
3,15,0.1691,Employee,94.78,0.0296,3,True,0.8555,False,none,12,0,0
3,15,0.1514,Employee,84.57,0.0251,12,True,0.9389,False,none,3,0,0
2,59,0.5165,Employee,321.98334154525827,0.1174,0,False,0.9725,False,none,5,0,0
2,11,0.0,Employee,78.88,0.0281,9,True,0.8719,False,none,5,0,0
1,28,0.0,Director,356.1334498365224,0.0163,3,True,0.9069,True,low,50,1,0
1,8,0.2191,Director,631.02,0.0312,5,True,0.8517,False,none,11,0,0
0,-1,0.7976,Contractor,109.61,0.1617,0,False,0.0,False,none,7,0,0
1,27,0.7654,Contractor,119.95659746697355,0.1287,2,False,0.9675,False,none,4,0,0
3,51,0.5388,Employee,193.46,0.0537,10,True,0.8646,False,none,0,0,0
0,-1,0.5955,Manager,744.67,0.0,4,False,0.0,False,none,12,0,0
3,58,0.0,Contractor,58.22,0.0723,0,False,0.9503,True,low,10,1,0
2,46,0.2976,Employee,178.53,0.0491,14,False,0.9761,False,none,9,0,0
2,90,0.6465,Employee,479.57,0.2416,201,True,0.6102,True,medium,85,3,1
3,37,0.1577,Employee,100.37,0.035,7,True,0.9433,False,none,0,0,0
1,8,0.7325,Employee,306.17,0.0985,4,False,0.9209,False,none,15,0,0
4,24,0.0,Contractor,60.23,0.0573,0,True,0.918,False,none,12,0,0
3,24,5.7371,Employee,2553.83,0.8908,10,False,0.2073,True,high,241,3,1
0,-1,0.0431,Manager,56.06,0.0071,3,False,0.0,False,none,11,0,0
1,46,0.0967,Employee,46.57,0.0135,1,False,0.8635,False,none,12,0,0
2,36,0.3508,Manager,385.97,0.0485,0,True,0.8717,False,none,12,0,0
4,22,0.4944,Employee,257.81,0.0702,4,True,0.9268,True,low,26,1,0
1,44,0.2282,Employee,143.89,0.0467,7,False,0.894,False,none,10,0,0
2,56,0.0,Employee,108.36,0.0342,12,False,0.9051,False,none,0,0,0
3,22,0.8143,Contractor,159.16,0.1991,2,False,0.9115,False,none,6,0,0
3,59,0.2066,Employee,109.14,0.0364,0,False,0.934,False,none,8,0,0
3,24,3.7069,Contractor,536.09,0.5396,12,True,0.2681,True,high,118,6,1
1,31,0.3063,Director,878.63,0.0425,11,False,0.8599,False,none,1,0,0
2,2,0.95,Employee,715.38,0.2498,1,True,0.4744,True,medium,142,2,1
3,13,0.5837,Director,1471.98,0.0718,3,False,0.8566,False,none,10,0,0
2,42,0.1065,Contractor,24.61,0.019,2,False,0.863,False,none,10,0,0
2,27,0.3384,Employee,214.71,0.0725,1,False,0.939,False,none,13,0,0
4,54,0.3826,Employee,215.78,0.0636,1,False,0.9599,False,none,4,0,0
1,50,0.3985,Employee,150.3,0.0388,1,True,0.9588,False,none,1,0,0
1,5,0.7088,Manager,888.81,0.1479,0,False,0.9202,False,none,11,0,0
2,10,0.129,Employee,62.64,0.0188,3,True,0.9131,False,none,13,0,0
1,119,0.6212,Employee,347.52,0.1302,457,True,0.6641,True,medium,70,3,1
2,20,0.2364,Employee,127.78,0.0326,4,True,0.9109,True,low,31,1,0
6,8,1.0391,Director,3293.04,0.175,1,True,0.541,True,high,90,5,1
3,22,0.1282,Employee,52.73,0.0262,6,False,0.9853,True,low,50,1,0
2,7,0.4438,Manager,526.57,0.065,1,False,0.9927,False,none,12,0,0
2,120,0.0,Executive,3697.9,0.1146,407,False,0.5162,True,medium,51,3,1
4,59,0.26,Employee,171.28,0.0529,0,False,0.9898,True,low,21,1,0
1,51,0.507,Director,1050.25,0.0505,33,False,0.9691,False,none,1,0,0
17,1,0.0064,Director,25.54,0.0013,1,False,0.8792,False,none,20,2,1
3,29,0.3769,Employee,201.9,0.0524,3,False,0.8924,False,none,14,0,0
3,46,1.0119,Director,3602.6988078600502,0.1637,10,False,0.9615,False,none,7,0,0
3,44,0.0,Director,252.47,0.0158,1,False,0.9433,False,none,0,0,0
2,3,0.5693,Director,1844.35556184038,0.0856,0,False,0.9817,False,none,9,0,0
3,29,9.9286,Employee,5077.81,1.692,10,False,0.3731,True,high,332,4,1
0,-1,0.4857,Employee,189.96,0.0518,8,True,0.0,False,none,0,0,0
1,4,0.1926,Employee,103.88,0.0413,2,False,0.8611,False,none,8,0,0
2,103,0.7877,Manager,655.57,0.0919,244,True,0.6987,True,medium,69,4,1
1,32,0.1431,Executive,856.38,0.0203,4,False,0.9188,False,none,10,0,0
2,14,0.112,Employee,67.46,0.0182,2,False,0.9978,False,none,12,0,0
3,12,0.3281,Employee,123.93,0.0452,6,False,0.9492,False,none,7,0,0
1,3,0.5331,Employee,240.81,0.1087,0,False,0.9357,False,none,1,0,0
3,33,1.0024,Contractor,223.3181970495529,0.201,1,True,0.888,False,none,3,0,0
24,2,0.1497,Employee,56.83,0.0146,3,False,0.8629,False,none,17,3,1
3,11,0.6023,Employee,276.86452148097146,0.0793,4,False,0.939,False,none,5,0,0
0,-1,0.9423,Employee,478.7971125588896,0.2051,4,True,0.0,True,low,19,1,0
0,-1,0.6101,Employee,231.88,0.0709,1,False,0.0,False,none,4,0,0
5,10,4.1924,Employee,1637.33,0.5192,10,True,0.4157,True,high,125,4,1
1,34,0.8042,Manager,624.18,0.0624,0,False,0.9679,False,none,0,0,0
0,-1,0.1513,Employee,85.14,0.029,4,False,0.0,False,none,2,0,0
2,11,1.035,Director,2594.9566494102664,0.1064,1,True,0.9556,False,none,1,0,0
4,49,0.7633,Manager,931.2834009515248,0.0885,5,False,0.9712,False,none,12,0,0
2,33,0.5393,Employee,287.59,0.1005,4,False,0.8914,False,none,1,0,0
1,1,0.3684,Executive,1820.04,0.0361,3,False,0.8581,False,none,4,0,0
4,17,0.3084,Director,746.0,0.0448,1,False,0.8633,False,none,6,0,0
3,24,0.2782,Director,944.19,0.0552,0,False,0.9366,False,none,4,0,0
2,18,0.0563,Manager,57.74,0.0053,3,False,0.9906,False,none,4,0,0
22,1,0.1789,Employee,110.5,0.0401,0,False,0.8278,False,none,2,3,1
0,-1,0.1616,Director,697.57,0.044,1,False,0.0,True,low,48,1,0
1,7,0.2208,Director,733.98,0.0335,0,False,0.9417,False,none,0,0,0
2,48,0.4682,Executive,2524.39,0.0637,1,False,0.8611,False,none,1,0,0
3,51,0.2292,Employee,124.34,0.0364,0,False,0.8544,False,none,8,0,0
4,25,9.5416,Employee,6464.86,2.03,5,True,0.3834,True,high,326,7,1
5,49,0.1971,Director,674.35,0.0411,2,True,0.9816,False,none,12,0,0
3,20,0.1598,Contractor,40.1,0.044,1,False,0.9372,False,none,9,0,0
0,-1,0.8703,Employee,278.43,0.1006,3,False,0.0,False,none,7,0,0
3,13,0.592,Employee,244.32457941397806,0.094,2,True,0.8694,False,none,3,0,0
3,30,9.3973,Executive,51645.16,0.915,15,False,0.5368,True,high,273,3,1
2,39,0.2152,Employee,93.01,0.033,7,False,0.9926,False,none,13,0,0
36,2,0.176,Employee,89.93,0.0361,3,True,0.6603,False,none,7,2,1
1,12,0.5094,Manager,592.83,0.0626,3,False,0.9833,False,none,7,0,0
3,16,0.4373,Employee,228.12,0.0672,8,False,0.8616,False,none,15,0,0
1,47,0.7568,Employee,307.4209987421112,0.0889,13,False,0.9086,False,none,15,0,0
1,18,0.6038,Employee,299.67,0.1291,10,False,0.9583,False,none,10,0,0
2,55,0.2327,Employee,97.28,0.0295,0,False,0.8906,False,none,12,0,0
1,22,0.2947,Contractor,66.23,0.0474,4,True,0.8928,False,none,0,0,0
4,6,0.4932,Director,1415.6,0.0671,1,True,0.9722,False,none,4,0,0
1,12,0.1598,Director,584.58,0.0414,4,False,0.8669,True,low,27,1,0
0,-1,0.993,Employee,423.85,0.1374,377,True,0.7799,True,medium,36,4,1
2,58,0.0855,Executive,503.45,0.0074,6,False,0.8736,False,none,10,0,0
0,-1,0.1241,Employee,61.4,0.0224,0,False,0.0,False,none,3,0,0
2,8,0.0,Manager,433.18,0.0452,1,False,0.9244,False,none,5,0,0
32,1,0.1018,Employee,54.57,0.023,1,False,0.8908,False,none,5,2,1
3,42,0.2726,Director,1120.27,0.0759,6,False,0.9835,False,none,6,0,0
2,34,0.3161,Employee,207.58,0.0904,0,False,0.9116,False,none,4,0,0
1,21,0.7202,Employee,363.55427386321134,0.1193,1,True,0.911,True,low,27,1,0
0,-1,0.0,Manager,442.5731394306215,0.0577,20,False,0.0,False,none,2,0,0
16,0,0.0445,Director,138.91,0.012,3,False,0.6535,False,none,2,1,1
5,2,0.2239,Employee,96.89,0.039,5,False,0.9406,False,none,3,0,0
0,-1,0.2495,Employee,168.9,0.0926,8,False,0.0,False,none,1,0,0
2,50,0.5442,Employee,253.94,0.0947,1,False,0.9086,True,low,21,1,0
3,24,0.4929,Manager,331.49,0.036,4,False,0.995,False,none,6,0,0
3,15,0.1356,Employee,65.47,0.0205,2,True,0.9549,False,none,5,0,0
2,14,8.364,Employee,3928.18,1.559,12,False,0.4134,True,high,189,7,1
3,3,0.0847,Employee,38.68,0.0166,1,False,0.9267,False,none,3,0,0
1,1,0.5212,Director,1344.5129396863445,0.0643,2,True,0.9237,True,low,45,1,0
3,6,0.0845,Executive,437.05,0.0089,1,False,0.9945,False,none,13,0,0
1,13,0.7214,Manager,734.8666388783604,0.0835,2,False,0.8986,False,none,6,0,0
2,11,0.457,Executive,2296.56,0.0412,4,False,0.9879,False,none,9,0,0
2,10,0.9073,Employee,229.7251750116716,0.0613,15,False,0.9576,False,none,5,0,0
2,40,0.3342,Executive,2339.23,0.0593,4,False,0.9989,False,none,1,0,0
0,-1,0.2096,Employee,146.43,0.0613,2,False,0.0,True,low,17,1,0
1,16,0.4788,Employee,250.97,0.0854,19,False,0.8509,False,none,9,0,0
3,15,0.1251,Manager,153.67,0.0,10,True,0.9662,False,none,9,0,0
6,5,0.701,Employee,331.8447234823468,0.0857,9,False,0.8971,False,none,11,0,0
2,24,0.371,Employee,94.87,0.0316,2,False,0.863,False,none,2,0,0
2,60,0.4991,Director,1541.05,0.0788,4,False,0.9506,False,none,6,0,0
3,52,0.3515,Employee,167.98,0.0438,0,True,0.8501,False,none,13,0,0
2,9,0.123,Manager,155.77,0.0218,7,True,0.9593,False,none,6,0,0
1,35,0.1109,Manager,91.07,0.0146,2,False,0.935,True,low,43,1,0
1,52,0.6272,Contractor,129.11906999572776,0.1207,6,False,0.9403,False,none,12,0,0
2,35,1.0301,Contractor,186.3032959993072,0.1689,13,False,0.9432,False,none,7,0,0
2,45,0.7418,Director,1994.0,0.1122,0,False,0.9539,False,none,12,0,0
0,-1,0.2822,Employee,156.01,0.0614,12,False,0.0,False,none,3,0,0
39,1,0.214,Employee,78.08,0.0229,3,True,0.6848,False,none,14,3,1
2,36,0.0,Employee,105.85,0.0372,0,False,0.9196,False,none,13,0,0
3,6,0.2665,Employee,132.36,0.0395,18,False,0.913,False,none,13,0,0
2,23,0.7237,Contractor,152.3790699123189,0.205,9,False,0.8972,False,none,12,0,0
6,8,0.6234,Employee,359.51,0.2251,0,False,0.9824,False,none,12,0,0
2,12,0.1705,Employee,75.93,0.0283,0,True,0.9052,False,none,14,0,0
3,40,0.9693,Employee,380.9518472367074,0.117,5,False,0.8935,False,none,10,0,0
5,22,0.2636,Employee,181.57,0.075,0,False,0.9631,False,none,9,0,0
0,-1,0.6572,Employee,244.89,0.1198,8,False,0.0,False,none,7,0,0
3,29,0.125,Employee,73.33,0.0281,4,False,0.8928,False,none,13,0,0
2,10,0.553,Employee,242.23,0.0769,3,False,0.8837,False,none,4,0,0
3,35,0.4411,Employee,226.69,0.0687,3,False,0.9464,False,none,8,0,0
3,1,1.4197,Employee,861.08,0.3589,0,True,0.4461,True,high,172,2,1
0,-1,0.1731,Director,388.51,0.0211,11,False,0.0,False,none,15,0,0
1,20,0.2386,Employee,108.38,0.0373,1,False,0.8917,False,none,2,0,0
3,13,9.2293,Manager,10368.98,1.4979,9,True,0.302,True,high,185,6,1
2,38,0.4759,Director,1681.32,0.0657,3,False,0.9006,False,none,0,0,0
2,5,0.1575,Employee,75.36,0.0258,3,False,0.8892,False,none,8,0,0
0,-1,0.3468,Employee,160.86,0.0523,0,False,0.0,True,low,23,1,0
2,9,0.13,Employee,55.51,0.0176,1,False,0.855,False,none,9,0,0
3,29,0.6276,Employee,227.85059647163695,0.0,10,False,0.9571,False,none,12,0,0
0,-1,0.0,Employee,46.16,0.0183,0,False,0.0,False,none,4,0,0
2,52,0.5841,Employee,297.0853416702636,0.0982,0,False,0.9481,False,none,14,0,0
0,-1,0.1462,Contractor,33.77,0.0449,0,False,0.0,True,low,24,1,0
0,-1,0.5891,Manager,603.0496043913319,0.0974,1,False,0.0,False,none,13,0,0
1,49,0.1319,Employee,96.04,0.0329,5,False,0.8739,False,none,4,0,0
2,7,0.7207,Employee,180.81198889530353,0.0485,2,False,0.8823,False,none,7,0,0
0,-1,0.0724,Employee,33.61,0.0118,0,False,0.0,False,none,11,0,0
5,40,0.7631,Contractor,150.69039156341694,0.1531,0,False,0.9021,False,none,1,0,0
4,59,0.9969,Manager,999.7898206210511,0.0933,0,False,0.8846,False,none,15,0,0
3,3,0.1923,Contractor,60.89,0.0556,9,False,0.8691,True,low,47,1,0
2,11,0.1107,Manager,139.8,0.0,3,False,0.9936,False,none,1,0,0
2,17,0.1002,Contractor,22.07,0.0181,20,False,0.9491,False,none,3,0,0
2,27,0.0849,Employee,44.58,0.0143,1,False,0.8659,False,none,5,0,0
1,59,0.2023,Contractor,37.63,0.0383,5,False,0.9161,False,none,4,0,0
1,52,0.0966,Director,351.1,0.0148,3,False,0.9934,False,none,12,0,0
1,16,0.9067,Employee,566.7665052592406,0.2067,1,False,0.9228,False,none,2,0,0
2,30,0.2601,Contractor,47.39,0.05,5,True,0.9949,False,none,13,0,0
1,5,0.0,Manager,490.72,0.0626,6,True,0.9182,False,none,9,0,0
1,38,0.1053,Manager,139.95,0.0194,6,False,0.9957,False,none,5,0,0
2,12,0.1561,Manager,169.12,0.0345,4,False,0.8713,False,none,8,0,0
3,10,0.0654,Employee,44.1,0.0138,1,False,0.8717,False,none,10,0,0
3,59,0.1574,Employee,62.82,0.0206,3,False,0.8793,False,none,6,0,0
6,20,0.1073,Employee,46.29,0.0149,1,False,0.9253,False,none,10,0,0
2,103,1.0466,Employee,382.68,0.0,373,False,0.5214,True,medium,54,4,1
4,28,0.2859,Employee,143.0,0.0327,4,False,0.9452,False,none,10,0,0
0,-1,0.1803,Employee,88.72,0.0212,3,True,0.0,False,none,4,0,0
2,10,8.5714,Contractor,1363.11,1.7946,16,True,0.2755,True,high,129,5,1
5,20,2.8153,Director,8620.33,0.7112,15,False,0.3163,True,high,218,4,1
1,19,0.5228,Director,1492.11,0.0616,2,False,0.9496,True,low,34,1,0
0,-1,0.5206,Manager,565.61,0.058,279,True,0.7172,True,medium,98,3,1
3,46,0.1546,Contractor,19.67,0.0143,10,True,0.9783,False,none,5,0,0
2,19,0.1445,Contractor,29.96,0.0378,1,False,0.9267,False,none,11,0,0
2,20,0.5099,Director,1195.46,0.0554,0,True,0.984,False,none,10,0,0
5,54,0.9125,Employee,492.13435472540743,0.1944,0,True,0.9755,False,none,5,0,0
1,16,0.0757,Employee,34.2,0.0086,4,False,0.9748,False,none,12,0,0
1,8,0.1886,Employee,84.44,0.0364,0,False,0.9394,False,none,5,0,0
2,10,3.0633,Employee,1198.16,0.256,14,True,0.2227,True,high,256,4,1
2,33,0.1695,Employee,76.47,0.0458,9,False,0.9876,False,none,3,0,0
10,10,1.8602,Director,4166.16,0.2206,1,True,0.6301,True,medium,181,3,1
3,28,0.399,Employee,196.27,0.0561,10,False,0.9115,False,none,0,0,0
0,-1,0.9323,Employee,512.75,0.1935,458,False,0.5566,True,medium,30,2,1
3,58,0.1975,Contractor,33.65,0.0287,16,False,0.8852,False,none,5,0,0
3,40,0.1871,Director,525.77,0.0214,12,False,0.8594,False,none,13,0,0
2,55,0.2902,Employee,122.18,0.0355,7,False,0.9334,False,none,12,0,0
1,48,0.3034,Director,1071.59,0.0455,8,False,0.8625,False,none,12,0,0
2,7,0.5014,Employee,315.87,0.1228,2,True,0.8501,False,none,5,0,0
1,33,0.0902,Employee,61.46,0.0193,3,False,0.9597,False,none,14,0,0
0,-1,0.4827,Manager,416.6,0.0383,4,False,0.0,False,none,0,0,0
3,49,0.2249,Director,778.33,0.038,2,False,0.9444,False,none,0,0,0
3,16,0.2301,Director,660.06,0.0315,2,False,0.9655,False,none,14,0,0
1,38,0.6938,Employee,231.35188234795558,0.0957,0,False,0.9128,False,none,9,0,0
2,47,0.285,Employee,182.51,0.0,14,False,0.8726,False,none,12,0,0
2,9,0.2702,Manager,316.21,0.0334,1,False,0.8986,False,none,5,0,0
0,-1,0.2267,Employee,99.72,0.0472,9,False,0.0,False,none,4,0,0
1,40,0.1609,Manager,196.36,0.0237,12,False,0.9118,False,none,2,0,0
2,51,0.078,Employee,45.29,0.0226,2,False,0.9393,False,none,8,0,0
1,33,0.2149,Manager,235.87,0.0271,10,False,0.879,False,none,9,0,0
0,-1,0.9429,Employee,292.3,0.0857,384,True,0.7992,True,medium,98,4,1
1,6,0.0,Employee,1072.31,0.2802,0,True,0.4473,True,medium,152,3,1
15,2,0.0635,Employee,35.08,0.0201,4,False,0.7076,False,none,7,1,1
25,1,0.0198,Director,52.72,0.0023,4,False,0.7857,False,none,15,3,1
0,-1,0.5245,Director,1440.75,0.0574,3,False,0.0,True,low,38,1,0
2,47,0.0,Director,436.90568726398936,0.0254,2,False,0.9086,False,none,11,0,0
2,36,0.1002,Contractor,17.81,0.0187,0,False,0.8892,False,none,9,0,0
3,2,0.8966,Employee,452.4218131614831,0.1312,0,False,0.948,False,none,1,0,0
16,0,0.0461,Manager,47.99,0.0064,2,False,0.8907,False,none,19,1,1
0,-1,0.7224,Contractor,133.51,0.1577,14,False,0.0,False,none,11,0,0
3,21,0.5693,Director,1445.7203180300303,0.0853,1,False,0.9865,False,none,15,0,0
1,20,3.4366,Director,10012.29,0.5585,12,True,0.6659,True,high,268,8,1
0,-1,0.0253,Manager,22.6,0.0035,0,False,0.0,False,none,10,0,0
3,53,0.1657,Employee,107.85,0.0449,3,False,0.8848,True,low,15,1,0
1,54,0.5388,Employee,191.02,0.0704,0,False,0.9793,True,low,25,1,0
2,46,0.5374,Manager,333.7668177286086,0.0431,0,False,0.9669,False,none,4,0,0
1,35,0.2231,Employee,136.09,0.0467,5,False,0.9597,False,none,10,0,0
3,23,0.8747,Employee,477.3376794992793,0.1413,4,False,0.871,False,none,3,0,0
4,22,0.5366,Employee,216.63931205039577,0.0579,1,False,0.9874,False,none,11,0,0
1,49,0.1026,Contractor,22.13,0.0218,7,False,0.9049,False,none,9,0,0
3,51,0.1422,Employee,47.91,0.0142,1,True,0.9766,False,none,14,0,0
3,32,0.3305,Employee,156.71,0.058,14,True,0.9266,False,none,6,0,0
2,34,0.3237,Director,1056.93,0.0508,4,False,0.9878,False,none,1,0,0
0,-1,0.4268,Employee,211.39,0.0546,14,False,0.0,False,none,15,0,0
0,-1,0.2115,Employee,82.88,0.0343,14,False,0.0,False,none,9,0,0
0,-1,0.0158,Director,56.77,0.0024,4,False,0.0,False,none,1,0,0
4,5,1.9307,Employee,949.65,0.3434,1,True,0.7477,True,high,172,2,1
1,5,0.2387,Employee,129.13,0.0478,7,False,0.998,False,none,4,0,0
2,58,0.2572,Employee,122.73,0.0461,1,False,0.9012,False,none,0,0,0
3,37,0.1211,Employee,53.89,0.0204,12,False,0.8525,False,none,10,0,0
2,58,0.5116,Manager,396.6,0.0534,5,False,0.8931,False,none,9,0,0
1,24,0.7518,Director,1936.2300115564292,0.0919,1,False,0.9157,False,none,15,0,0
1,48,0.1373,Manager,162.07,0.0242,1,False,0.8667,False,none,2,0,0
1,55,0.2564,Employee,116.52,0.0356,19,True,0.9447,False,none,6,0,0
0,-1,0.5079,Director,1516.7425525363778,0.0766,4,False,0.0,False,none,9,0,0
5,60,0.6462,Employee,277.14811751934917,0.0826,7,False,0.8809,False,none,12,0,0
2,34,0.1388,Employee,73.29,0.0303,6,False,0.9254,False,none,3,0,0
8,6,0.6722,Employee,264.03,0.0755,16,False,0.8913,False,none,0,0,0
0,-1,0.3719,Manager,271.09,0.0264,2,False,0.0,False,none,3,0,0
0,-1,0.4393,Employee,178.64,0.0749,1,False,0.0,False,none,7,0,0
1,35,0.1205,Employee,57.01,0.0178,3,False,0.9626,False,none,0,0,0
3,48,0.2332,Manager,194.29,0.0228,3,False,0.8682,False,none,2,0,0
5,3,1.487,Executive,6398.64,0.2442,1,True,0.5398,True,medium,60,5,1
3,33,0.3804,Manager,411.74,0.0612,3,True,0.9576,False,none,4,0,0
1,45,0.1964,Manager,200.63,0.0297,6,False,0.9693,False,none,12,0,0
10,4,1.1694,Employee,787.24,0.5113,0,True,0.5413,True,medium,135,2,1
1,24,0.1948,Executive,982.24,0.0208,10,False,0.9449,False,none,2,0,0
3,12,0.2448,Director,368.28,0.0163,8,False,0.9036,False,none,12,0,0
2,33,0.1227,Employee,48.48,0.0142,5,False,0.9867,False,none,0,0,0
3,1,0.3223,Employee,153.39,0.043,3,False,0.9015,False,none,2,0,0
3,3,0.4461,Employee,189.42,0.0742,1,False,0.984,False,none,10,0,0
4,27,0.1654,Employee,100.76,0.0292,16,True,0.9742,False,none,3,0,0
2,25,2.562,Manager,2978.82,0.4008,18,True,0.4111,True,high,323,7,1
2,10,6.9398,Manager,6182.62,0.7094,18,True,0.4092,True,high,166,6,1
2,59,0.6583,Director,2441.98,0.1207,9,True,0.8505,False,none,8,0,0
6,23,0.3263,Employee,181.55,0.0663,0,False,0.8668,False,none,10,0,0
1,57,0.1554,Director,366.09,0.0177,0,False,0.8795,False,none,3,0,0
0,-1,0.5304,Manager,564.93,0.0571,19,False,0.0,True,low,29,1,0
4,14,0.4498,Employee,212.07,0.0925,1,False,0.9323,False,none,7,0,0
0,-1,0.3579,Employee,176.97,0.0599,2,False,0.0,False,none,0,0,0
6,53,0.3274,Manager,318.94,0.0335,2,False,0.9455,True,low,44,1,0
23,0,0.2773,Employee,101.73,0.0269,1,False,0.6698,False,none,19,1,1
1,64,0.8575,Manager,952.63,0.1764,190,True,0.7122,True,medium,64,5,1
1,11,8.8014,Employee,5212.62,1.6954,20,False,0.2494,True,high,336,8,1
3,7,0.8146,Manager,1074.95,0.1288,1,True,0.7462,True,high,96,3,1
2,19,0.1725,Contractor,37.03,0.0353,1,False,0.8521,False,none,6,0,0
2,20,0.1224,Contractor,27.29,0.0331,1,False,0.9074,False,none,6,0,0
2,11,2.9207,Contractor,603.29,0.7085,6,False,0.5897,True,high,200,4,1
4,35,0.2789,Employee,125.32,0.054,0,True,0.9375,False,none,10,0,0
15,1,0.1657,Contractor,40.27,0.0418,3,True,0.8258,False,none,20,1,1
4,3,0.0549,Employee,39.36,0.0102,7,False,0.9615,True,low,34,1,0
1,60,0.0,Employee,87.34,0.035,16,False,0.9565,False,none,3,0,0
1,31,0.1406,Employee,74.64,0.0267,2,False,0.9751,False,none,13,0,0
0,-1,0.9952,Executive,3672.93,0.0586,274,False,0.5433,True,medium,31,5,1
19,2,0.2934,Employee,137.94,0.0422,5,False,0.775,False,none,14,2,1
1,12,0.1326,Employee,85.85,0.0265,0,False,0.9131,False,none,7,0,0
0,-1,0.1942,Employee,65.67,0.0204,1,False,0.0,True,low,18,1,0
1,25,0.6929,Employee,305.44945430402464,0.1067,9,True,0.8556,False,none,3,0,0
5,28,0.3691,Director,876.5,0.0347,7,False,0.9311,False,none,9,0,0
1,51,0.2977,Director,1079.69,0.0615,13,False,0.9818,False,none,4,0,0
1,20,0.5676,Employee,201.81,0.0,1,True,0.9184,False,none,14,0,0
3,32,0.4624,Employee,185.35,0.0838,3,False,0.8937,False,none,13,0,0
4,53,0.3712,Contractor,61.6,0.0516,6,False,0.9653,False,none,4,0,0
4,28,0.3394,Manager,313.4,0.0362,1,False,0.8906,True,low,20,1,0
3,3,1.1946,Employee,513.55,0.1432,0,True,0.4673,True,medium,175,3,1
1,57,0.6809,Manager,734.6250563313786,0.0856,1,False,0.8812,True,low,11,1,0
2,30,0.4069,Employee,157.36,0.0718,5,True,0.8859,True,low,43,1,0
0,-1,0.6387,Manager,616.6268388357264,0.0651,5,False,0.0,True,low,47,1,0
1,53,0.8453,Director,1763.43908656594,0.1446,0,False,0.8853,False,none,14,0,0
2,48,0.8997,Employee,423.14931587008147,0.1247,3,True,0.9575,True,low,31,1,0
1,36,0.0747,Executive,542.85,0.0105,5,False,0.9138,False,none,1,0,0
2,74,0.8385,Director,3000.02,0.1577,307,False,0.5356,True,medium,61,2,1
0,-1,0.6162,Contractor,135.99,0.1569,0,False,0.0,False,none,11,0,0
0,-1,0.1874,Employee,99.35,0.0314,3,True,0.0,True,low,50,1,0
2,16,0.0,Director,339.08403262291677,0.0277,7,False,0.8917,False,none,12,0,0
1,56,0.1774,Manager,164.31,0.0178,1,False,0.9107,False,none,3,0,0
5,12,7.7975,Employee,4018.66,1.4392,9,True,0.5263,True,high,214,7,1
2,10,0.9899,Manager,1158.0841324375428,0.2345,4,False,0.8551,False,none,15,0,0
0,-1,1.002,Employee,434.40064943231687,0.1484,0,False,0.0,False,none,9,0,0
4,6,0.1889,Director,561.57,0.0258,8,True,0.8739,False,none,4,0,0
1,41,0.6591,Employee,362.93,0.099,0,False,0.8765,False,none,0,0,0
0,-1,0.5335,Director,1559.6729830099825,0.0827,0,False,0.0,False,none,8,0,0
3,30,0.7873,Contractor,142.50415079294066,0.1639,3,True,0.863,False,none,5,0,0
0,-1,0.309,Director,906.81,0.0478,0,True,0.0,True,low,11,1,0
4,28,0.33,Employee,174.99,0.0661,0,False,0.9153,False,none,8,0,0
3,10,0.3424,Manager,332.57,0.0403,0,False,0.9968,False,none,9,0,0
5,24,0.313,Executive,1423.48,0.0218,0,False,0.9249,False,none,6,0,0
3,27,0.198,Employee,122.05,0.0326,14,False,0.8625,False,none,5,0,0
1,12,0.1129,Manager,112.92,0.023,1,False,0.9091,False,none,13,0,0
5,10,0.1066,Employee,50.24,0.0169,2,False,0.9784,True,low,49,1,0
2,55,0.4462,Director,1216.84,0.0585,1,False,0.8904,False,none,2,0,0
0,-1,0.4351,Employee,238.78,0.0697,3,False,0.0,False,none,9,0,0
1,56,0.211,Employee,88.43,0.0269,5,False,0.8908,True,low,36,1,0
1,22,0.217,Manager,227.33,0.0303,1,False,0.9686,False,none,11,0,0
3,45,0.0922,Employee,61.23,0.0,0,False,0.8915,False,none,3,0,0
31,0,0.0606,Manager,74.9,0.0068,0,False,0.7287,False,none,7,2,1
1,12,0.2443,Employee,78.86,0.0349,0,False,0.9586,False,none,13,0,0
4,55,0.142,Executive,643.47,0.0153,1,True,0.8648,True,low,15,1,0
1,52,0.1147,Director,321.93,0.0171,3,False,0.9589,True,low,35,1,0
1,30,6.225,Manager,5834.95,0.8785,17,True,0.6937,True,high,141,4,1
17,0,0.1667,Manager,123.06,0.0159,0,False,0.663,False,none,3,2,1
0,-1,0.5021,Manager,415.08,0.0439,3,False,0.0,False,none,1,0,0
4,49,0.3125,Employee,168.14,0.0492,0,False,0.9982,False,none,1,0,0
1,30,0.39,Employee,257.54,0.0836,8,False,0.9732,False,none,0,0,0
1,11,0.0978,Contractor,21.08,0.0195,8,True,0.9559,False,none,14,0,0
3,46,0.131,Contractor,33.61,0.0321,7,True,0.884,False,none,13,0,0
2,29,3.4733,Manager,2993.99,0.3827,17,False,0.4406,True,high,237,3,1
3,56,0.7306,Employee,376.23320660496984,0.097,1,False,0.8659,False,none,9,0,0
3,56,0.6935,Manager,756.1693095190323,0.0721,15,True,0.9955,False,none,8,0,0
2,12,0.1767,Employee,123.61,0.0378,3,False,0.8743,False,none,1,0,0
2,30,0.1761,Employee,73.75,0.0194,1,False,0.8889,True,low,38,1,0
3,55,0.2651,Employee,103.14,0.0361,15,False,0.9974,False,none,4,0,0
0,-1,0.6594,Contractor,158.91,0.145,378,True,0.5013,True,medium,57,2,1
4,17,0.3571,Contractor,51.0,0.0712,0,True,0.9839,False,none,3,0,0
1,33,0.2477,Director,719.22,0.0321,10,True,0.8599,False,none,3,0,0
2,15,0.6352,Manager,596.44,0.062,0,True,0.857,False,none,12,0,0
1,19,0.3055,Employee,154.29,0.0545,2,False,0.9106,False,none,10,0,0
1,57,0.4662,Employee,203.3,0.0864,6,False,0.9642,False,none,4,0,0
2,21,0.1713,Director,572.7,0.0225,6,False,0.9209,False,none,3,0,0
0,-1,1.1174,Manager,1002.21,0.1246,248,True,0.6777,True,medium,94,5,1
39,2,0.2516,Employee,123.69,0.0369,3,True,0.8203,False,none,4,1,1
1,18,0.3602,Employee,173.27,0.0516,1,False,0.9134,False,none,11,0,0
2,6,0.6547,Employee,251.83,0.0907,1,True,0.7222,True,high,108,6,1
4,15,0.534,Manager,470.94,0.0598,2,False,0.9295,False,none,9,0,0
2,12,0.3889,Director,774.84,0.0511,3,True,0.9075,False,none,8,0,0
2,12,0.3364,Employee,211.14,0.079,1,False,0.9333,False,none,14,0,0
1,14,0.0,Employee,39.34,0.011,2,False,0.8716,False,none,6,0,0
2,45,0.7617,Employee,409.0001604994417,0.2411,7,False,0.8708,False,none,13,0,0
2,2,0.3624,Director,1519.26,0.0835,5,False,0.9696,False,none,12,0,0
2,16,0.2606,Employee,128.96,0.0502,7,False,0.889,True,low,43,1,0
4,6,0.1809,Manager,226.8,0.0378,21,False,0.9935,False,none,13,0,0
0,-1,0.3598,Manager,277.46,0.0342,3,False,0.0,True,low,40,1,0
2,28,0.31,Director,648.19,0.0253,4,False,0.9776,False,none,7,0,0
5,26,0.1539,Employee,80.61,0.0293,1,True,0.9624,False,none,5,0,0
18,0,0.1622,Employee,127.03,0.0445,2,False,0.747,False,none,3,3,1
4,57,0.4598,Employee,209.95,0.063,9,True,0.9315,False,none,12,0,0
1,38,0.5434,Employee,336.09,0.0924,7,False,0.8512,False,none,5,0,0
18,1,0.0703,Employee,35.81,0.0099,3,True,0.8486,False,none,13,1,1
3,59,0.0943,Director,281.78,0.0187,1,False,0.8824,False,none,6,0,0
1,19,0.4525,Manager,378.35,0.0443,4,False,0.9375,False,none,14,0,0
3,52,0.1448,Director,468.69,0.0265,7,False,0.9161,False,none,13,0,0
4,48,0.0,Director,404.7759514968143,0.018,3,False,0.9097,False,none,5,0,0
4,45,0.6788,Manager,709.1220742478683,0.1261,20,False,0.9405,False,none,14,0,0
2,58,0.5479,Executive,2220.160076838396,0.0409,3,False,0.9359,False,none,1,0,0
2,46,0.1124,Manager,116.26,0.0188,7,False,0.913,False,none,5,0,0
3,32,0.1322,Employee,87.34,0.0261,6,False,0.8897,False,none,0,0,0
4,27,0.1977,Contractor,41.15,0.0436,8,False,0.9622,False,none,0,0,0
1,54,0.5865,Employee,233.87,0.0995,2,False,0.9767,False,none,2,0,0
3,3,0.631,Manager,702.2487264711001,0.1144,1,False,0.8919,False,none,7,0,0
0,-1,0.1458,Employee,91.81,0.0314,3,False,0.0,False,none,2,0,0
0,-1,0.9646,Director,3086.5,0.2496,238,True,0.7968,True,medium,72,4,1
3,53,0.0,Manager,242.97,0.0444,3,False,0.9332,False,none,6,0,0
1,16,0.1687,Manager,144.02,0.0164,0,True,0.9091,False,none,0,0,0
1,15,0.7183,Contractor,166.77,0.1772,2,False,0.8684,False,none,8,0,0
6,10,0.8834,Director,2857.52,0.0995,0,True,0.7806,True,medium,112,3,1
3,18,0.8234,Employee,350.87181909490357,0.1337,6,False,0.874,False,none,8,0,0
1,7,0.1603,Employee,109.13,0.036,2,True,0.9379,False,none,7,0,0
5,8,1.6806,Employee,805.08,0.2392,1,True,0.4605,True,high,148,4,1
2,8,0.6138,Director,1829.92,0.0703,0,True,0.4106,True,medium,118,6,1
6,23,0.5582,Employee,307.5851013616642,0.0897,3,False,0.9537,False,none,10,0,0
24,0,0.2093,Employee,103.27,0.0598,0,False,0.7325,False,none,14,3,1
2,17,0.8341,Employee,359.48,0.0927,1,True,0.979,True,low,44,1,0
4,35,0.2484,Director,976.07,0.0558,3,False,0.9687,False,none,0,0,0
2,54,0.3554,Employee,150.92,0.0743,2,False,0.9362,False,none,5,0,0
1,4,0.1236,Executive,620.11,0.0134,3,False,0.8749,False,none,9,0,0
4,51,0.7769,Employee,314.02894979435325,0.0875,6,False,0.9039,False,none,5,0,0
1,51,0.2888,Employee,87.93,0.0425,2,False,0.8758,False,none,15,0,0
3,21,8.967,Employee,4962.6,1.5235,7,False,0.2844,True,high,144,4,1
3,51,0.694,Employee,245.93896679545205,0.0731,9,False,0.9496,False,none,9,0,0
5,42,0.2257,Employee,133.51,0.0381,4,False,0.8519,False,none,5,0,0
1,51,0.2312,Employee,83.32,0.0259,5,False,0.852,False,none,5,0,0
2,54,0.1313,Employee,52.59,0.0184,7,False,0.9838,True,low,47,1,0
2,2,0.3392,Employee,157.98,0.0559,8,False,0.9576,True,low,15,1,0
2,11,0.0397,Employee,21.25,0.0097,14,False,0.8947,True,low,47,1,0
1,34,0.5117,Director,1222.8882555424177,0.0584,7,False,0.8715,True,low,35,1,0
1,31,0.3916,Employee,147.82,0.048,0,False,0.9963,False,none,6,0,0
3,30,0.5214,Manager,509.16,0.0,0,False,0.876,True,low,37,1,0
3,13,0.0974,Director,239.34,0.0113,7,True,0.968,False,none,8,0,0
4,7,0.61,Contractor,154.93333076571147,0.1835,13,False,0.9084,False,none,3,0,0
1,34,0.2674,Employee,136.21,0.0577,3,False,0.9043,False,none,1,0,0
3,3,0.599,Manager,368.3741335061748,0.0402,0,False,0.9728,False,none,15,0,0
1,54,0.2019,Employee,110.38,0.0448,2,False,0.9769,False,none,5,0,0
3,20,0.191,Employee,60.43,0.0221,10,False,0.89,False,none,5,0,0
3,25,0.7046,Employee,368.62,0.1146,0,False,0.9359,False,none,0,0,0
3,54,0.0533,Director,202.23,0.0114,1,False,0.9642,False,none,8,0,0
2,42,0.6464,Employee,274.0642137397579,0.0685,1,False,0.8518,False,none,7,0,0
5,12,0.7404,Employee,468.81,0.1793,2,False,0.8637,False,none,0,0,0
1,44,0.5427,Contractor,103.55840919809943,0.0905,5,False,0.9141,False,none,13,0,0
0,-1,0.4148,Employee,207.31,0.1038,1,False,0.0,False,none,12,0,0
2,23,0.1173,Contractor,30.93,0.0361,0,False,0.9818,False,none,14,0,0
26,2,0.0141,Director,51.57,0.0026,5,True,0.7118,False,none,19,3,1
3,37,0.1438,Director,434.8,0.0175,7,True,0.9765,False,none,10,0,0
24,0,0.1085,Employee,60.87,0.0168,3,True,0.8698,False,none,7,1,1
2,31,0.3427,Director,758.73,0.0698,12,False,0.9467,True,low,35,1,0
3,48,0.1533,Manager,191.08,0.022,0,False,0.8775,False,none,8,0,0
1,28,0.8559,Manager,457.8204021572354,0.045,2,False,0.8994,False,none,1,0,0
0,-1,0.3981,Manager,392.8,0.0884,11,True,0.0,False,none,15,0,0
1,55,0.2355,Contractor,51.37,0.0385,1,False,0.8533,False,none,4,0,0
2,9,1.4869,Employee,695.67,0.2338,1,True,0.6731,True,high,154,2,1
3,37,0.4097,Employee,195.2,0.0814,0,False,0.9896,False,none,15,0,0
0,-1,0.2702,Director,817.2,0.0355,2,False,0.0,False,none,5,0,0
1,14,0.986,Employee,458.484146517374,0.1647,1,False,0.9659,True,low,10,1,0
2,19,0.1112,Director,351.49,0.0221,4,False,0.8737,False,none,7,0,0
2,41,0.3238,Contractor,56.02,0.0912,3,True,0.9402,False,none,13,0,0
1,35,0.687,Executive,4174.939032321624,0.0806,6,True,0.9159,False,none,5,0,0
2,43,0.3042,Employee,100.76,0.0301,4,False,0.968,False,none,2,0,0
1,25,1.0101,Employee,454.8527350866489,0.1494,5,False,0.9451,False,none,7,0,0
1,58,0.2609,Employee,138.32,0.0375,20,True,0.9882,False,none,8,0,0
6,33,0.6111,Employee,282.6,0.0895,7,True,0.864,False,none,1,0,0
0,-1,1.0071,Contractor,178.38,0.1541,408,True,0.5611,True,medium,96,2,1
1,34,0.3392,Director,1428.25,0.0708,2,False,0.8748,False,none,9,0,0
2,2,0.8633,Director,1838.3185440043083,0.1867,0,False,0.9186,False,none,10,0,0
0,-1,0.1799,Employee,96.33,0.0435,6,False,0.0,True,low,47,1,0
2,52,0.2523,Manager,276.44,0.033,3,False,0.9208,True,low,12,1,0
3,49,0.2155,Director,713.97,0.0407,4,False,0.9707,False,none,8,0,0
1,42,0.1564,Employee,78.33,0.0324,8,False,0.888,False,none,15,0,0
2,60,0.0,Contractor,102.46,0.0718,3,False,0.9487,False,none,11,0,0
0,-1,0.1568,Employee,98.88,0.0361,11,False,0.0,False,none,0,0,0
0,-1,0.3056,Director,985.48,0.0401,3,False,0.0,False,none,12,0,0
5,21,0.2045,Employee,125.25,0.0407,0,False,0.8699,False,none,1,0,0
3,45,0.1512,Employee,70.32,0.0255,12,False,0.9299,False,none,8,0,0
2,57,0.0642,Executive,260.01,0.0053,25,False,0.9848,False,none,14,0,0
2,10,0.72,Employee,306.44452100737044,0.1487,8,False,0.9999,False,none,1,0,0
4,19,0.0836,Director,291.42,0.0167,8,True,0.9378,False,none,15,0,0
4,17,0.7488,Director,2281.93,0.0893,1,False,0.8779,False,none,13,0,0
3,60,0.1134,Employee,41.38,0.0123,5,False,0.9354,False,none,11,0,0
5,10,0.2208,Executive,1383.12,0.026,5,False,0.9382,False,none,7,0,0
4,33,0.4256,Manager,453.33,0.0507,4,False,0.9196,False,none,11,0,0
2,4,0.232,Employee,136.16,0.0658,4,False,0.9285,False,none,7,0,0
19,0,0.1599,Employee,66.34,0.0201,0,True,0.6199,False,none,1,2,1
1,47,0.7901,Manager,910.13,0.135,11,True,0.962,False,none,7,0,0
1,8,0.0831,Director,270.39,0.0128,18,False,0.8525,False,none,10,0,0
3,35,0.3873,Manager,333.22,0.0418,1,False,0.9152,False,none,9,0,0
2,22,0.2528,Manager,286.43,0.0427,0,False,0.9432,False,none,5,0,0
2,28,0.0,Director,523.1647023359105,0.0226,4,False,0.9413,False,none,8,0,0
4,53,0.5101,Manager,509.37,0.0679,1,False,0.9665,False,none,1,0,0
0,-1,0.5024,Director,1575.8988662458157,0.0812,2,False,0.0,False,none,0,0,0
0,-1,0.2454,Employee,134.07,0.0583,5,False,0.0,False,none,9,0,0
3,8,0.3936,Contractor,110.5,0.1006,0,False,0.9566,False,none,6,0,0
1,32,0.3301,Manager,251.23,0.0276,8,False,0.9244,True,low,32,1,0
2,20,9.745,Employee,3266.63,0.923,7,True,0.4578,True,high,153,4,1
3,20,0.6405,Employee,281.3,0.0964,4,False,0.8913,False,none,0,0,0
2,56,0.0,Employee,126.89,0.0406,6,False,0.8693,False,none,0,0,0
3,51,0.8346,Employee,335.7136946643865,0.1455,6,True,0.9207,False,none,11,0,0
0,-1,0.6984,Manager,581.79,0.0776,317,False,0.6151,True,medium,34,4,1
3,35,0.6894,Contractor,77.00156704176929,0.0813,4,False,0.9613,False,none,10,0,0
4,24,0.117,Employee,45.35,0.013,7,False,0.8873,False,none,1,0,0
2,58,0.0,Director,336.88,0.0167,3,True,0.9743,False,none,9,0,0
5,10,0.0,Employee,3836.58,1.453,11,False,0.3968,True,high,296,4,1
2,36,0.0989,Manager,62.8,0.0066,1,False,0.9099,False,none,0,0,0
0,-1,0.0,Employee,141.9,0.0387,5,False,0.0,True,low,34,1,0
4,22,0.2757,Employee,103.17,0.0332,6,True,0.9581,True,low,22,1,0
0,-1,0.7076,Employee,433.98,0.1304,3,False,0.0,False,none,13,0,0
1,3,0.4677,Employee,243.23,0.0873,1,True,0.9395,False,none,3,0,0
3,57,0.5438,Manager,550.52,0.0531,2,False,0.9969,True,low,22,1,0
2,35,0.3615,Director,1081.22,0.0387,2,False,0.8914,True,low,20,1,0
5,3,0.8609,Employee,314.5976665806929,0.1319,1,False,0.8943,False,none,5,0,0
30,1,0.2401,Employee,143.28,0.0558,2,False,0.6889,False,none,1,3,1
0,-1,0.1419,Manager,150.71,0.017,2,True,0.0,False,none,2,0,0
0,-1,0.1653,Manager,162.93,0.0139,22,False,0.0,False,none,15,0,0
4,45,0.1047,Executive,628.86,0.0136,5,False,0.9638,True,low,24,1,0
2,9,0.2376,Employee,121.23,0.0371,4,False,0.9061,False,none,0,0,0
2,26,0.869,Employee,288.16,0.1119,8,False,0.8855,False,none,0,0,0
0,-1,0.2261,Employee,139.65,0.0762,0,False,0.0,False,none,3,0,0
2,30,0.0,Employee,2940.27,0.8018,5,True,0.3824,True,high,255,3,1
2,37,0.379,Employee,168.61,0.0804,1,False,0.9201,False,none,3,0,0
3,35,0.4427,Director,791.29,0.0383,0,True,0.9146,False,none,11,0,0
5,18,0.6418,Director,1467.7408554441192,0.0957,4,False,0.9972,False,none,10,0,0
0,-1,0.2221,Employee,103.67,0.0394,0,False,0.0,True,low,45,1,0
2,82,1.5157,Employee,560.2,0.1524,451,True,0.585,True,medium,72,4,1
0,-1,0.1905,Employee,113.86,0.0303,9,True,0.0,False,none,15,0,0
2,7,1.9401,Manager,1693.22,0.2507,0,True,0.5238,True,high,164,2,1
1,3,1.8065,Employee,944.27,0.3197,0,True,0.5413,True,medium,179,4,1
4,15,0.161,Contractor,34.8,0.0418,6,False,0.9519,True,low,41,1,0
4,24,0.2644,Employee,110.03,0.0497,9,False,0.8693,True,low,25,1,0
2,17,0.5038,Employee,289.84,0.0859,10,False,0.9598,True,low,30,1,0
1,8,0.2943,Executive,1119.45,0.0436,8,False,0.9359,False,none,12,0,0
2,28,0.8194,Manager,807.6735132117653,0.1063,1,False,0.8995,False,none,6,0,0
2,26,0.6081,Manager,549.5,0.0624,2,True,0.932,False,none,1,0,0
0,-1,0.1682,Executive,718.87,0.0204,3,False,0.0,True,low,26,1,0
0,-1,0.2674,Contractor,69.51,0.0854,4,False,0.0,False,none,7,0,0
2,14,0.1514,Director,574.22,0.0279,12,True,0.9679,False,none,12,0,0
2,49,0.6421,Contractor,113.45,0.0955,0,False,0.8746,False,none,14,0,0
2,59,0.5413,Director,1677.82,0.0725,1,False,0.8855,False,none,10,0,0
4,17,0.2338,Contractor,49.83,0.0358,1,True,0.9533,False,none,6,0,0
0,-1,0.1527,Manager,138.92,0.0182,1,False,0.0,False,none,4,0,0
1,6,0.5291,Contractor,65.22,0.0957,14,False,0.8992,False,none,12,0,0
21,2,0.0539,Director,144.32,0.0057,0,True,0.815,False,none,9,2,1
1,41,0.3126,Employee,132.05,0.0511,12,True,0.9587,False,none,14,0,0
2,45,0.169,Employee,84.01,0.0322,12,False,0.994,False,none,9,0,0
1,4,0.2533,Contractor,66.0,0.0,6,False,0.8857,False,none,10,0,0
4,53,0.1276,Employee,33.7,0.0135,7,False,0.8556,False,none,1,0,0
8,6,0.0,Employee,775.96,0.2899,0,True,0.5712,True,high,145,3,1
3,3,0.1112,Contractor,27.95,0.0289,0,False,0.8868,False,none,11,0,0
0,-1,0.1037,Manager,71.73,0.0082,0,False,0.0,False,none,9,0,0
1,34,0.5829,Employee,318.61,0.137,0,False,0.9888,False,none,15,0,0
4,5,0.177,Director,759.16,0.0357,28,False,0.8887,False,none,1,0,0
2,39,0.1713,Manager,181.35,0.026,2,False,0.9553,False,none,13,0,0
2,38,0.3857,Employee,137.32,0.043,8,False,0.8886,False,none,5,0,0
0,-1,0.66,Employee,302.0,0.1119,0,False,0.0,False,none,10,0,0
2,5,0.3076,Employee,144.31,0.075,0,False,0.8774,False,none,5,0,0
1,79,0.7056,Employee,371.0,0.1312,268,True,0.6023,True,medium,94,5,1
4,9,0.5112,Contractor,110.87,0.0849,1,False,0.8808,False,none,15,0,0
9,1,1.3397,Manager,1433.76,0.1405,1,True,0.679,True,medium,197,4,1
1,56,0.0787,Employee,36.16,0.0109,6,False,0.9953,False,none,10,0,0
5,13,0.4033,Manager,368.3,0.0726,13,False,0.9825,False,none,14,0,0
0,-1,0.1016,Employee,47.61,0.0203,4,False,0.0,False,none,12,0,0
1,29,0.2186,Contractor,51.76,0.045,0,False,0.9527,False,none,15,0,0
2,57,0.4898,Employee,188.18,0.0652,0,True,0.924,False,none,8,0,0
3,34,0.0,Employee,148.66,0.0599,0,False,0.968,False,none,4,0,0
4,7,0.2847,Contractor,52.91,0.0453,0,False,0.8731,False,none,8,0,0
19,0,0.0774,Employee,38.22,0.0127,3,False,0.8994,False,none,16,1,1
2,29,0.2154,Director,578.36,0.0357,2,False,0.853,False,none,9,0,0
3,12,0.2608,Employee,150.04,0.0498,5,False,0.8568,False,none,7,0,0
5,10,4.5184,Manager,4014.76,0.5239,18,True,0.6118,True,high,252,6,1
1,54,0.166,Director,446.73,0.0264,0,False,0.8909,False,none,3,0,0
3,3,0.1881,Employee,81.79,0.0,9,False,0.9196,False,none,15,0,0
4,41,0.774,Employee,268.3229807080703,0.1015,0,False,0.993,False,none,10,0,0
1,1,0.5619,Manager,594.89,0.0809,1,False,0.8753,False,none,1,0,0
2,9,0.1355,Executive,620.79,0.0126,1,False,0.8998,False,none,0,0,0
2,29,0.4069,Director,1114.44,0.0709,5,False,0.9497,False,none,14,0,0
1,58,0.0844,Employee,55.34,0.0186,7,False,0.9138,False,none,5,0,0
0,-1,0.1481,Employee,57.13,0.012,4,False,0.0,False,none,12,0,0
2,42,0.5588,Director,1793.79,0.0703,2,True,0.965,False,none,0,0,0
0,-1,0.5226,Employee,198.18,0.0589,13,True,0.0,False,none,15,0,0
2,1,0.1994,Employee,137.71,0.0449,5,True,0.9076,False,none,2,0,0
2,30,0.9204,Executive,5665.214455282005,0.1052,6,True,0.9311,False,none,12,0,0
2,54,0.287,Director,1263.69,0.0555,4,False,0.8535,False,none,4,0,0
1,38,0.6102,Employee,299.16,0.0835,0,True,0.854,False,none,15,0,0
2,28,0.0,Employee,146.62,0.0541,0,False,0.8975,False,none,14,0,0
10,6,2.7467,Director,4390.44,0.2022,1,True,0.4282,True,high,177,5,1
6,35,0.1022,Employee,47.65,0.0152,2,False,0.9311,False,none,6,0,0
2,36,0.6838,Contractor,137.42,0.1076,1,False,0.9372,False,none,12,0,0
3,27,0.5929,Director,2082.72,0.1093,4,True,0.8808,False,none,0,0,0
2,12,0.2731,Employee,112.46,0.0394,4,False,0.8672,False,none,0,0,0
5,10,0.4753,Employee,282.01,0.0815,28,False,0.9893,False,none,12,0,0
0,-1,0.1584,Manager,145.76,0.0184,1,True,0.0,False,none,0,0,0
0,-1,0.248,Employee,115.75,0.0376,1,True,0.0,False,none,4,0,0
1,58,0.249,Manager,273.99,0.0507,7,False,0.8846,False,none,13,0,0
1,3,0.1609,Manager,165.09,0.0202,23,False,0.9131,False,none,13,0,0
3,23,0.6051,Manager,683.4223416970327,0.0778,5,True,0.9536,False,none,7,0,0
3,7,0.2334,Manager,242.84,0.0256,9,False,0.8984,True,low,30,1,0
2,40,0.2461,Director,678.51,0.0331,8,False,0.9405,False,none,8,0,0
5,14,0.0,Employee,49.47,0.0164,1,True,0.8657,True,low,40,1,0
2,42,0.2229,Manager,199.53,0.0221,3,False,0.969,False,none,14,0,0
38,0,0.0764,Manager,91.59,0.0113,3,False,0.7351,False,none,17,2,1
1,87,0.9713,Director,3362.81,0.1761,442,False,0.579,True,medium,67,5,1
5,1,1.3352,Manager,1233.19,0.326,0,True,0.5728,True,medium,131,6,1
3,38,0.2472,Manager,271.99,0.033,0,False,0.9917,False,none,5,0,0
4,26,0.5575,Manager,447.4804837660528,0.0492,1,False,0.9943,False,none,1,0,0
2,70,1.0149,Director,2157.29,0.0766,296,True,0.5525,True,medium,78,2,1
3,35,0.1882,Manager,181.24,0.0268,2,False,0.8871,False,none,14,0,0
1,25,0.2977,Employee,146.19,0.0389,5,True,0.8765,False,none,11,0,0
1,60,0.9074,Manager,954.57460825608,0.1673,9,True,0.9894,True,low,10,1,0
3,26,0.174,Director,510.89,0.0218,5,True,0.9347,False,none,9,0,0
5,31,0.3492,Contractor,63.8,0.0723,4,False,0.908,False,none,8,0,0
2,9,0.1457,Employee,83.69,0.0244,13,False,0.9387,False,none,12,0,0
2,52,0.1069,Manager,122.3,0.0127,3,False,0.8727,False,none,0,0,0
5,58,0.2309,Manager,146.56,0.0216,3,False,0.8783,False,none,12,0,0
2,48,0.1283,Employee,68.68,0.0,13,False,0.9091,False,none,1,0,0
5,27,4.515,Director,16187.14,0.6056,6,True,0.6498,True,high,285,4,1
1,48,0.3284,Employee,152.97,0.034,3,False,0.8524,False,none,2,0,0
0,-1,0.6509,Manager,381.6879569134958,0.0616,2,True,0.0,False,none,7,0,0
1,28,0.2118,Employee,129.12,0.0519,27,True,0.9823,False,none,1,0,0
5,21,2.9986,Employee,1382.85,0.4413,17,False,0.378,True,high,263,4,1
3,20,0.2674,Manager,343.83,0.0458,5,True,0.9412,False,none,10,0,0
3,19,8.7381,Employee,5004.18,2.1519,13,False,0.4406,True,high,236,4,1
2,15,0.0,Employee,186.82,0.0901,1,False,0.8599,False,none,2,0,0
3,8,0.323,Employee,166.36,0.0751,3,False,0.8891,False,none,14,0,0
3,1,0.1212,Employee,66.6,0.0283,1,False,0.9375,False,none,13,0,0
3,4,0.7001,Employee,308.1,0.1026,2,False,0.859,False,none,7,0,0
23,0,0.1141,Employee,70.64,0.0174,4,False,0.7894,False,none,15,1,1
2,41,0.1396,Contractor,23.55,0.0259,1,False,0.9287,False,none,14,0,0
2,28,0.1535,Employee,48.94,0.0163,4,False,0.9733,False,none,2,0,0
1,4,0.4052,Employee,194.86,0.0614,6,True,0.8777,False,none,13,0,0
2,44,0.4703,Executive,2424.24,0.0466,3,False,0.899,False,none,3,0,0
18,1,0.0,Manager,20.55,0.0022,2,False,0.7699,False,none,3,1,1
2,10,0.6956,Employee,405.82,0.1603,4,False,0.8693,False,none,1,0,0
2,4,0.0705,Employee,35.38,0.0106,9,True,0.9059,True,low,49,1,0
2,14,0.2459,Director,885.3,0.045,2,True,0.8835,False,none,5,0,0
1,16,0.1959,Employee,100.37,0.0382,1,False,0.9599,False,none,13,0,0
2,50,0.0877,Employee,56.85,0.0192,4,False,0.9706,False,none,0,0,0
0,-1,0.178,Employee,120.03,0.0255,5,True,0.0,False,none,11,0,0
1,53,0.1176,Manager,125.94,0.0189,2,False,0.8864,False,none,11,0,0
4,22,0.7624,Employee,163.2,0.0721,1,False,0.9533,False,none,12,0,0
3,25,0.0859,Employee,47.95,0.016,7,False,0.9941,False,none,1,0,0
3,24,0.5421,Employee,161.64,0.0426,1,False,0.8829,False,none,11,0,0
2,26,1.0081,Director,3261.4067079559672,0.1573,2,False,0.9151,False,none,6,0,0
1,57,0.8914,Manager,606.73,0.0661,5,False,0.9649,False,none,7,0,0
2,60,0.6158,Employee,346.06,0.0947,1,False,0.9389,False,none,2,0,0
3,48,0.3381,Employee,185.25,0.0745,0,False,0.9438,False,none,6,0,0
1,43,0.5484,Employee,287.43,0.1145,9,False,0.9367,False,none,4,0,0
2,49,0.0974,Employee,53.81,0.0218,4,False,0.932,False,none,11,0,0
2,33,0.0947,Manager,93.31,0.014,1,False,0.9484,True,low,25,1,0
3,1,1.4849,Director,5613.18,0.5207,0,True,0.5095,True,high,191,5,1
3,14,0.2208,Contractor,39.35,0.04,21,False,0.8677,False,none,12,0,0
2,21,0.1945,Employee,90.32,0.039,1,False,0.9464,False,none,5,0,0
3,13,0.5437,Manager,512.23,0.0687,2,False,0.9397,False,none,9,0,0
36,0,0.1087,Employee,35.41,0.0097,3,False,0.715,False,none,18,2,1
4,57,0.2835,Manager,264.12,0.0348,12,False,0.9326,False,none,3,0,0
18,1,0.0197,Executive,118.65,0.0027,1,False,0.6816,False,none,1,3,1
4,31,0.1779,Contractor,37.95,0.0344,5,False,0.9876,False,none,6,0,0
3,35,0.1284,Employee,73.23,0.0193,4,False,0.9696,False,none,2,0,0
4,35,0.2613,Employee,117.95,0.0299,3,False,0.8637,False,none,2,0,0
3,59,0.5889,Contractor,92.61318248367138,0.0999,7,False,0.8558,False,none,13,0,0
5,5,0.5181,Director,1120.2299346306268,0.0553,1,False,0.9814,False,none,4,0,0
1,95,1.3055,Director,3552.52,0.1679,313,True,0.7989,True,medium,70,3,1
3,32,0.4488,Employee,226.56,0.0539,1,False,0.9756,True,low,44,1,0
3,6,0.809,Contractor,157.74,0.1723,0,True,0.9686,False,none,3,0,0
5,58,0.5744,Employee,259.918832885294,0.0,4,False,0.9196,False,none,2,0,0
2,21,0.0759,Employee,47.92,0.0156,0,False,0.8705,False,none,6,0,0
0,-1,0.3076,Employee,96.85,0.0277,15,False,0.0,False,none,7,0,0
3,8,0.0,Executive,332.95800141269865,0.0083,3,False,0.9486,False,none,9,0,0
1,46,0.5263,Manager,560.8251686623051,0.0641,4,False,0.8856,False,none,1,0,0
1,36,0.4866,Manager,396.86,0.0499,2,False,0.888,False,none,10,0,0
2,41,0.5011,Manager,253.49474367179042,0.0289,3,False,0.9045,False,none,14,0,0
4,23,0.3529,Employee,143.08,0.0515,1,False,0.9139,False,none,7,0,0
1,22,0.5359,Contractor,101.37,0.1347,11,False,0.9149,False,none,12,0,0
4,12,0.0942,Employee,38.55,0.0102,2,False,0.9172,False,none,12,0,0
2,56,0.1934,Manager,223.74,0.0284,10,True,0.8512,True,low,28,1,0
3,53,0.5028,Manager,411.85471647091856,0.0615,7,False,0.9067,False,none,5,0,0
4,1,0.2856,Manager,188.06,0.0213,9,False,0.8505,False,none,13,0,0
2,32,0.2422,Contractor,63.73,0.0579,3,True,0.8703,False,none,5,0,0
1,9,0.3473,Manager,370.66,0.0477,2,False,0.8844,False,none,4,0,0
2,23,0.7893,Employee,315.44841669629494,0.1495,0,False,1.0,False,none,0,0,0
1,8,0.8329,Contractor,187.1929525204706,0.1811,1,False,0.8842,False,none,3,0,0
4,13,0.0,Employee,201.3,0.0563,3,False,0.8978,False,none,4,0,0
2,60,0.2748,Manager,278.69,0.0342,7,True,0.9155,False,none,11,0,0
1,2,0.0,Employee,221.82,0.072,3,False,0.8691,False,none,0,0,0
3,16,1.0188,Employee,458.12186757793654,0.1261,0,False,0.8952,False,none,4,0,0
2,31,0.2628,Employee,168.21,0.0546,9,False,0.9334,False,none,4,0,0
3,15,0.7925,Employee,278.29,0.0877,11,False,0.8534,False,none,0,0,0
0,-1,0.1804,Employee,58.98,0.0233,3,True,0.0,False,none,14,0,0
4,1,0.439,Director,786.33,0.0258,0,False,0.8978,False,none,11,0,0
0,-1,0.3079,Manager,252.0,0.0344,11,False,0.0,False,none,0,0,0
7,23,0.4259,Manager,406.0,0.037,5,False,0.9841,False,none,13,0,0
4,4,0.0,Contractor,316.83,0.2824,1,True,0.7025,True,high,61,5,1
5,12,5.6369,Employee,3500.4,1.8291,14,True,0.27,True,high,262,4,1
4,19,7.3011,Employee,3677.0,1.4335,13,False,0.4299,True,high,320,6,1
1,12,0.5237,Employee,234.73,0.0,0,True,0.8861,False,none,6,0,0
1,20,0.0,Contractor,61.05,0.0732,0,False,0.8666,False,none,12,0,0
2,38,0.2199,Employee,158.29,0.0425,4,False,0.9892,False,none,12,0,0
2,29,4.1622,Employee,1901.39,0.6615,15,False,0.3794,True,high,317,4,1
4,1,1.5695,Manager,1594.01,0.1883,1,True,0.4081,True,medium,161,6,1
2,7,0.5884,Director,2023.22,0.0798,11,False,0.9228,False,none,4,0,0
3,17,9.2888,Contractor,2077.09,2.0648,10,False,0.3912,True,high,221,4,1
1,49,0.0731,Director,222.29,0.0122,2,False,0.855,False,none,5,0,0
2,10,0.1443,Employee,93.69,0.0429,11,True,0.8568,False,none,3,0,0
0,-1,0.3507,Manager,414.44,0.0353,2,False,0.0,False,none,0,0,0
2,7,2.2456,Contractor,382.27,0.4579,0,True,0.4737,True,high,121,5,1
3,1,0.8298,Contractor,166.56371520537851,0.1496,1,False,0.9591,False,none,4,0,0
3,9,0.2227,Employee,123.79,0.0566,2,True,0.9614,False,none,14,0,0
2,29,0.2025,Manager,202.99,0.0301,16,False,0.9601,False,none,3,0,0
2,7,0.3754,Director,1000.04,0.0518,3,False,0.988,False,none,13,0,0
3,42,0.1765,Manager,189.34,0.039,6,False,0.9844,False,none,5,0,0
3,43,0.2913,Director,779.85,0.0294,0,False,0.8611,True,low,18,1,0
1,29,0.1128,Manager,110.69,0.0143,10,False,0.8536,False,none,13,0,0
1,23,0.2045,Employee,138.22,0.045,0,True,0.9379,False,none,9,0,0
1,55,0.1954,Employee,90.8,0.0317,5,False,0.8728,True,low,11,1,0
6,49,0.4765,Employee,178.95,0.0609,3,False,0.9307,False,none,7,0,0
2,41,0.1579,Contractor,30.51,0.0264,5,False,0.9253,False,none,4,0,0
3,36,0.77,Manager,577.4185951891241,0.063,0,False,0.8803,False,none,2,0,0
2,7,0.1223,Employee,68.61,0.029,3,False,0.9668,True,low,34,1,0
3,56,0.1094,Employee,45.0,0.0147,8,False,0.969,False,none,2,0,0
4,52,0.4888,Employee,195.12,0.0569,13,False,0.9864,False,none,12,0,0
0,-1,0.4061,Manager,435.96,0.0526,1,False,0.0,False,none,13,0,0
2,8,0.1558,Employee,97.65,0.0309,3,False,0.8533,False,none,0,0,0
2,60,0.4073,Employee,238.15,0.087,2,True,0.9001,False,none,1,0,0
1,12,0.644,Manager,783.6,0.0991,0,False,0.9396,False,none,0,0,0
2,9,0.6481,Employee,328.1012546462035,0.1024,4,False,0.8609,False,none,11,0,0
1,36,0.2645,Employee,167.84,0.048,4,False,0.9976,False,none,0,0,0
2,9,0.2845,Employee,142.65,0.0529,1,False,0.906,False,none,1,0,0
0,-1,0.4634,Employee,192.2,0.0562,8,False,0.0,False,none,4,0,0
2,60,0.1636,Employee,108.53,0.0251,4,False,0.9351,False,none,12,0,0
3,15,0.1807,Manager,215.75,0.0304,5,False,0.9506,False,none,13,0,0
2,2,0.1373,Employee,88.4,0.0275,5,False,0.9733,False,none,9,0,0
1,35,0.4749,Employee,275.39,0.11,8,False,0.8805,False,none,14,0,0
7,45,0.169,Employee,90.99,0.0252,11,False,0.931,False,none,2,0,0
0,-1,0.6393,Employee,305.7075663433866,0.1314,1,False,0.0,False,none,4,0,0
18,0,0.0093,Executive,30.38,0.0006,4,False,0.8601,False,none,6,3,1
2,58,0.4187,Director,1293.38,0.0928,1,False,0.8998,False,none,1,0,0
2,49,0.2473,Contractor,44.53,0.0355,1,True,0.9592,False,none,2,0,0
9,6,1.2471,Contractor,338.27,0.3038,0,True,0.6748,True,high,183,3,1
3,21,0.6707,Employee,393.68255207238406,0.0978,2,True,0.9028,True,low,50,1,0
1,67,0.8135,Director,2449.88,0.1604,429,False,0.6647,True,medium,41,2,1
3,7,0.45,Manager,449.36,0.0446,1,False,0.9107,False,none,6,0,0
5,28,0.3972,Employee,282.28,0.0816,2,False,0.9971,False,none,2,0,0
4,46,0.8185,Employee,423.14623260971314,0.1589,3,False,0.9282,False,none,2,0,0
1,35,0.2673,Contractor,42.55,0.0497,1,True,0.8811,False,none,2,0,0
2,24,0.2069,Employee,75.36,0.0224,2,False,0.9928,False,none,5,0,0
3,45,0.3211,Employee,163.08,0.0671,0,False,0.9223,True,low,31,1,0
4,14,0.8326,Employee,404.26015915716505,0.0996,4,False,0.8506,False,none,4,0,0
3,49,0.132,Employee,69.12,0.0256,3,False,0.9076,False,none,7,0,0
1,21,0.5337,Contractor,100.08848264639106,0.0969,4,False,0.8689,False,none,13,0,0
1,27,9.5603,Employee,4897.11,1.2698,20,True,0.643,True,high,263,3,1
3,31,0.5918,Director,1835.4193554654498,0.1101,2,False,0.969,False,none,3,0,0
9,7,1.0965,Manager,1254.73,0.1547,0,True,0.4004,True,medium,163,2,1
2,10,0.0,Employee,84.3,0.0356,7,False,0.879,False,none,1,0,0
2,31,0.064,Manager,68.63,0.0114,17,False,0.8641,False,none,13,0,0
3,46,0.6478,Manager,541.66,0.0605,11,False,0.9415,False,none,14,0,0
3,16,0.0736,Contractor,13.09,0.0158,2,False,0.8792,True,low,49,1,0
2,44,0.0826,Employee,45.77,0.0171,1,False,0.907,False,none,14,0,0
2,49,0.8187,Executive,2854.5797632290537,0.0772,1,False,0.8888,False,none,14,0,0
39,0,0.0628,Manager,56.84,0.0066,5,False,0.6248,False,none,1,2,1
2,27,0.1847,Contractor,49.89,0.0393,4,False,0.8513,False,none,11,0,0
2,39,0.9218,Manager,953.05,0.1145,0,False,0.9184,False,none,7,0,0
0,-1,0.178,Employee,99.31,0.0303,1,False,0.0,False,none,12,0,0
3,33,0.2279,Contractor,61.6,0.047,11,False,0.9886,False,none,9,0,0
0,-1,0.0735,Employee,48.03,0.024,4,False,0.0,False,none,4,0,0
2,26,0.3589,Employee,179.61,0.0665,6,False,0.9308,False,none,5,0,0
3,45,0.0944,Employee,60.15,0.0,1,False,0.9821,False,none,12,0,0
2,6,0.5096,Contractor,109.70088564036139,0.0928,5,False,0.9384,False,none,6,0,0
3,4,0.1116,Employee,75.87,0.0284,1,False,0.9819,False,none,7,0,0
2,49,0.1569,Employee,83.09,0.0398,4,False,0.9749,True,low,13,1,0
4,26,2.9947,Contractor,601.92,0.6039,8,True,0.6048,True,high,318,5,1
1,22,0.1611,Executive,893.69,0.0202,5,False,0.9549,False,none,5,0,0
3,15,0.214,Contractor,37.52,0.0323,6,False,0.945,True,low,36,1,0
4,9,0.0614,Employee,25.9,0.0076,7,False,0.9978,False,none,2,0,0
3,45,0.7524,Executive,3772.8689120166127,0.0828,19,False,0.9972,False,none,11,0,0
2,23,0.4355,Employee,262.26,0.0751,3,False,0.9521,False,none,7,0,0
10,9,0.9214,Manager,1127.27,0.1651,1,True,0.7915,True,medium,199,6,1
3,27,0.0495,Manager,44.78,0.0064,1,False,0.96,True,low,16,1,0
0,-1,0.3165,Employee,180.39,0.0609,0,False,0.0,False,none,4,0,0
3,35,0.037,Employee,19.91,0.0069,5,False,0.9289,False,none,2,0,0
1,26,0.2731,Employee,123.04,0.0442,1,True,0.8758,False,none,13,0,0
0,-1,0.3174,Director,1009.42,0.051,1,False,0.0,False,none,12,0,0
1,58,0.4086,Employee,155.0,0.0456,2,False,0.9571,True,low,28,1,0
2,22,0.1965,Employee,90.13,0.0337,0,False,0.9434,False,none,10,0,0
2,59,0.698,Director,2166.75,0.1256,0,False,0.9336,False,none,10,0,0
39,1,0.1088,Contractor,25.31,0.0269,3,False,0.7654,False,none,18,1,1
1,82,1.174,Director,2943.81,0.1353,227,False,0.5241,True,medium,69,2,1
2,46,0.4147,Contractor,86.43,0.1029,3,False,0.9405,False,none,5,0,0
2,4,0.8517,Employee,435.30890293963984,0.2223,1,False,0.944,False,none,6,0,0
17,2,0.1787,Employee,81.0,0.0205,5,True,0.6826,False,none,0,3,1
2,55,0.2633,Manager,313.61,0.0282,2,False,0.8784,False,none,0,0,0
5,2,0.0,Director,425.7081292851309,0.0209,4,False,0.9911,False,none,12,0,0
5,16,0.3232,Employee,110.54,0.0276,2,False,0.9204,False,none,0,0,0
2,49,0.262,Employee,141.76,0.04,9,False,0.8916,False,none,11,0,0
5,35,0.8962,Manager,869.5403559657726,0.0992,9,False,0.9855,False,none,9,0,0
0,-1,0.6544,Employee,333.83802185939044,0.2024,2,False,0.0,False,none,13,0,0
1,13,0.1543,Director,494.14,0.0238,16,False,0.968,False,none,11,0,0
1,14,0.9577,Director,2134.3078227331557,0.085,6,False,0.9151,False,none,10,0,0
4,31,0.2578,Contractor,68.65,0.0568,3,False,0.8507,False,none,7,0,0
1,43,0.8085,Director,2540.1223213433773,0.1268,6,False,0.9744,False,none,13,0,0
2,47,0.5131,Manager,394.59466601935463,0.0599,7,False,0.9686,True,low,12,1,0
2,4,0.1487,Employee,103.65,0.0391,0,False,0.9187,False,none,6,0,0
0,-1,0.7034,Manager,768.75,0.0863,3,True,0.0,False,none,10,0,0
0,-1,0.3369,Manager,250.35,0.0316,3,False,0.0,False,none,2,0,0
3,9,0.3845,Employee,135.06,0.0775,2,False,0.9534,False,none,10,0,0
0,-1,0.8943,Employee,408.6,0.1215,213,True,0.7727,True,medium,59,4,1
3,6,0.2684,Manager,297.8,0.0363,10,False,0.9696,False,none,4,0,0
2,23,0.0,Employee,147.46,0.0465,3,False,0.8777,False,none,13,0,0
2,4,0.2162,Employee,144.46,0.0381,0,False,0.9285,False,none,11,0,0
2,3,0.1256,Employee,65.42,0.0237,6,False,0.9697,False,none,7,0,0
3,23,0.2341,Contractor,39.48,0.079,3,False,0.8969,False,none,1,0,0
2,30,0.1781,Employee,115.16,0.0241,4,False,0.88,False,none,4,0,0
0,-1,0.5125,Manager,517.38,0.0474,4,False,0.0,False,none,5,0,0
0,-1,0.5158,Employee,260.89491390396086,0.1365,4,False,0.0,False,none,14,0,0
2,6,0.4705,Contractor,112.64,0.1033,11,False,0.9405,True,low,25,1,0
4,4,0.1553,Employee,69.0,0.0239,2,True,0.8966,False,none,4,0,0
2,44,0.7424,Employee,390.51783540132124,0.1424,10,False,0.9706,False,none,6,0,0
1,3,0.0623,Employee,35.1,0.0108,1,False,0.8963,False,none,9,0,0
2,24,0.0917,Contractor,19.49,0.0174,9,False,0.8569,False,none,7,0,0
7,8,1.38,Employee,716.36,0.2338,0,True,0.6426,True,medium,134,2,1
2,34,0.5984,Contractor,114.64,0.0792,3,False,0.9776,False,none,13,0,0
1,42,0.2358,Employee,98.79,0.0239,2,False,0.9784,False,none,15,0,0
36,1,0.0684,Manager,94.69,0.0129,3,False,0.888,False,none,14,1,1
2,6,0.1853,Employee,111.03,0.042,4,False,0.9615,False,none,4,0,0
1,21,0.5415,Employee,218.44704662117164,0.0761,0,False,0.9164,False,none,15,0,0
8,1,2.019,Contractor,330.11,0.2698,1,True,0.6574,True,high,70,6,1
0,-1,0.1623,Employee,98.81,0.0502,7,False,0.0,True,low,34,1,0
3,14,0.2699,Employee,110.37,0.0296,17,False,0.9617,False,none,1,0,0
2,42,0.2063,Employee,119.65,0.0361,1,False,0.9669,False,none,6,0,0
2,35,0.2223,Manager,229.5,0.0326,11,True,0.9566,False,none,3,0,0
3,2,3.0728,Director,4914.02,0.2865,0,True,0.7485,True,high,112,2,1
5,7,0.2035,Employee,106.86,0.036,1,False,0.8853,False,none,7,0,0
1,49,0.5181,Manager,512.69,0.0574,10,False,0.9508,False,none,13,0,0
0,-1,0.1121,Director,272.87,0.012,3,True,0.0,False,none,15,0,0
2,46,0.4187,Manager,504.59,0.0587,0,False,0.8959,False,none,1,0,0
39,0,0.3268,Employee,145.31,0.0596,0,False,0.7301,False,none,17,2,1
2,21,0.1107,Manager,126.38,0.0174,0,False,0.8656,True,low,33,1,0
2,79,2.1999,Employee,540.29,0.2257,365,False,0.7804,True,medium,90,5,1
4,12,5.9014,Employee,2747.48,0.801,12,False,0.4231,True,high,307,8,1
2,28,8.8484,Manager,9604.97,1.2483,16,False,0.2533,True,high,202,8,1
5,24,0.1534,Employee,51.24,0.0232,28,False,0.9045,True,low,44,1,0
2,47,0.5256,Employee,358.40800340061577,0.1093,0,False,0.871,False,none,9,0,0
2,12,0.3654,Executive,1013.6,0.0213,15,False,0.9241,False,none,9,0,0
2,20,0.144,Employee,79.84,0.0202,8,False,0.8761,False,none,9,0,0
1,57,0.2958,Employee,122.16,0.0285,1,False,0.9885,True,low,26,1,0
3,31,0.1351,Employee,87.89,0.0285,5,False,0.989,False,none,7,0,0
2,12,5.5117,Employee,3435.21,2.1953,16,True,0.5734,True,high,299,4,1
1,60,0.1783,Executive,953.26,0.0197,3,False,0.8586,False,none,2,0,0
1,27,6.8426,Employee,3309.31,0.9726,19,True,0.2641,True,high,171,4,1
1,38,0.0,Employee,39.17,0.0096,0,False,0.9659,False,none,15,0,0
2,42,0.2267,Employee,129.71,0.0417,10,False,0.8878,False,none,14,0,0
2,8,0.5586,Contractor,106.18285308723961,0.0765,0,False,0.8666,False,none,10,0,0
1,7,0.2704,Employee,163.8,0.0582,9,False,0.9992,True,low,14,1,0
4,27,0.565,Manager,749.71,0.0833,4,True,0.9792,False,none,3,0,0
2,12,0.2548,Employee,79.25,0.0208,7,False,0.9617,False,none,9,0,0
3,54,0.469,Employee,156.73,0.0615,13,False,0.9837,False,none,1,0,0
3,42,0.92,Executive,2801.2762986441357,0.0686,0,False,0.9735,False,none,15,0,0
2,45,0.3348,Manager,347.29,0.0489,3,False,0.8792,False,none,7,0,0
39,0,0.0563,Manager,53.47,0.009,4,False,0.6728,False,none,5,3,1
2,22,0.4493,Manager,433.19,0.0422,3,False,0.9542,False,none,7,0,0
0,-1,0.5842,Director,1500.031973813443,0.0687,1,False,0.0,False,none,6,0,0
4,7,0.656,Employee,440.7,0.1375,3,False,0.9157,False,none,5,0,0
1,54,0.3596,Director,1214.66,0.0537,13,False,0.8881,False,none,5,0,0
2,52,0.6033,Employee,226.24656101907632,0.0711,11,False,0.8556,False,none,8,0,0
1,15,0.2267,Contractor,51.93,0.0573,6,False,0.8641,False,none,7,0,0
2,62,0.7646,Manager,775.94,0.0937,480,False,0.7087,True,medium,76,4,1
4,3,0.3599,Employee,215.59,0.0645,8,False,0.9344,False,none,5,0,0
4,49,0.6807,Employee,337.03003298156113,0.0997,9,False,0.9889,False,none,2,0,0
1,2,0.3632,Employee,213.98,0.0605,13,True,0.9217,False,none,7,0,0
0,-1,0.4385,Executive,2339.11,0.0506,5,True,0.0,False,none,8,0,0
1,23,8.5807,Manager,10056.71,1.3044,12,True,0.5668,True,high,180,6,1
0,-1,0.0472,Contractor,11.24,0.0155,11,False,0.0,False,none,8,0,0
1,54,0.0,Executive,317.27895008281024,0.0049,5,True,0.9631,False,none,14,0,0
2,28,0.1792,Manager,191.28,0.0196,5,False,0.9486,False,none,8,0,0
0,-1,0.628,Director,1826.76,0.1614,497,True,0.7692,True,medium,34,5,1
2,44,0.1512,Director,394.71,0.0269,0,True,0.945,False,none,5,0,0
0,-1,0.3482,Contractor,72.48,0.0921,2,True,0.0,False,none,8,0,0
1,16,0.1969,Employee,81.44,0.0257,0,False,0.922,False,none,13,0,0
1,6,0.2793,Manager,182.49,0.0227,2,True,0.9353,True,low,44,1,0
4,51,0.3475,Employee,181.73,0.0558,5,True,0.9691,False,none,4,0,0
3,27,0.3325,Employee,173.0,0.0578,3,False,0.8787,False,none,7,0,0
1,34,0.308,Employee,195.09,0.0759,6,False,0.9072,False,none,1,0,0
2,47,0.2842,Manager,271.31,0.036,4,False,0.9343,False,none,4,0,0
1,2,0.2121,Employee,132.44,0.0377,2,False,0.9366,False,none,11,0,0
5,16,0.1453,Director,515.81,0.0213,20,False,0.9354,False,none,13,0,0
2,22,0.7587,Employee,275.48058463962184,0.0863,10,False,0.8567,False,none,6,0,0
4,16,6.6286,Manager,5169.34,0.6772,13,False,0.5698,True,high,265,7,1
2,40,0.1094,Employee,59.37,0.0152,0,False,0.9369,False,none,3,0,0
3,28,0.2052,Director,532.7,0.0326,1,True,0.9376,False,none,14,0,0
5,51,0.788,Contractor,173.32737166026874,0.131,23,False,0.9927,False,none,3,0,0
2,42,0.359,Employee,205.54,0.1074,0,False,0.9008,False,none,0,0,0
2,44,0.3867,Employee,260.34,0.0641,0,False,0.8771,False,none,11,0,0
2,60,0.5103,Manager,414.8455500976248,0.0403,6,False,0.8917,True,low,31,1,0
1,22,0.4676,Employee,256.99,0.0752,4,True,0.8966,False,none,8,0,0
1,38,0.4634,Manager,384.26,0.0391,0,False,0.8752,False,none,9,0,0
1,16,0.0882,Director,234.83,0.0101,0,False,0.9308,False,none,13,0,0
0,-1,0.2802,Manager,334.57,0.0561,1,True,0.0,False,none,7,0,0
1,56,0.9727,Employee,398.58858333384796,0.1453,0,False,0.8578,False,none,11,0,0
1,10,0.1325,Manager,160.21,0.0236,14,False,0.9159,False,none,2,0,0
2,33,0.5464,Manager,364.66,0.0354,5,True,0.9789,False,none,15,0,0
2,21,0.6189,Employee,292.0060218229465,0.1259,2,True,0.9122,False,none,13,0,0
2,33,0.1339,Employee,74.62,0.0251,18,False,0.9671,False,none,7,0,0
3,29,0.288,Employee,139.15,0.045,0,True,0.9519,False,none,1,0,0
1,23,0.654,Employee,379.47937236607174,0.1103,10,False,0.9191,False,none,13,0,0
2,3,0.6722,Employee,458.6325570777874,0.1886,9,False,0.9264,False,none,15,0,0
2,18,0.2613,Employee,131.5,0.0622,34,False,0.9526,False,none,10,0,0
0,-1,1.1522,Employee,477.34,0.1449,302,False,0.6168,True,medium,90,5,1
1,30,0.6967,Employee,274.77,0.1066,4,False,0.9032,False,none,6,0,0
3,14,0.0398,Contractor,9.68,0.0085,1,False,0.8589,False,none,1,0,0
4,47,0.0,Employee,293.54,0.0975,9,False,0.9259,False,none,8,0,0
2,24,0.8615,Employee,240.4995319148233,0.0691,10,False,0.8869,False,none,4,0,0
1,49,0.0,Employee,93.69,0.0302,0,False,0.852,False,none,0,0,0
2,20,0.3283,Employee,116.94,0.0308,2,False,0.9377,False,none,13,0,0
6,2,2.0912,Manager,1801.14,0.2071,0,True,0.619,True,high,105,6,1
1,47,0.5421,Employee,320.02684921558426,0.0834,1,False,0.896,False,none,13,0,0
3,26,0.3925,Manager,467.67,0.058,6,False,0.9507,False,none,4,0,0
2,39,0.1579,Contractor,26.89,0.0244,8,True,0.9379,False,none,2,0,0
1,37,0.3163,Employee,154.69,0.049,0,False,0.9557,False,none,0,0,0
5,59,0.3678,Director,1364.49,0.0987,6,False,0.8733,False,none,6,0,0
0,-1,0.4509,Employee,224.92,0.0738,4,False,0.0,False,none,2,0,0
2,56,0.7504,Manager,593.0651055940186,0.065,14,True,0.8954,False,none,8,0,0
0,-1,0.5916,Contractor,79.72052772430852,0.069,2,False,0.0,False,none,15,0,0
2,45,0.274,Director,661.44,0.0229,6,False,0.9632,False,none,15,0,0
1,33,0.116,Contractor,29.86,0.0326,2,True,0.9511,False,none,11,0,0
2,6,0.1951,Director,609.1,0.0399,5,False,0.9024,False,none,11,0,0
0,-1,0.0202,Manager,20.91,0.0026,8,False,0.0,False,none,9,0,0
1,36,0.9543,Manager,766.58,0.0901,2,False,0.9969,False,none,3,0,0
4,55,0.0905,Employee,40.93,0.0133,4,False,0.8646,False,none,2,0,0
5,35,0.0,Manager,92.72,0.0102,3,False,0.8598,False,none,8,0,0
5,21,3.271,Manager,2894.49,0.4449,19,True,0.689,True,high,315,3,1
3,58,0.5851,Director,1665.7235672775676,0.064,0,True,0.879,True,low,35,1,0
0,-1,0.626,Employee,320.83,0.0992,207,True,0.5962,True,medium,54,2,1
36,2,0.0,Employee,23.97,0.0062,0,False,0.8664,False,none,11,2,1
3,54,0.1276,Employee,54.09,0.0134,2,False,0.9562,False,none,10,0,0
2,38,0.3365,Employee,105.52,0.0243,2,False,0.8647,False,none,8,0,0
3,47,0.1598,Contractor,39.21,0.0409,1,True,0.9706,False,none,12,0,0
1,57,0.0976,Employee,49.65,0.0,1,False,0.976,False,none,4,0,0
2,27,0.5374,Employee,162.09,0.0603,6,False,0.9736,False,none,2,0,0
2,25,0.2137,Employee,146.31,0.0329,2,False,0.9753,False,none,4,0,0
38,0,0.0661,Employee,11.56,0.0027,4,True,0.7986,False,none,20,3,1
2,41,0.4132,Director,1292.71,0.0793,2,False,0.9184,False,none,0,0,0
2,91,0.9254,Manager,960.47,0.103,245,False,0.7415,True,medium,45,5,1
25,2,0.2929,Employee,149.42,0.0347,5,True,0.8789,False,none,16,3,1
1,60,0.0,Director,297.7131904483296,0.0163,0,False,0.9748,False,none,11,0,0
1,39,0.1024,Director,371.76,0.0152,6,True,0.9949,False,none,8,0,0
3,26,0.4879,Manager,475.82,0.069,0,False,0.9944,True,low,34,1,0
1,32,0.5885,Director,1533.36,0.1034,0,False,0.9296,False,none,12,0,0
2,5,0.558,Manager,649.79,0.1034,5,False,0.8809,True,low,18,1,0
3,52,0.185,Employee,112.78,0.0529,4,True,0.959,False,none,8,0,0
3,49,0.1894,Employee,101.57,0.0265,1,True,0.9366,False,none,6,0,0
2,52,0.1387,Manager,182.75,0.0179,1,False,0.9985,False,none,5,0,0
3,17,0.9144,Employee,199.49798312949838,0.07,4,False,0.9189,True,low,33,1,0
3,48,0.2947,Employee,185.59,0.0628,3,False,0.9113,True,low,46,1,0
1,36,0.0765,Employee,40.18,0.0133,2,False,0.8884,False,none,13,0,0
3,24,0.6222,Employee,353.68,0.1041,14,False,0.9661,False,none,5,0,0
0,-1,0.0402,Employee,21.66,0.0063,3,False,0.0,False,none,6,0,0
1,28,0.0,Employee,133.34,0.0361,16,False,0.9303,False,none,13,0,0
2,18,0.3833,Employee,197.01,0.0,4,False,0.8986,False,none,8,0,0
3,15,0.2597,Employee,138.14,0.0518,3,False,0.9036,False,none,10,0,0
2,33,0.2026,Manager,156.26,0.0367,6,False,0.955,False,none,14,0,0
0,-1,0.6593,Contractor,158.17,0.172,2,False,0.0,False,none,5,0,0
6,40,0.2489,Employee,98.73,0.0272,6,False,0.9428,False,none,8,0,0
4,28,0.3938,Employee,183.15,0.0607,1,True,0.8966,False,none,13,0,0
6,23,0.0918,Manager,89.12,0.0111,1,False,0.9605,True,low,17,1,0
2,31,0.0,Employee,271.77,0.0944,26,True,0.9478,False,none,4,0,0
2,98,0.739,Employee,407.46,0.1565,265,False,0.6145,True,medium,96,2,1
2,56,0.2474,Employee,108.19,0.0422,1,True,0.9259,True,low,23,1,0
0,-1,0.0,Employee,323.51,0.0797,1,False,0.0,False,none,11,0,0
3,23,0.5574,Employee,174.93289938772412,0.0688,4,False,0.8989,False,none,11,0,0
2,55,0.5323,Employee,283.41,0.0829,1,False,0.8901,False,none,4,0,0
1,55,0.2433,Contractor,54.92,0.0491,6,False,0.969,True,low,48,1,0
1,41,0.4525,Manager,571.64,0.0672,22,True,0.9888,False,none,1,0,0
1,57,0.3855,Contractor,107.6,0.149,4,False,0.9775,False,none,7,0,0
5,6,0.3336,Manager,390.69,0.0431,1,False,0.9871,False,none,6,0,0
0,-1,0.2724,Employee,148.36,0.0401,1,False,0.0,False,none,0,0,0
0,-1,0.2511,Director,635.4,0.0339,15,False,0.0,False,none,2,0,0
6,20,0.4177,Employee,190.71,0.0968,1,False,0.8644,False,none,10,0,0
1,49,0.5978,Employee,339.2433228759107,0.1106,2,False,0.9509,False,none,10,0,0
5,21,0.5913,Employee,305.45,0.0849,0,True,0.9374,True,low,30,1,0
1,20,0.1347,Manager,144.27,0.0319,18,False,0.8834,False,none,15,0,0
5,18,7.9444,Director,20542.68,1.603,6,False,0.4025,True,high,161,8,1
2,4,0.1477,Employee,82.3,0.0406,2,True,0.9496,False,none,8,0,0
2,43,0.3321,Director,1113.62,0.0625,23,False,0.8608,False,none,15,0,0
1,76,0.5636,Employee,253.53,0.0888,233,True,0.6028,True,medium,69,5,1
3,14,7.1468,Employee,4383.11,1.3258,12,True,0.4682,True,high,189,5,1
1,23,0.1338,Director,465.09,0.0185,1,False,0.9229,False,none,11,0,0
3,59,0.0706,Contractor,13.62,0.0272,3,False,0.9296,False,none,3,0,0
2,41,0.0468,Employee,25.26,0.0087,2,True,0.8953,True,low,16,1,0
4,17,0.0719,Director,238.52,0.0106,3,False,0.9594,False,none,7,0,0
3,3,0.1955,Employee,99.48,0.0272,5,False,0.9277,False,none,11,0,0
3,25,0.1615,Employee,101.73,0.0403,6,True,0.8651,False,none,0,0,0
2,30,0.1642,Contractor,32.81,0.0288,2,False,0.9359,False,none,15,0,0
2,7,0.5688,Manager,496.18,0.0587,6,False,0.9097,False,none,11,0,0
1,28,1.0078,Manager,982.2086346077004,0.1223,11,False,0.9168,False,none,6,0,0
4,46,0.3386,Employee,132.35,0.0376,5,False,0.9291,False,none,14,0,0
3,13,4.2286,Employee,2490.26,0.8955,11,True,0.2372,True,high,112,4,1
2,40,0.1251,Director,279.3,0.0135,5,False,0.884,False,none,7,0,0
2,57,0.4788,Manager,387.46,0.038,10,False,0.8594,False,none,0,0,0
4,59,0.2819,Manager,329.6,0.0424,2,False,0.9184,False,none,13,0,0
0,-1,0.7825,Employee,373.7049069562335,0.1489,1,False,0.0,False,none,13,0,0
2,52,0.0933,Manager,94.98,0.0137,0,False,0.8602,False,none,12,0,0
1,13,0.5706,Employee,291.67489137456494,0.1009,0,True,0.9695,False,none,5,0,0
1,51,0.6974,Employee,319.78,0.0916,0,False,0.9463,False,none,10,0,0
3,17,0.3832,Director,1050.15,0.074,4,False,0.9444,False,none,6,0,0
2,34,0.4601,Manager,542.42,0.0665,2,False,0.8646,False,none,10,0,0
36,1,0.0544,Employee,30.21,0.0075,1,False,0.7944,False,none,3,3,1
1,50,0.3879,Employee,155.3,0.0416,1,False,0.865,False,none,15,0,0
1,17,0.1094,Employee,40.07,0.0199,0,False,0.9493,False,none,8,0,0
0,-1,0.1934,Director,602.69,0.0302,12,False,0.0,True,low,10,1,0
2,3,0.3952,Director,1233.6,0.0511,1,True,0.9598,False,none,15,0,0
2,39,0.3161,Executive,1277.1,0.0267,5,False,0.906,False,none,2,0,0
3,34,0.4109,Employee,154.64,0.0391,0,False,0.9768,True,low,29,1,0
3,30,5.4034,Employee,2784.68,0.8912,15,False,0.3284,True,high,219,6,1
2,44,0.4469,Employee,206.16,0.0646,0,False,0.9629,True,low,26,1,0
1,42,0.5011,Employee,178.87,0.0533,2,False,0.8523,False,none,3,0,0
3,56,0.3913,Employee,125.36,0.0448,3,False,0.9061,False,none,4,0,0
1,22,0.0,Employee,44.55,0.0151,0,True,0.9883,False,none,12,0,0
1,9,0.4743,Manager,351.11,0.0354,1,False,0.8761,False,none,0,0,0
1,56,0.3428,Employee,195.38,0.0632,5,False,0.9765,False,none,11,0,0
2,41,0.097,Manager,96.31,0.0093,0,False,0.8624,False,none,10,0,0
2,50,0.2258,Employee,126.5,0.0307,12,False,0.9535,True,low,20,1,0
0,-1,0.3688,Employee,174.93,0.0428,1,False,0.0,False,none,10,0,0
3,60,0.2786,Executive,1133.07,0.0259,8,False,0.8831,False,none,14,0,0
21,0,0.0216,Director,58.36,0.0034,4,False,0.6171,False,none,9,3,1
0,-1,1.0005,Employee,482.75,0.1418,380,False,0.6623,True,medium,71,3,1
2,49,0.1082,Employee,51.75,0.0162,6,False,0.9749,False,none,13,0,0
6,42,0.356,Contractor,68.58,0.0547,1,False,0.9764,False,none,14,0,0
3,49,0.248,Manager,306.64,0.032,1,False,0.8855,False,none,13,0,0
0,-1,0.3206,Manager,341.23,0.0571,2,False,0.0,False,none,10,0,0
33,1,0.4154,Contractor,108.13,0.1178,3,False,0.6652,False,none,17,1,1
0,-1,0.0,Employee,389.77,0.1162,427,True,0.6365,True,medium,68,4,1
3,37,0.1684,Employee,62.48,0.0182,1,False,0.9209,False,none,9,0,0
1,30,0.1087,Employee,54.59,0.0182,6,False,0.8728,False,none,9,0,0
3,1,0.6118,Employee,237.0818006805718,0.0877,12,False,0.9413,False,none,11,0,0
0,-1,0.7118,Contractor,88.49,0.085,3,True,0.0,False,none,13,0,0
1,10,0.7951,Employee,496.61,0.1514,1,True,0.7533,True,high,145,5,1
2,10,0.3296,Manager,272.29,0.0444,0,False,0.9064,False,none,14,0,0
1,14,9.9127,Manager,9410.85,1.4628,18,True,0.2937,True,high,204,3,1
1,13,0.2537,Director,876.94,0.0352,1,False,0.9527,True,low,19,1,0
2,26,0.0398,Employee,26.2,0.0111,2,False,0.9722,False,none,12,0,0
3,40,0.5013,Executive,2739.182053713528,0.0557,10,True,0.9016,False,none,12,0,0
4,31,0.4849,Employee,302.21,0.0852,3,True,0.9573,False,none,8,0,0
4,22,0.6843,Director,1319.93,0.0565,1,True,0.8868,False,none,0,0,0
1,1,0.3537,Employee,198.76,0.0534,2,False,0.8986,False,none,9,0,0
1,28,0.4363,Employee,231.58,0.0784,1,False,0.9326,False,none,12,0,0
2,12,3.7659,Employee,1872.62,0.7414,20,True,0.651,True,high,259,3,1
6,38,0.2412,Director,735.86,0.0407,4,False,0.9664,False,none,15,0,0
2,53,0.6035,Manager,749.58,0.0947,1,True,0.9696,False,none,9,0,0
1,43,0.522,Manager,579.33,0.0536,0,False,0.9366,False,none,0,0,0
3,2,0.4137,Manager,399.32,0.0584,0,False,0.8986,False,none,15,0,0
2,47,0.4903,Manager,523.03,0.0599,15,False,0.9555,True,low,41,1,0
4,40,0.1575,Employee,77.28,0.026,1,False,0.8706,True,low,27,1,0
0,-1,0.5098,Employee,315.5534236310762,0.0941,11,True,0.0,False,none,14,0,0
2,31,0.2197,Employee,133.64,0.0434,11,False,0.9302,False,none,6,0,0
5,16,0.3163,Employee,189.9,0.0685,2,False,0.9533,False,none,0,0,0
2,10,1.0378,Manager,1037.7754529690064,0.0955,1,False,0.8844,True,low,44,1,0
1,3,0.2926,Manager,325.61,0.0713,3,False,0.9584,False,none,15,0,0
2,8,0.0711,Contractor,15.87,0.0284,12,True,0.9773,False,none,11,0,0
23,2,0.2286,Employee,100.64,0.0277,1,False,0.7756,False,none,5,3,1
1,59,0.1246,Employee,63.65,0.0213,2,True,0.8984,False,none,6,0,0
3,58,0.1413,Manager,182.52,0.0294,6,False,0.9681,False,none,9,0,0
1,36,0.6009,Employee,185.33627887117876,0.0613,1,False,0.9716,False,none,5,0,0
1,5,0.3361,Employee,154.86,0.0738,2,False,0.8767,False,none,15,0,0
2,31,0.9342,Employee,540.2754250056832,0.2249,0,False,0.8758,False,none,9,0,0
3,32,0.576,Director,1636.06,0.0943,2,False,0.8747,False,none,15,0,0
1,15,9.2075,Director,32830.26,2.3939,6,True,0.3351,True,high,265,7,1
1,1,1.8383,Employee,616.66,0.223,0,True,0.627,True,medium,66,6,1
1,11,0.5952,Employee,266.84,0.093,5,False,0.9108,False,none,4,0,0
10,4,1.1992,Employee,550.7,0.1819,0,True,0.6382,True,medium,65,4,1
3,8,0.511,Manager,422.78,0.079,2,True,0.9628,False,none,9,0,0
1,51,0.8144,Employee,384.1530040528848,0.1753,8,True,0.8519,True,low,27,1,0
1,111,1.0588,Manager,1141.07,0.1057,336,True,0.5474,True,medium,71,3,1
0,-1,0.3722,Manager,435.04,0.0462,1,False,0.0,False,none,7,0,0
3,48,0.1382,Contractor,31.64,0.0298,1,False,0.8952,False,none,10,0,0
37,2,0.0132,Manager,17.78,0.0022,2,False,0.722,False,none,9,3,1
2,21,0.4348,Employee,251.33,0.096,3,False,0.889,False,none,9,0,0
2,46,0.1079,Employee,71.74,0.0245,1,False,0.9625,False,none,11,0,0
3,15,0.6682,Employee,286.25881359315093,0.1302,10,False,0.9526,True,low,30,1,0
0,-1,0.9352,Manager,1073.4833859376597,0.1368,6,False,0.0,False,none,15,0,0
0,-1,0.104,Employee,51.52,0.0227,0,False,0.0,False,none,7,0,0
2,23,2.8786,Employee,1279.75,0.5351,14,True,0.6226,True,high,175,4,1
1,46,0.0,Director,352.93475503095453,0.0187,4,True,0.9728,False,none,11,0,0
1,25,4.9499,Director,16099.97,0.8076,7,False,0.6736,True,high,236,5,1
1,45,0.1834,Contractor,35.55,0.0287,2,True,0.8578,False,none,9,0,0
3,53,0.1276,Employee,71.26,0.0207,6,True,0.9058,False,none,1,0,0
1,47,0.1372,Manager,179.4,0.0206,1,False,0.9961,True,low,24,1,0
3,40,0.273,Employee,149.33,0.0487,0,False,0.9569,False,none,15,0,0
2,28,0.1798,Employee,122.94,0.0378,0,True,0.9696,False,none,4,0,0
1,27,0.0,Employee,144.74,0.0413,4,False,0.8701,False,none,11,0,0
3,1,0.1842,Manager,178.1,0.0188,8,False,0.9187,False,none,9,0,0
3,43,0.5286,Employee,233.15,0.0943,12,False,0.9478,False,none,2,0,0
1,33,0.4452,Manager,356.18,0.0921,0,False,0.8563,True,low,12,1,0
38,0,0.2611,Employee,93.99,0.0347,3,False,0.7573,False,none,3,3,1
2,8,0.0803,Employee,43.59,0.0154,8,False,0.9079,False,none,13,0,0
2,44,0.2347,Employee,184.79,0.0789,1,False,0.903,False,none,11,0,0
3,35,0.5221,Manager,725.06,0.0844,0,False,0.9638,False,none,1,0,0
38,2,0.0508,Director,147.69,0.0058,0,False,0.8831,False,none,14,2,1
0,-1,0.5098,Employee,171.018998410079,0.0622,0,False,0.0,False,none,0,0,0
3,34,0.0857,Employee,52.95,0.0141,15,False,0.964,False,none,11,0,0
1,18,5.5874,Employee,3032.83,1.1176,17,False,0.3317,True,high,341,3,1
0,-1,0.3074,Employee,174.83,0.0512,3,False,0.0,False,none,3,0,0
1,73,1.3279,Employee,360.97,0.1547,335,True,0.7778,True,medium,94,2,1
1,14,2.6219,Manager,3197.4,0.4081,16,False,0.4143,True,high,161,4,1
2,7,0.5661,Manager,507.36,0.0772,4,False,0.9068,False,none,5,0,0
3,55,0.5845,Employee,271.7106376767242,0.0652,0,False,0.8655,True,low,33,1,0
0,-1,0.7002,Employee,242.45,0.1318,3,False,0.0,False,none,1,0,0
1,26,0.277,Employee,143.88,0.0674,6,False,0.9447,False,none,4,0,0
2,19,0.9365,Contractor,119.83935244982942,0.1048,2,False,0.8873,False,none,0,0,0
2,119,1.1867,Contractor,236.99,0.4707,295,True,0.6475,True,medium,43,4,1
2,27,0.9164,Employee,484.41,0.1945,3,True,0.9632,False,none,6,0,0
3,29,0.3579,Employee,190.84,0.0562,0,False,0.9667,True,low,20,1,0
26,1,0.5118,Contractor,114.1,0.108,3,False,0.8927,False,none,5,1,1
2,7,0.2169,Manager,218.92,0.0378,6,False,0.9885,False,none,0,0,0
0,-1,0.1292,Employee,51.69,0.0227,7,False,0.0,False,none,4,0,0
1,38,0.3465,Employee,117.02,0.0332,22,False,0.9335,False,none,10,0,0
1,79,0.8503,Employee,440.44,0.1072,259,True,0.5434,True,medium,49,4,1
0,-1,0.1733,Employee,44.84,0.0123,4,False,0.0,False,none,9,0,0
2,35,0.116,Employee,82.86,0.0214,3,True,0.8547,False,none,3,0,0
3,1,0.3067,Manager,298.93,0.0436,9,True,0.9075,False,none,2,0,0
2,52,0.2702,Employee,147.0,0.0506,4,True,0.9699,False,none,12,0,0
1,36,0.2995,Manager,252.45,0.0313,27,False,0.9328,False,none,1,0,0
4,8,0.0682,Contractor,12.81,0.0115,2,False,0.9916,False,none,3,0,0
2,11,0.4928,Director,1606.25,0.08,1,True,0.8972,False,none,0,0,0
3,18,0.1865,Employee,96.94,0.0295,3,False,0.9689,False,none,14,0,0
15,0,0.0213,Manager,24.64,0.0039,2,False,0.7169,False,none,15,2,1
10,5,1.7349,Manager,1609.62,0.1556,0,True,0.582,True,high,106,2,1
1,40,0.1372,Executive,745.07,0.0129,3,False,0.9882,True,low,24,1,0
0,-1,0.2587,Employee,88.56,0.0252,9,False,0.0,False,none,12,0,0
3,49,0.3156,Contractor,65.86,0.0,2,False,0.9714,False,none,1,0,0
0,-1,0.6999,Director,2957.85,0.1319,2,True,0.0,False,none,12,0,0
1,3,0.1789,Employee,105.09,0.0517,2,False,0.9083,True,low,38,1,0
4,50,0.1898,Employee,81.0,0.0271,9,False,0.9453,False,none,8,0,0
0,-1,0.3423,Employee,189.74,0.0722,6,False,0.0,True,low,13,1,0
1,49,0.2133,Employee,123.36,0.0571,0,False,0.9792,False,none,9,0,0
4,7,0.1548,Director,516.11,0.0407,6,False,0.8666,False,none,13,0,0
3,18,0.2433,Executive,1046.35,0.0219,2,True,0.893,False,none,11,0,0
0,-1,0.389,Employee,231.56,0.0586,4,False,0.0,False,none,13,0,0
3,7,0.4791,Director,1698.17,0.1017,2,False,0.922,False,none,7,0,0
3,45,0.3801,Director,941.36,0.0439,0,False,0.9695,False,none,12,0,0
2,31,0.9068,Employee,195.51863855990862,0.0904,28,False,0.9471,False,none,14,0,0
2,18,0.3831,Employee,192.72,0.0591,1,False,0.926,False,none,6,0,0
3,22,0.1308,Director,440.73,0.0208,3,False,0.9955,False,none,15,0,0
1,60,0.3798,Employee,225.53,0.0701,1,False,0.9938,False,none,3,0,0
2,1,0.2879,Employee,140.46,0.0565,11,False,0.9048,False,none,7,0,0
2,9,0.1885,Employee,112.87,0.0294,7,False,0.9009,False,none,6,0,0
1,38,0.2804,Employee,139.77,0.0566,6,False,0.9303,True,low,28,1,0
4,15,0.1328,Manager,127.37,0.0178,6,False,0.9399,False,none,15,0,0
4,48,0.1336,Executive,607.12,0.017,1,True,0.9375,False,none,1,0,0
3,43,0.1549,Manager,114.97,0.0187,0,False,0.862,False,none,1,0,0
4,9,1.4966,Employee,702.82,0.2449,1,True,0.7151,True,medium,72,3,1
0,-1,0.577,Contractor,120.73907577368949,0.1421,8,False,0.0,False,none,9,0,0
2,57,0.7115,Employee,250.72,0.0767,9,False,0.987,False,none,15,0,0
2,67,0.8003,Manager,678.67,0.1058,432,False,0.7846,True,medium,82,3,1
3,9,0.0605,Director,213.72,0.0106,12,True,0.869,False,none,4,0,0
4,26,0.9,Contractor,242.88853419005147,0.2822,1,True,0.9733,False,none,7,0,0
1,28,0.1133,Employee,44.26,0.0108,5,False,0.9411,False,none,2,0,0
1,51,0.581,Employee,395.31787954617346,0.1326,7,True,0.9366,False,none,7,0,0
1,57,0.0613,Executive,409.77,0.0096,3,False,0.9453,False,none,3,0,0
4,40,0.8328,Director,2520.864329199699,0.1455,4,False,0.9352,False,none,5,0,0
1,34,0.0903,Director,370.38,0.0263,10,False,0.8918,False,none,13,0,0
4,8,0.8566,Manager,684.6,0.0781,4,False,0.8612,False,none,1,0,0
4,31,0.2406,Contractor,31.35,0.0265,4,False,0.8628,False,none,1,0,0
0,-1,0.1444,Director,426.99,0.0191,1,False,0.0,False,none,5,0,0
0,-1,0.9014,Employee,339.60221444310287,0.0,8,False,0.0,False,none,14,0,0
2,2,0.2953,Employee,135.72,0.0469,8,True,0.8825,False,none,2,0,0
4,37,0.1102,Contractor,21.1,0.0212,3,False,0.9927,False,none,14,0,0
2,55,0.3561,Manager,259.61,0.0282,4,False,0.9368,True,low,19,1,0
2,14,0.5619,Employee,204.58,0.0662,3,False,0.9981,False,none,6,0,0
0,-1,0.2368,Employee,113.78,0.0298,10,False,0.0,False,none,5,0,0
2,51,0.4666,Employee,184.45,0.0546,1,True,0.8522,False,none,7,0,0
5,14,7.2121,Director,24784.43,1.5361,19,True,0.6808,True,high,304,4,1
4,17,3.1242,Director,12399.71,0.4976,18,False,0.5812,True,high,239,5,1
2,55,0.8395,Employee,323.68235939359414,0.0,7,False,0.8534,False,none,8,0,0
2,28,0.6674,Contractor,125.97,0.247,1,False,0.9643,False,none,2,0,0
2,2,0.2404,Manager,206.39,0.0215,7,False,0.8527,True,low,42,1,0
2,16,3.4662,Employee,1847.55,0.5147,6,True,0.3049,True,high,215,3,1
2,18,0.0,Employee,2521.15,0.7624,9,False,0.2987,True,high,184,6,1
0,-1,0.1784,Employee,108.3,0.0509,3,False,0.0,True,low,48,1,0
10,7,1.0643,Employee,635.48,0.236,1,True,0.6908,True,high,113,2,1
4,2,0.1138,Contractor,27.03,0.0342,3,False,0.9084,False,none,14,0,0
2,61,0.9008,Manager,1024.15,0.1452,231,False,0.7187,True,medium,92,2,1
2,1,0.2324,Employee,107.38,0.0291,0,False,0.938,False,none,0,0,0
3,46,0.7957,Contractor,162.34,0.1446,0,False,0.9124,False,none,3,0,0
2,11,0.6345,Employee,319.0680046562764,0.1615,8,False,0.87,False,none,1,0,0
1,20,0.1763,Director,455.55,0.0194,1,False,0.8853,False,none,9,0,0
1,39,0.7195,Employee,271.82,0.0862,9,False,0.9046,True,low,31,1,0
4,30,0.8256,Director,2332.47,0.1066,0,False,0.9168,False,none,12,0,0
22,0,0.242,Contractor,45.66,0.0427,2,False,0.7601,False,none,0,3,1
1,57,0.4188,Employee,285.56,0.1054,4,False,0.9774,False,none,5,0,0
2,50,0.4227,Director,1052.19,0.041,1,False,0.8943,False,none,5,0,0
1,91,1.2686,Manager,893.86,0.1151,486,True,0.5321,True,medium,87,3,1
3,30,0.3611,Manager,308.48,0.0358,1,True,0.9118,False,none,10,0,0
2,58,0.1968,Manager,202.91,0.0238,5,False,0.9773,False,none,1,0,0
1,8,0.2209,Employee,95.6,0.0255,4,False,0.9665,False,none,12,0,0
19,2,0.0221,Director,81.06,0.0045,4,False,0.776,False,none,7,3,1
38,0,0.035,Executive,114.68,0.0038,5,False,0.7813,False,none,15,3,1
1,60,0.2967,Director,1099.65,0.0859,4,False,0.8993,True,low,24,1,0
2,57,0.0692,Manager,86.99,0.0112,22,False,0.9743,False,none,12,0,0
2,37,0.2167,Employee,97.95,0.0303,2,False,0.9201,True,low,46,1,0
1,80,0.7714,Contractor,148.04,0.1822,416,False,0.7609,True,medium,65,4,1
2,22,8.0786,Executive,51823.12,0.7752,15,False,0.5271,True,high,296,5,1
3,52,0.517,Employee,154.0834988884912,0.0422,1,False,0.96,False,none,6,0,0
2,48,0.251,Employee,158.61,0.0754,2,False,0.8581,False,none,13,0,0
4,32,0.265,Director,788.01,0.0492,14,False,0.8995,False,none,2,0,0
3,3,0.6474,Employee,283.02,0.0706,6,False,0.9233,False,none,14,0,0
1,7,1.0265,Contractor,199.580123316202,0.1984,7,False,0.982,False,none,10,0,0
4,38,0.0,Manager,77.88,0.0118,3,True,0.8735,False,none,10,0,0
3,9,0.4733,Employee,197.27,0.1276,0,False,0.9931,False,none,5,0,0
2,26,0.1288,Manager,156.63,0.0223,5,True,0.8973,False,none,10,0,0
2,13,0.7486,Employee,435.96,0.1448,3,True,0.8709,False,none,15,0,0
3,21,7.8277,Employee,4807.35,2.0297,16,False,0.6933,True,high,333,3,1
1,27,0.5405,Contractor,62.982753933339716,0.0804,19,False,0.9962,False,none,11,0,0
1,36,0.311,Manager,289.71,0.0406,0,False,0.9346,False,none,4,0,0
2,29,0.2018,Manager,241.62,0.0238,2,True,0.9602,False,none,4,0,0
3,25,0.2048,Employee,101.34,0.0274,18,False,0.8944,False,none,7,0,0
2,38,0.4342,Director,1539.13,0.0586,4,True,0.8999,False,none,10,0,0
3,20,0.1861,Employee,82.84,0.0421,1,False,0.9884,False,none,15,0,0
1,53,0.1614,Executive,804.05,0.0185,25,True,0.9117,False,none,7,0,0
3,28,0.0633,Employee,38.86,0.0098,7,False,0.9835,False,none,5,0,0
27,0,0.1769,Employee,74.11,0.023,4,True,0.793,False,none,0,2,1
4,14,0.3796,Contractor,68.23,0.0709,4,False,0.9376,False,none,1,0,0
0,-1,0.7103,Employee,258.7096094502005,0.0931,2,False,0.0,False,none,6,0,0
1,54,0.417,Manager,345.98,0.0486,4,False,0.8609,False,none,12,0,0
1,31,0.2902,Manager,329.91,0.0364,4,True,0.8628,False,none,1,0,0
2,48,0.1774,Employee,103.07,0.0268,0,False,0.892,True,low,28,1,0
2,11,0.6553,Employee,421.36,0.135,1,False,0.9836,True,low,22,1,0
0,-1,0.3252,Manager,448.85,0.0668,4,False,0.0,False,none,5,0,0
3,27,0.4975,Employee,256.01,0.0763,2,False,0.9049,False,none,8,0,0
2,42,0.0742,Contractor,18.09,0.0191,9,False,0.914,False,none,4,0,0
1,14,0.1845,Employee,146.45,0.0389,0,False,0.918,False,none,15,0,0
5,39,0.0,Employee,373.82,0.0,16,False,0.8909,False,none,1,0,0
2,59,0.4462,Contractor,73.21,0.0556,11,False,0.873,False,none,1,0,0
0,-1,0.7206,Employee,341.0527502212291,0.153,1,False,0.0,False,none,12,0,0
3,42,0.0,Employee,202.5,0.0682,5,False,0.9274,False,none,12,0,0
2,26,0.5079,Contractor,94.38,0.096,2,False,0.9067,False,none,11,0,0
1,12,0.2962,Employee,176.76,0.0597,2,False,0.9641,False,none,11,0,0
1,2,0.2841,Employee,129.25,0.0444,1,False,0.8627,False,none,8,0,0
1,45,0.0,Employee,379.60230354460356,0.1327,6,False,0.9272,False,none,3,0,0
1,31,0.3006,Contractor,75.3,0.0806,0,True,0.9741,False,none,13,0,0
5,10,0.1641,Employee,86.59,0.0215,0,False,0.9472,True,low,13,1,0
2,4,0.0,Contractor,210.63,0.265,2,True,0.9514,False,none,11,0,0
2,90,0.9018,Employee,301.87,0.1059,263,True,0.711,True,medium,34,3,1
6,10,1.099,Executive,4899.13,0.1933,1,True,0.5076,True,high,108,4,1
3,20,0.7482,Employee,399.30308400815517,0.1063,14,False,0.8882,False,none,12,0,0
4,4,0.7786,Manager,630.72,0.0607,11,False,0.8922,False,none,6,0,0
3,58,0.7015,Contractor,105.3300044630944,0.1116,2,True,0.9847,False,none,7,0,0
3,51,0.2493,Manager,203.2,0.0252,2,False,0.953,False,none,12,0,0
4,52,0.519,Contractor,110.1,0.1313,2,False,0.9694,False,none,11,0,0
1,38,0.1811,Manager,196.24,0.0415,10,False,0.9418,False,none,10,0,0
4,17,0.4642,Employee,229.58,0.0596,2,False,0.8996,False,none,13,0,0
2,48,0.0616,Employee,36.72,0.0124,4,True,0.9387,False,none,1,0,0
0,-1,0.7489,Employee,412.43,0.2141,3,False,0.0,False,none,10,0,0
1,8,0.5111,Director,1312.7,0.0521,0,False,0.925,False,none,14,0,0
4,57,0.3056,Employee,186.32,0.0757,13,False,0.9639,False,none,13,0,0
2,1,0.1457,Employee,80.4,0.031,10,False,0.9002,False,none,5,0,0
4,56,0.6022,Employee,325.25,0.1568,4,False,0.8653,False,none,9,0,0
4,25,0.088,Manager,105.34,0.013,4,True,0.8507,False,none,14,0,0
2,51,0.1536,Employee,79.19,0.0244,1,True,0.9819,False,none,14,0,0
3,40,0.0,Employee,367.04,0.1215,4,True,0.9748,False,none,13,0,0
2,34,0.1317,Employee,69.24,0.023,7,False,0.9192,False,none,10,0,0
6,1,0.2844,Director,967.19,0.0537,3,False,0.8673,False,none,6,0,0
1,12,0.0,Director,415.56840367328493,0.0244,17,False,0.9543,False,none,6,0,0
3,18,0.0299,Director,86.09,0.0038,2,False,0.9762,False,none,15,0,0
1,57,0.2662,Employee,168.63,0.0394,4,False,0.8605,False,none,12,0,0
40,1,0.029,Employee,13.95,0.0043,3,False,0.6757,False,none,10,1,1
3,60,0.0,Employee,46.39,0.0129,12,False,0.8949,False,none,14,0,0
1,32,0.7246,Employee,378.66,0.1309,12,False,0.8601,False,none,9,0,0
1,52,0.1692,Director,472.52,0.0282,1,False,0.8658,False,none,0,0,0
5,4,0.2704,Director,1019.94,0.0509,0,False,0.9859,False,none,9,0,0
3,28,0.3663,Director,844.8,0.0284,14,False,0.8989,True,low,11,1,0
2,11,0.5767,Director,1370.9236774433643,0.0593,0,False,0.9872,False,none,13,0,0
3,38,0.1008,Director,288.47,0.0123,0,False,0.9884,False,none,5,0,0
5,29,0.4441,Director,1064.58,0.058,24,False,0.9825,True,low,15,1,0
5,58,0.2138,Director,560.27,0.0314,17,False,0.919,False,none,5,0,0
1,34,0.0,Employee,167.3,0.0525,9,False,0.9155,False,none,15,0,0
4,12,0.7033,Employee,407.71,0.1355,1,False,0.9207,False,none,0,0,0
1,15,0.5633,Employee,228.43,0.0804,11,False,0.9747,True,low,10,1,0
1,23,0.5132,Manager,411.43,0.0624,8,False,0.972,False,none,11,0,0
2,55,0.5214,Employee,233.27,0.0558,7,False,0.9706,False,none,1,0,0
4,1,1.6061,Employee,795.29,0.2949,0,True,0.7104,True,medium,93,3,1
3,46,0.0702,Director,196.79,0.0109,0,False,0.8745,False,none,4,0,0
1,45,0.1101,Employee,57.56,0.0263,1,False,0.9526,False,none,14,0,0
1,55,0.0699,Employee,46.62,0.0131,14,False,0.9932,False,none,9,0,0
4,56,0.0706,Manager,88.56,0.0137,5,False,0.9015,False,none,8,0,0
1,15,0.1998,Director,615.5,0.0263,1,False,0.8811,False,none,2,0,0
2,59,0.497,Employee,250.36,0.1155,21,True,0.9534,False,none,13,0,0
2,38,0.8205,Employee,351.09268062635385,0.1331,3,False,0.9516,False,none,8,0,0
2,11,2.9437,Employee,1559.78,0.7335,12,True,0.488,True,high,277,3,1
3,9,1.1176,Manager,1665.54,0.2659,0,True,0.4991,True,high,63,6,1
2,2,0.3417,Director,1037.67,0.042,1,False,0.992,False,none,14,0,0
1,42,0.5711,Director,2182.91986799224,0.164,4,True,0.9175,False,none,2,0,0
0,-1,0.1549,Director,565.81,0.0307,0,False,0.0,False,none,9,0,0
4,24,0.2411,Employee,138.59,0.0612,0,False,0.8538,False,none,7,0,0
1,20,0.2491,Employee,107.46,0.0255,1,False,0.9271,False,none,9,0,0
2,9,0.2485,Employee,145.95,0.0493,2,False,0.9609,False,none,1,0,0
0,-1,0.3876,Director,1001.23,0.0581,5,False,0.0,True,low,30,1,0
1,91,1.2955,Contractor,194.59,0.1915,331,False,0.5959,True,medium,56,2,1
1,72,0.5656,Director,1722.0,0.0906,193,True,0.5901,True,medium,54,2,1
1,51,0.1261,Employee,55.04,0.0156,7,False,0.8753,False,none,9,0,0
4,5,1.169,Manager,1583.42,0.1871,0,True,0.6303,True,medium,72,3,1
1,31,0.4258,Director,1560.91,0.0889,2,False,0.9358,True,low,11,1,0
2,59,0.575,Director,1438.2517020166376,0.0567,0,False,0.9483,False,none,13,0,0
21,1,0.165,Employee,113.74,0.0298,5,False,0.6786,False,none,11,3,1
3,12,0.7378,Employee,301.8160888720773,0.0763,3,False,0.9839,False,none,5,0,0
1,50,0.5829,Employee,230.33089181124922,0.0566,0,True,0.8748,False,none,6,0,0
1,36,0.0,Executive,486.30684769870135,0.0094,1,False,0.8552,False,none,1,0,0
2,20,0.5169,Manager,364.8,0.0477,0,True,0.9714,False,none,3,0,0
1,13,0.0,Director,434.4428156291209,0.018,0,False,0.8981,False,none,6,0,0
8,1,1.2159,Executive,5849.66,0.1467,1,True,0.7895,True,medium,71,5,1
34,0,0.1335,Manager,134.3,0.0224,3,True,0.6963,False,none,3,1,1
2,18,0.2221,Employee,106.88,0.0328,10,False,0.9929,False,none,0,0,0
0,-1,0.715,Contractor,79.9919576449416,0.0688,0,True,0.0,False,none,14,0,0
0,-1,0.0826,Manager,99.78,0.0118,6,False,0.0,False,none,6,0,0
17,2,0.6759,Contractor,146.14,0.1741,5,False,0.8308,False,none,14,2,1
4,25,0.1981,Executive,1097.87,0.0223,5,False,0.979,False,none,14,0,0
7,10,1.8301,Employee,843.73,0.2453,0,True,0.7445,True,medium,105,3,1
2,53,0.5279,Contractor,115.01,0.1489,0,True,0.8513,False,none,2,0,0
2,14,0.4385,Contractor,73.14,0.0525,5,False,0.9767,False,none,15,0,0
1,57,0.2484,Director,683.01,0.0278,2,False,0.9477,False,none,0,0,0
1,35,0.19,Employee,107.48,0.0358,0,True,0.9758,False,none,10,0,0
0,-1,0.3954,Employee,182.31,0.0899,2,True,0.0,False,none,13,0,0
3,49,0.4843,Executive,2464.12,0.0765,6,False,0.8853,False,none,6,0,0
1,10,0.449,Employee,216.31,0.0716,5,False,0.9929,True,low,25,1,0
1,18,0.2303,Employee,155.49,0.0429,1,False,0.9276,False,none,8,0,0
4,2,1.3114,Employee,598.34,0.1674,1,True,0.5332,True,medium,163,6,1
2,7,0.3728,Contractor,90.79,0.0851,1,False,0.8666,False,none,2,0,0
1,25,0.369,Employee,175.05,0.0593,8,True,0.9837,False,none,3,0,0
2,2,0.0,Employee,568.57,0.232,0,True,0.5599,True,medium,137,4,1
3,48,0.4702,Manager,327.84,0.0673,8,False,0.9097,False,none,8,0,0
4,6,0.7106,Director,1011.5,0.0418,0,False,0.9983,False,none,8,0,0
3,27,0.2539,Employee,108.48,0.0291,17,True,0.9682,False,none,0,0,0
2,32,0.5757,Contractor,96.75558317949358,0.0962,1,False,0.9663,False,none,12,0,0
0,-1,0.5544,Employee,277.99634176898707,0.0651,0,False,0.0,False,none,14,0,0
3,43,0.2763,Director,1010.78,0.0697,5,True,0.9679,False,none,14,0,0
28,2,0.1331,Manager,138.62,0.014,2,True,0.6341,False,none,13,1,1
2,16,0.1594,Manager,178.34,0.0279,10,False,0.8913,False,none,8,0,0
1,27,0.5086,Manager,462.6087284702032,0.0939,3,False,0.8759,False,none,10,0,0
2,19,0.4728,Employee,264.15,0.1464,0,False,0.942,False,none,9,0,0
1,68,0.5243,Contractor,128.13,0.1255,423,False,0.5506,True,medium,31,2,1
35,1,0.0102,Executive,38.66,0.0007,2,False,0.7987,False,none,10,2,1
2,36,0.2071,Employee,119.44,0.0317,9,True,0.8842,False,none,15,0,0
2,1,0.2515,Manager,260.14,0.0325,8,False,0.9198,False,none,9,0,0
0,-1,0.3832,Employee,203.9,0.0638,9,True,0.0,False,none,9,0,0
1,58,0.844,Contractor,134.2890782222704,0.128,3,False,0.9456,False,none,11,0,0
4,14,0.2366,Manager,257.22,0.0284,2,False,0.9225,False,none,11,0,0
2,4,0.1177,Manager,130.56,0.0159,4,False,0.9877,False,none,8,0,0
4,36,0.1261,Executive,688.18,0.0155,2,False,0.8695,False,none,14,0,0
3,47,0.171,Manager,147.86,0.0242,3,False,0.9904,False,none,3,0,0
2,46,0.1648,Employee,85.52,0.031,10,False,0.9474,False,none,7,0,0
1,73,0.4335,Employee,370.9,0.1048,444,False,0.791,True,medium,60,3,1
0,-1,0.5028,Manager,450.67,0.0532,0,False,0.0,False,none,0,0,0
0,-1,0.8754,Employee,518.75,0.1346,268,False,0.7794,True,medium,41,3,1
3,49,0.6608,Manager,773.98,0.0812,2,False,0.8749,False,none,1,0,0
0,-1,0.1734,Manager,198.0,0.0,0,False,0.0,False,none,6,0,0
2,27,0.244,Employee,161.81,0.0509,1,False,0.8961,False,none,4,0,0
0,-1,0.0,Manager,99.42,0.0,6,False,0.0,True,low,47,1,0
1,4,0.0,Contractor,38.96,0.0409,5,False,0.9292,False,none,13,0,0
3,51,0.5965,Director,1840.49,0.0804,12,True,0.9629,False,none,7,0,0
4,47,0.2334,Employee,98.66,0.0357,8,False,0.8957,False,none,5,0,0
2,18,0.1086,Employee,62.22,0.0227,0,False,0.9718,False,none,13,0,0
2,33,0.167,Employee,80.27,0.0276,8,False,0.8654,False,none,15,0,0
2,49,0.2214,Contractor,45.55,0.0586,10,True,0.8699,False,none,5,0,0
3,25,0.9648,Executive,4292.0472533440025,0.0849,12,False,0.9495,False,none,11,0,0
4,30,0.0,Employee,219.37,0.0754,4,False,0.963,False,none,1,0,0
1,10,0.071,Employee,41.11,0.0149,1,False,0.8908,False,none,3,0,0
16,2,0.1309,Manager,121.8,0.0126,1,False,0.8772,False,none,19,2,1
1,9,0.1616,Employee,69.28,0.0208,4,False,0.8724,False,none,5,0,0
2,55,0.0954,Manager,91.77,0.0118,5,False,0.9721,False,none,10,0,0
2,53,0.0,Employee,447.3017055889379,0.1708,13,False,0.965,False,none,0,0,0
0,-1,0.1654,Employee,63.63,0.0194,4,True,0.0,False,none,0,0,0
1,41,0.5681,Employee,294.43267710301956,0.0815,0,False,0.9306,False,none,8,0,0
7,58,0.452,Manager,547.19,0.048,0,False,0.9321,False,none,7,0,0
2,60,0.7044,Employee,372.989226787198,0.1253,6,True,0.9531,False,none,12,0,0
0,-1,0.119,Director,380.99,0.0176,0,False,0.0,False,none,4,0,0
10,3,2.044,Employee,742.19,0.3029,1,True,0.5157,True,high,87,3,1
2,34,0.8314,Employee,450.52141758749974,0.1622,3,False,0.9294,False,none,4,0,0
0,-1,0.5152,Employee,310.44,0.0874,1,False,0.0,False,none,14,0,0
2,45,0.1246,Manager,89.03,0.0101,14,False,0.9058,True,low,42,1,0
2,50,0.3596,Employee,179.22,0.0652,7,False,0.8621,True,low,31,1,0
1,7,1.3096,Employee,651.87,0.2633,1,True,0.4893,True,high,156,5,1
1,16,0.1902,Director,625.7,0.0389,9,False,0.8713,False,none,2,0,0
3,31,0.1816,Contractor,37.52,0.0347,2,True,0.9072,False,none,12,0,0
0,-1,0.3404,Manager,258.43,0.0248,6,False,0.0,False,none,10,0,0
4,48,0.1048,Employee,57.84,0.016,1,False,0.8929,False,none,11,0,0
4,48,0.2356,Employee,101.17,0.0446,0,True,0.9778,False,none,14,0,0
2,23,0.3282,Employee,205.18,0.0781,7,False,0.9604,False,none,5,0,0
0,-1,0.2187,Manager,229.47,0.0236,7,False,0.0,False,none,13,0,0
2,20,0.0314,Contractor,5.45,0.0067,0,False,0.9323,False,none,0,0,0
4,60,0.6702,Employee,307.9979125789696,0.1146,9,False,0.9633,False,none,6,0,0
2,31,0.3128,Employee,155.89,0.0492,1,False,0.9988,False,none,0,0,0
3,46,0.0783,Employee,42.89,0.017,2,False,0.9485,False,none,3,0,0
1,87,0.8653,Employee,407.97,0.1502,474,False,0.5765,True,medium,57,5,1
1,48,0.5603,Executive,2462.53,0.058,9,False,0.9656,False,none,4,0,0
5,6,0.4384,Employee,238.29,0.0815,3,False,0.933,False,none,9,0,0
0,-1,0.7969,Employee,208.48881727131274,0.0762,3,False,0.0,False,none,7,0,0
5,14,0.5065,Employee,254.09,0.0791,6,False,0.9255,False,none,1,0,0
5,7,1.3028,Contractor,248.64,0.1832,0,True,0.5061,True,medium,109,4,1
4,53,0.2174,Employee,100.88,0.038,3,False,0.8653,True,low,25,1,0
1,20,0.2086,Contractor,42.06,0.0506,1,False,0.9129,False,none,9,0,0
0,-1,0.6519,Contractor,126.8414376682758,0.1281,4,False,0.0,False,none,3,0,0
1,22,0.1859,Director,777.37,0.0436,3,False,0.8566,False,none,12,0,0
1,60,0.128,Executive,795.34,0.0137,39,False,0.9553,False,none,1,0,0
3,14,4.1114,Director,9545.12,0.5686,18,False,0.2006,True,high,231,4,1
3,51,0.032,Manager,42.54,0.0056,7,True,0.9782,False,none,3,0,0
1,55,0.2205,Director,628.66,0.0258,0,False,0.9199,True,low,33,1,0
2,39,0.5891,Employee,304.62,0.1468,6,False,0.9352,False,none,12,0,0
4,7,0.0,Manager,283.2238888985393,0.0443,23,False,0.9508,False,none,13,0,0
3,1,0.1297,Contractor,20.62,0.0205,3,False,0.9304,False,none,4,0,0
2,36,0.1976,Employee,96.33,0.0306,3,False,0.9861,False,none,11,0,0
19,2,0.0118,Director,40.8,0.002,1,True,0.6584,False,none,11,3,1
2,17,0.9244,Employee,369.5916542122584,0.1149,15,True,0.8562,False,none,6,0,0
1,36,0.6998,Manager,588.382975019033,0.0681,0,True,0.9023,False,none,0,0,0
3,58,0.3709,Employee,131.17,0.0417,2,False,0.9122,False,none,1,0,0
2,5,0.7125,Director,2613.36,0.1213,6,False,0.9144,True,low,17,1,0
18,2,0.1684,Employee,112.18,0.041,5,False,0.834,False,none,19,3,1
2,56,0.1163,Director,355.75,0.0172,6,False,0.9618,False,none,4,0,0
2,87,0.8182,Manager,786.61,0.1013,464,True,0.7537,True,medium,43,5,1
1,23,0.6615,Employee,328.19,0.0923,5,True,0.8745,False,none,6,0,0
1,45,0.6345,Contractor,101.75,0.1188,6,False,0.9835,False,none,13,0,0
0,-1,0.7748,Director,2582.2195171602293,0.1143,13,True,0.0,True,low,45,1,0
5,23,0.7794,Employee,307.01,0.0717,0,False,0.8545,False,none,10,0,0
2,30,0.0,Director,440.38547675894756,0.0209,2,False,0.8893,False,none,7,0,0
3,32,0.8519,Manager,963.76,0.1634,17,False,0.8887,False,none,9,0,0
8,7,0.0,Manager,1446.33,0.1896,0,True,0.5265,True,medium,123,6,1
3,13,0.2213,Manager,231.52,0.0306,12,False,0.8567,False,none,9,0,0
2,44,1.0441,Employee,501.45827106024467,0.1451,2,False,0.9568,False,none,0,0,0
7,2,1.1647,Manager,1031.87,0.1357,0,True,0.7034,True,high,188,3,1
1,52,0.1549,Contractor,37.88,0.0323,3,False,0.9912,False,none,13,0,0
4,48,0.6318,Contractor,158.71,0.1433,19,False,0.9237,True,low,14,1,0
4,10,0.2452,Director,825.6,0.0307,6,False,0.8983,False,none,10,0,0
2,48,0.0392,Director,108.18,0.006,3,False,0.9755,False,none,12,0,0
4,50,0.5311,Employee,341.475899762137,0.1108,2,False,0.8725,False,none,7,0,0
4,59,0.4154,Manager,486.58,0.0461,0,False,0.9121,False,none,7,0,0
1,1,0.3551,Employee,170.95,0.083,12,False,0.9407,False,none,8,0,0
2,59,0.0741,Director,257.56,0.0094,5,False,0.9548,False,none,0,0,0
2,59,0.5404,Employee,217.17,0.0608,9,True,0.9701,False,none,14,0,0
3,3,0.5332,Employee,286.71,0.1034,11,True,0.9634,False,none,4,0,0
3,48,0.1084,Employee,60.1,0.0137,3,False,0.9276,False,none,1,0,0
1,23,0.2592,Employee,109.43,0.0286,9,False,0.999,False,none,13,0,0
1,50,0.7603,Manager,1000.58,0.0937,8,False,0.9916,False,none,6,0,0
0,-1,0.1542,Employee,88.85,0.0275,2,False,0.0,False,none,4,0,0
3,8,0.1308,Employee,65.91,0.0257,13,False,0.8601,False,none,5,0,0
2,36,0.2622,Employee,143.66,0.0466,15,True,0.9604,False,none,5,0,0
1,9,1.2913,Employee,736.71,0.2142,0,True,0.6161,True,high,132,4,1
2,41,0.483,Director,1408.97,0.0704,2,False,0.9209,False,none,6,0,0
1,49,0.1917,Employee,67.2,0.0298,12,False,0.9564,True,low,12,1,0
1,17,0.3699,Employee,160.34,0.0862,17,False,0.883,False,none,12,0,0
5,6,2.5965,Director,5732.94,0.3541,1,True,0.5248,True,medium,67,3,1
2,24,0.1511,Manager,166.36,0.0145,29,False,0.884,False,none,14,0,0
2,3,0.1543,Employee,100.45,0.0392,3,False,0.9619,False,none,9,0,0
2,53,0.2113,Employee,163.17,0.0762,0,False,0.9327,True,low,43,1,0
0,-1,0.1411,Contractor,17.47,0.0163,7,False,0.0,False,none,4,0,0
2,26,5.9226,Employee,2925.71,1.3484,9,False,0.6515,True,high,322,7,1
5,20,4.2183,Director,15757.72,1.3631,13,True,0.6647,True,high,103,6,1
2,48,0.4238,Employee,199.89,0.0599,12,False,0.9817,False,none,14,0,0
1,15,0.2434,Employee,95.63,0.0274,5,False,0.9104,False,none,11,0,0
2,11,0.1674,Contractor,29.08,0.0307,0,False,0.9782,False,none,5,0,0
3,55,0.1002,Manager,89.78,0.0108,0,False,0.9785,False,none,5,0,0
1,51,0.465,Manager,395.99,0.0446,6,False,0.8823,False,none,9,0,0
3,43,0.29,Employee,169.65,0.0684,3,False,0.9641,False,none,12,0,0
3,16,4.0179,Employee,1799.18,0.626,15,False,0.4891,True,high,123,7,1
6,2,1.678,Employee,676.82,0.29,0,True,0.7867,True,medium,57,2,1
4,46,0.3654,Manager,425.71,0.0503,4,False,0.8528,False,none,7,0,0
0,-1,0.3999,Employee,182.11,0.0576,13,False,0.0,False,none,11,0,0
0,-1,0.1736,Director,533.13,0.0295,7,False,0.0,True,low,25,1,0
3,13,0.2304,Manager,245.27,0.037,0,False,0.9864,False,none,5,0,0
1,14,0.6558,Employee,357.76,0.0874,14,False,0.9041,True,low,29,1,0
5,10,8.3082,Employee,4588.76,1.0623,14,True,0.4162,True,high,318,6,1
7,2,1.4369,Employee,842.52,0.4296,1,True,0.7464,True,medium,69,2,1
24,1,0.0281,Manager,35.68,0.0076,1,False,0.6753,False,none,5,3,1
6,47,0.2148,Employee,127.5,0.0,0,False,0.9287,False,none,12,0,0
2,20,0.4426,Director,1325.91,0.0532,1,False,0.9759,False,none,2,0,0
2,30,0.5147,Director,1341.0716178061698,0.0678,9,False,0.942,False,none,7,0,0
1,52,0.0,Employee,282.4971518471091,0.1142,3,True,0.8772,False,none,9,0,0
2,29,0.1341,Employee,60.43,0.0151,5,False,0.9971,False,none,15,0,0
10,4,1.8592,Director,6232.36,0.2341,0,True,0.7073,True,high,51,5,1
8,4,1.3674,Manager,1380.29,0.1162,0,True,0.6921,True,high,200,2,1
3,44,0.1924,Employee,103.9,0.0269,12,False,0.9325,True,low,43,1,0
2,31,0.1593,Manager,149.93,0.0159,0,False,0.9793,False,none,9,0,0
1,18,0.3782,Director,616.96,0.047,12,True,0.9826,False,none,4,0,0
5,23,0.142,Director,384.2,0.0181,5,False,0.9392,False,none,10,0,0
0,-1,0.1702,Manager,164.09,0.014,10,False,0.0,False,none,2,0,0
3,59,0.3322,Director,884.82,0.0438,1,False,0.8879,True,low,50,1,0
1,27,7.0039,Contractor,1634.6,2.9961,13,False,0.3574,True,high,264,4,1
3,18,0.0,Employee,92.44,0.0452,0,False,0.9331,False,none,15,0,0
1,60,0.7935,Employee,352.19729756168573,0.4023,2,True,0.9104,False,none,3,0,0
1,59,0.0848,Manager,85.84,0.0102,5,False,0.8915,False,none,14,0,0
2,57,0.3113,Executive,1626.43,0.0387,11,True,0.9079,False,none,8,0,0
2,24,0.0,Employee,162.78,0.0485,4,False,0.9275,False,none,13,0,0
0,-1,0.3777,Director,1034.03,0.0516,0,False,0.0,False,none,12,0,0
2,58,0.1756,Manager,194.18,0.0236,3,False,0.9229,False,none,15,0,0
5,37,0.2911,Employee,134.05,0.0446,3,False,0.8926,True,low,15,1,0
36,2,0.0567,Manager,55.91,0.0061,3,True,0.7553,False,none,14,3,1
1,54,0.463,Manager,384.5,0.0501,18,True,0.8533,False,none,10,0,0
3,14,0.082,Manager,68.18,0.0071,13,True,0.9783,False,none,11,0,0
3,30,0.4243,Manager,315.56,0.038,16,False,0.8543,False,none,10,0,0
4,35,0.59,Employee,290.32,0.0925,1,True,0.952,False,none,5,0,0
1,9,0.1217,Manager,169.53,0.0155,2,False,0.8781,False,none,9,0,0
4,32,0.2678,Employee,165.75,0.0436,6,False,0.9117,True,low,42,1,0
4,49,0.1757,Contractor,36.95,0.0276,0,False,0.9107,False,none,0,0,0
2,49,0.7782,Employee,427.45,0.1524,1,False,0.9307,False,none,8,0,0
4,23,0.0,Employee,28.4,0.0136,7,False,0.9194,False,none,9,0,0
1,12,0.201,Contractor,33.8,0.0296,1,False,0.9271,False,none,14,0,0
3,17,0.2748,Director,1067.06,0.0603,4,False,0.8869,False,none,10,0,0
3,3,0.5458,Employee,241.79,0.0783,12,False,0.9326,False,none,6,0,0
1,60,0.8983,Executive,4283.02,0.1218,355,True,0.627,True,medium,45,2,1
2,39,0.1648,Employee,87.47,0.0208,6,False,0.9921,False,none,6,0,0
4,55,0.1081,Executive,687.78,0.0137,4,False,0.9946,False,none,7,0,0
0,-1,0.5201,Employee,364.14,0.1744,272,False,0.5625,True,medium,33,3,1
32,1,0.0035,Director,10.61,0.0005,2,True,0.6235,False,none,4,3,1
3,52,0.1589,Manager,119.18,0.0126,7,False,0.9863,False,none,1,0,0
2,19,0.3476,Director,782.14,0.0382,2,False,0.9563,False,none,14,0,0
1,48,0.0859,Employee,44.47,0.0148,11,False,0.8726,False,none,10,0,0
3,10,0.5805,Director,1722.34,0.0772,7,True,0.9789,False,none,4,0,0
3,33,0.0962,Employee,51.67,0.017,3,False,0.9015,False,none,14,0,0
1,58,0.2121,Manager,229.0,0.0261,1,True,0.9008,True,low,42,1,0
1,76,0.6641,Employee,366.88,0.1266,436,False,0.6163,True,medium,31,4,1
3,57,0.1689,Manager,161.74,0.0202,9,False,0.9569,True,low,46,1,0
1,24,9.3809,Employee,4520.0,1.357,18,False,0.3733,True,high,253,5,1
0,-1,0.168,Manager,217.4,0.0309,3,True,0.0,True,low,18,1,0
0,-1,0.4384,Employee,184.49,0.0863,6,False,0.0,False,none,15,0,0
4,9,0.1542,Employee,87.45,0.0377,1,False,0.8825,False,none,7,0,0
4,56,0.0,Employee,84.85,0.0289,9,False,0.8996,False,none,9,0,0
2,58,0.1732,Manager,161.08,0.0177,17,False,0.8658,False,none,10,0,0
2,15,0.0698,Manager,59.83,0.0063,5,True,0.9015,False,none,14,0,0
1,51,0.3042,Employee,193.09,0.0593,1,False,0.8732,False,none,4,0,0
1,24,0.0842,Employee,49.56,0.0171,7,False,0.9923,False,none,3,0,0
1,24,0.4805,Director,1381.56,0.0645,13,False,0.9005,False,none,11,0,0
4,8,0.3077,Employee,176.28,0.0609,2,False,0.9136,False,none,6,0,0
1,49,0.1789,Manager,164.64,0.0235,11,False,0.9122,False,none,11,0,0
2,27,0.2239,Employee,108.91,0.038,3,True,0.9639,False,none,15,0,0
5,24,3.2012,Director,9138.84,0.3646,12,True,0.3955,True,high,327,6,1
36,2,0.0286,Director,68.83,0.0038,4,False,0.8891,False,none,16,3,1
1,51,0.0,Manager,245.88,0.0255,0,True,0.9644,True,low,16,1,0
1,40,0.0,Employee,45.08,0.0167,4,False,0.9562,False,none,6,0,0
0,-1,0.6034,Employee,289.6,0.0897,5,False,0.0,False,none,14,0,0
1,14,0.722,Director,1922.16,0.0653,1,False,0.9292,False,none,3,0,0
6,18,0.3343,Employee,160.54,0.0522,5,False,0.9821,False,none,7,0,0
0,-1,0.2938,Manager,313.68,0.0377,0,False,0.0,False,none,4,0,0
3,36,0.7547,Employee,427.5225116106148,0.2581,9,False,0.8791,False,none,15,0,0
2,34,0.8582,Employee,428.98269651955223,0.1206,1,False,0.8639,False,none,9,0,0
3,20,0.1802,Employee,84.41,0.0306,13,False,0.9898,False,none,6,0,0
3,22,0.0653,Employee,37.24,0.0106,7,False,0.9712,False,none,6,0,0
4,49,0.9367,Contractor,155.32397864411953,0.1529,1,False,0.8517,False,none,12,0,0
2,34,0.0439,Executive,208.95,0.0033,3,False,0.8596,False,none,5,0,0
1,41,0.9247,Employee,286.28526967690607,0.082,14,False,0.9962,False,none,15,0,0
9,5,1.4447,Director,5242.4,0.2443,0,True,0.7925,True,medium,181,3,1
2,32,1.03,Director,2550.4873983990296,0.1414,6,True,0.9252,False,none,10,0,0
3,29,0.8684,Employee,373.68,0.1178,2,False,0.9494,False,none,11,0,0
0,-1,0.402,Employee,219.17,0.0542,1,False,0.0,True,low,18,1,0
1,39,0.7499,Manager,508.07,0.051,4,False,0.8896,False,none,5,0,0
1,57,0.2084,Employee,129.11,0.0574,0,False,0.8877,True,low,28,1,0
0,-1,0.6138,Executive,4024.12,0.0763,2,True,0.0,False,none,1,0,0
3,43,0.6271,Contractor,132.57,0.1005,5,True,0.9916,False,none,11,0,0
3,35,0.5959,Employee,363.18,0.0987,6,False,0.8631,False,none,5,0,0
0,-1,0.5347,Manager,539.48,0.0565,5,False,0.0,False,none,5,0,0
1,14,0.4648,Manager,558.73,0.083,5,True,0.8807,False,none,2,0,0
4,34,0.0,Employee,194.05,0.0829,11,False,0.8901,False,none,9,0,0
3,9,0.162,Manager,136.71,0.0261,18,False,0.921,False,none,13,0,0
1,30,2.8356,Employee,1385.87,0.4065,20,False,0.5658,True,high,284,8,1
1,58,0.3978,Employee,230.31,0.0,1,True,0.9834,False,none,14,0,0
3,29,0.3425,Director,889.44,0.0704,10,False,0.8859,True,low,25,1,0
4,21,5.6032,Employee,2081.29,0.6723,17,True,0.2878,True,high,202,4,1
3,5,1.4012,Employee,784.09,0.2775,1,True,0.5303,True,high,157,3,1
3,31,0.1185,Employee,39.06,0.0158,1,True,0.9621,False,none,3,0,0
9,8,1.1952,Director,4105.73,0.1731,0,True,0.5705,True,medium,168,4,1
2,55,0.0912,Manager,104.3,0.024,1,False,0.9075,False,none,5,0,0
4,45,0.1772,Employee,111.5,0.0384,0,True,0.9879,False,none,8,0,0
2,27,0.2014,Manager,219.81,0.0223,4,False,0.8996,False,none,9,0,0
5,12,0.5813,Director,1303.8902932595545,0.0744,0,False,0.9094,False,none,10,0,0
1,3,0.3089,Manager,268.61,0.029,5,False,0.8957,False,none,2,0,0
3,39,0.2834,Employee,124.18,0.0477,3,False,0.8832,False,none,7,0,0
2,50,0.1729,Employee,76.35,0.0,1,False,0.9052,False,none,1,0,0
0,-1,0.4451,Director,1302.06,0.0566,410,False,0.5099,True,medium,42,3,1
2,53,0.4048,Contractor,84.68,0.0942,1,False,0.8776,False,none,5,0,0
1,41,0.1764,Manager,221.78,0.0238,7,False,0.973,True,low,44,1,0
0,-1,0.7062,Employee,308.2836626971575,0.0863,0,False,0.0,True,low,25,1,0
0,-1,0.2819,Manager,240.54,0.0366,6,True,0.0,False,none,11,0,0
0,-1,0.8015,Employee,313.49958805710696,0.0975,11,False,0.0,False,none,15,0,0
2,39,0.0535,Executive,311.18,0.0057,13,False,0.957,False,none,12,0,0
2,53,0.5231,Manager,569.46,0.0858,2,False,0.8724,False,none,11,0,0
2,1,0.2139,Manager,220.11,0.0234,4,False,0.9365,False,none,15,0,0
1,29,0.3381,Manager,318.47,0.0464,5,False,0.8666,False,none,0,0,0
4,53,0.4269,Executive,1496.12,0.0443,4,True,0.9939,False,none,0,0,0
0,-1,0.0504,Contractor,13.29,0.0108,2,False,0.0,False,none,2,0,0
2,4,0.0,Director,429.76213938386877,0.0174,3,True,0.8573,False,none,12,0,0
3,45,0.2955,Employee,142.28,0.045,1,False,0.9286,False,none,15,0,0
4,33,0.4783,Contractor,86.76,0.0994,2,False,0.8694,False,none,10,0,0
3,2,0.6682,Manager,629.7977406867293,0.0853,0,False,0.9946,False,none,11,0,0
4,10,0.2211,Manager,244.19,0.0355,0,False,0.8555,False,none,3,0,0
2,60,0.3096,Employee,114.1,0.0365,3,False,0.9608,False,none,5,0,0
4,57,0.3336,Contractor,81.55,0.1144,3,False,0.9716,False,none,6,0,0
2,17,0.2272,Employee,153.01,0.0581,14,False,0.9264,False,none,14,0,0
5,22,0.148,Employee,91.56,0.0254,4,False,0.9482,False,none,11,0,0
3,50,0.6897,Employee,293.07,0.0829,6,True,0.8554,False,none,12,0,0
1,8,0.1287,Employee,73.69,0.0167,0,False,0.9366,False,none,6,0,0
1,36,0.0,Employee,85.88,0.0276,0,False,0.9218,False,none,12,0,0
1,16,0.1517,Employee,101.36,0.0359,1,False,0.8994,False,none,5,0,0
5,8,1.4608,Employee,623.11,0.1645,0,True,0.4455,True,medium,200,5,1
4,52,0.2612,Manager,222.99,0.0268,11,False,0.8691,True,low,39,1,0
1,18,0.1916,Employee,138.49,0.0329,4,False,0.9528,False,none,1,0,0
1,55,0.7654,Executive,3824.3003125949645,0.1282,5,False,0.9344,False,none,4,0,0
0,-1,0.1981,Employee,72.95,0.0384,1,False,0.0,True,low,31,1,0
3,4,0.123,Contractor,21.9,0.0223,3,False,0.9428,False,none,6,0,0
3,12,1.0455,Manager,1120.1849893320266,0.1558,17,False,0.9823,False,none,3,0,0
3,34,0.2495,Employee,141.92,0.0448,11,False,0.9306,False,none,8,0,0
2,4,0.3772,Director,831.34,0.0492,0,True,0.9679,False,none,15,0,0
0,-1,0.4815,Employee,236.08,0.0981,1,False,0.0,False,none,0,0,0
10,10,1.2774,Employee,544.31,0.1732,0,True,0.4857,True,medium,112,6,1
1,57,0.3218,Executive,1619.44,0.0266,0,True,0.9451,False,none,15,0,0
28,1,0.295,Employee,127.82,0.0381,5,True,0.6562,False,none,10,2,1
1,15,0.0,Executive,283.94617310460995,0.0067,16,False,0.9013,False,none,5,0,0
39,1,0.0608,Employee,44.46,0.0138,2,True,0.7155,False,none,19,1,1
4,4,0.373,Director,1067.65,0.0667,4,False,0.9126,False,none,2,0,0
1,18,5.0297,Employee,3642.75,1.2722,7,True,0.2002,True,high,142,4,1
4,58,0.1556,Employee,70.22,0.0247,3,False,0.9411,False,none,2,0,0
1,13,0.4454,Executive,1706.57,0.0378,0,False,0.9152,False,none,4,0,0
2,28,0.0593,Executive,361.91,0.0057,5,False,0.9545,False,none,14,0,0
4,4,0.2174,Contractor,47.62,0.05,5,True,0.9556,False,none,5,0,0
2,19,0.5565,Director,1693.6691831213736,0.0631,4,False,0.874,False,none,3,0,0
1,24,0.3918,Employee,182.71,0.0589,2,False,0.954,False,none,6,0,0
2,8,0.0799,Employee,33.98,0.0145,0,False,0.9743,True,low,38,1,0
0,-1,0.3349,Contractor,81.61,0.1171,0,False,0.0,False,none,12,0,0
1,12,0.1686,Manager,159.83,0.0197,7,False,0.9909,False,none,12,0,0
5,20,0.3123,Manager,342.34,0.051,0,False,0.9935,False,none,10,0,0
3,7,0.5549,Employee,277.0,0.0869,1,False,0.8786,False,none,6,0,0
5,18,4.6737,Employee,1988.96,0.9553,5,True,0.2738,True,high,324,8,1
2,41,0.4473,Employee,146.04,0.0654,8,False,0.8864,True,low,18,1,0
2,35,0.5874,Director,1209.6734538450717,0.0593,2,False,0.9136,False,none,15,0,0
4,41,0.4468,Employee,250.17,0.0621,0,False,0.99,False,none,15,0,0
0,-1,0.2598,Director,994.21,0.0536,3,True,0.0,False,none,15,0,0
3,19,0.0,Employee,134.4,0.044,2,True,0.9764,False,none,6,0,0
1,53,0.4259,Director,1231.55,0.0737,5,False,0.9706,False,none,4,0,0
2,23,0.038,Employee,19.89,0.0054,14,True,0.8934,False,none,6,0,0
3,46,0.7112,Employee,390.58,0.1586,8,False,0.957,False,none,5,0,0
2,37,0.3778,Manager,333.19,0.0472,3,False,0.8786,False,none,5,0,0
3,48,0.4089,Employee,194.13,0.0551,0,False,0.9878,False,none,7,0,0
3,39,0.2476,Director,958.04,0.0507,2,False,0.9051,False,none,13,0,0
6,20,0.1733,Employee,79.24,0.0209,6,False,0.9561,False,none,15,0,0
5,36,0.0,Executive,251.68573781016406,0.004,1,False,0.9327,False,none,9,0,0
1,30,0.4533,Manager,270.91,0.0286,0,False,0.9067,False,none,4,0,0
2,23,0.4049,Employee,184.46,0.0402,3,False,0.8609,False,none,8,0,0
1,22,0.0467,Employee,35.1,0.0136,17,False,0.8651,False,none,1,0,0
0,-1,0.3277,Manager,276.92,0.0336,1,False,0.0,False,none,3,0,0
4,17,9.8299,Employee,5289.76,1.5153,17,False,0.5671,True,high,341,3,1
5,59,0.2448,Manager,264.54,0.0339,2,True,0.9858,False,none,13,0,0
2,3,0.1664,Employee,98.81,0.0362,2,True,0.999,False,none,5,0,0
4,57,0.2635,Director,738.23,0.0305,1,False,0.9689,False,none,7,0,0
3,21,0.277,Director,939.3,0.0439,2,False,0.9816,False,none,5,0,0
1,58,0.2085,Employee,110.06,0.0254,3,True,0.9725,False,none,6,0,0
2,11,0.0438,Executive,287.67,0.0053,3,True,0.9961,False,none,10,0,0
1,53,0.4742,Employee,234.93,0.0793,10,True,0.9892,False,none,7,0,0
4,59,0.2011,Employee,58.81,0.0197,5,True,0.8567,False,none,2,0,0
1,28,0.7103,Contractor,118.27,0.1119,3,False,0.8594,False,none,14,0,0
2,37,0.4374,Manager,430.68,0.0492,2,False,0.9217,True,low,18,1,0
2,47,0.2332,Employee,143.93,0.0397,3,False,0.8807,False,none,13,0,0
3,5,0.2857,Director,945.93,0.042,1,False,0.8518,False,none,7,0,0
3,47,0.2983,Employee,144.73,0.0623,3,False,0.9209,False,none,4,0,0
1,30,0.2529,Employee,116.6,0.0348,4,True,0.8696,False,none,2,0,0
3,36,0.1473,Director,555.59,0.0275,6,False,0.9245,False,none,14,0,0
2,33,0.523,Employee,192.42,0.0631,0,False,0.9221,False,none,6,0,0
3,41,0.5348,Contractor,104.88,0.0731,3,True,0.97,False,none,7,0,0
9,2,1.4909,Employee,896.27,0.4498,1,True,0.7313,True,medium,79,4,1
0,-1,0.0,Director,409.15321264984584,0.024,3,False,0.0,False,none,1,0,0
5,33,0.1126,Manager,114.87,0.015,11,True,0.8997,False,none,10,0,0
2,20,0.2539,Employee,113.96,0.0351,13,False,0.9401,False,none,14,0,0
4,24,6.3742,Employee,3002.23,1.4143,5,True,0.6886,True,high,219,8,1
3,12,0.8612,Contractor,172.06104826078715,0.1647,0,False,0.8583,False,none,11,0,0
2,55,0.4056,Manager,444.54,0.071,4,False,0.8554,False,none,13,0,0
2,38,0.1368,Manager,117.44,0.0152,7,True,0.9891,False,none,4,0,0
4,50,0.5213,Manager,338.96913010080465,0.037,1,False,0.871,False,none,0,0,0
0,-1,0.2957,Manager,235.76,0.0345,10,False,0.0,False,none,3,0,0
3,18,0.5648,Employee,263.26,0.0853,0,False,0.8642,False,none,9,0,0
0,-1,0.3078,Employee,140.73,0.0559,1,True,0.0,False,none,9,0,0
4,27,0.1676,Director,483.62,0.0286,1,True,0.9205,True,low,17,1,0
2,50,0.0,Employee,41.69,0.0115,6,False,0.8571,False,none,0,0,0
3,37,0.925,Employee,407.43497297312024,0.2308,18,False,0.9988,False,none,8,0,0
1,17,0.9267,Director,3099.681637457361,0.1751,0,False,0.9697,False,none,14,0,0
2,17,0.2446,Employee,75.4,0.0357,7,False,0.9106,False,none,0,0,0
1,6,0.5785,Employee,324.79,0.1537,4,False,0.9267,False,none,4,0,0
1,7,0.0998,Director,372.32,0.0227,2,True,0.9265,False,none,2,0,0
2,30,0.0,Employee,470.39,0.1494,2,False,0.8906,False,none,12,0,0
5,45,0.0,Employee,350.16,0.0697,8,False,0.8996,False,none,4,0,0
3,38,0.5366,Contractor,82.77756035736188,0.0727,3,False,0.9754,False,none,0,0,0
4,4,0.0779,Employee,38.56,0.0132,9,False,0.9676,False,none,2,0,0
1,29,0.5549,Employee,320.46,0.1191,8,False,0.9481,False,none,11,0,0
2,8,0.1437,Employee,64.76,0.0181,14,True,0.9749,False,none,9,0,0
0,-1,0.179,Employee,94.33,0.0351,6,False,0.0,False,none,14,0,0
0,-1,0.2241,Executive,878.93,0.016,2,True,0.0,False,none,11,0,0
0,-1,0.6013,Employee,358.91,0.1256,273,True,0.5401,True,medium,77,4,1
3,48,0.2001,Director,721.57,0.039,5,False,0.9899,False,none,0,0,0
3,43,0.7678,Director,2953.72,0.1141,10,False,0.9263,False,none,14,0,0
3,23,0.0951,Employee,39.6,0.0142,1,False,0.8771,False,none,15,0,0
5,38,0.0675,Employee,42.81,0.011,0,False,0.8868,False,none,1,0,0
5,23,5.4263,Contractor,913.3,0.9953,9,False,0.3821,True,high,305,5,1
2,23,0.7523,Employee,523.62,0.1137,2,False,0.9855,False,none,12,0,0
0,-1,0.6292,Employee,344.67,0.1346,419,True,0.7579,True,medium,75,4,1
2,54,0.0,Manager,266.62280732925075,0.0233,0,False,0.9987,False,none,4,0,0
1,9,0.0455,Manager,53.59,0.007,0,False,0.9041,False,none,15,0,0
1,4,0.2781,Employee,147.04,0.0496,1,False,0.9474,False,none,9,0,0
3,10,0.2186,Manager,136.6,0.0131,0,False,0.919,False,none,7,0,0
6,47,0.8134,Manager,658.5041842024025,0.0774,3,False,0.8894,False,none,11,0,0
2,29,0.3073,Employee,229.17,0.0757,2,False,0.9588,False,none,9,0,0
1,15,0.3046,Director,718.51,0.0335,0,True,0.8699,False,none,0,0,0
2,31,0.3882,Employee,152.27,0.0448,8,False,0.9081,False,none,8,0,0
0,-1,0.3718,Manager,392.07,0.0402,2,False,0.0,False,none,3,0,0
15,1,0.0188,Employee,10.92,0.0029,1,False,0.8414,False,none,19,3,1
1,23,0.5851,Employee,261.39,0.1127,1,False,0.8755,False,none,4,0,0
3,14,0.3103,Director,661.2,0.0446,2,False,0.9437,False,none,7,0,0
0,-1,0.2025,Executive,1142.53,0.0306,12,False,0.0,False,none,13,0,0
2,1,0.284,Employee,197.29,0.0664,0,True,0.8707,False,none,5,0,0
10,7,1.1986,Employee,757.18,0.2619,1,True,0.4866,True,high,142,2,1
2,36,0.4276,Employee,201.75,0.0712,1,True,0.9352,False,none,7,0,0
4,24,8.8097,Director,19022.38,1.3948,12,True,0.6912,True,high,221,7,1
1,22,0.5684,Director,1806.65,0.0761,1,False,0.8578,False,none,14,0,0
1,34,0.4603,Executive,1205.15,0.0256,5,False,0.8724,True,low,48,1,0
2,3,0.0,Employee,747.13,0.2227,0,True,0.609,True,high,96,4,1
2,9,0.4855,Executive,1506.96,0.0374,3,True,0.8852,False,none,14,0,0
1,11,0.2064,Employee,105.06,0.0526,3,False,0.8795,False,none,1,0,0
0,-1,0.3406,Director,1034.59,0.0458,6,False,0.0,False,none,8,0,0
8,6,0.0,Employee,863.78,0.3125,1,True,0.5298,True,high,200,2,1
1,59,0.2886,Manager,361.05,0.0492,2,False,0.9157,False,none,9,0,0
1,35,0.1677,Employee,83.94,0.0246,0,False,0.9867,False,none,1,0,0
2,21,0.154,Executive,764.07,0.013,0,False,0.987,False,none,12,0,0
2,115,0.6042,Employee,318.2,0.1073,283,False,0.532,True,medium,87,5,1
1,45,0.4116,Contractor,100.32,0.122,3,False,0.9129,False,none,11,0,0
1,26,0.4888,Employee,280.89,0.0812,4,False,0.9468,False,none,4,0,0
4,38,0.3309,Employee,166.42,0.0614,0,False,0.9175,False,none,14,0,0
2,8,0.1975,Contractor,49.92,0.0436,1,False,0.9147,False,none,4,0,0
2,18,0.4752,Employee,160.03,0.0475,4,False,0.9161,False,none,6,0,0
0,-1,0.1733,Contractor,26.82,0.0252,3,False,0.0,False,none,4,0,0
2,47,0.2824,Director,1175.7,0.0661,7,False,0.8739,False,none,15,0,0
19,0,0.0167,Employee,10.68,0.0027,4,False,0.7374,False,none,18,3,1
2,22,0.1931,Employee,94.63,0.0269,0,False,0.9663,True,low,44,1,0
1,35,0.1601,Director,435.37,0.0209,4,False,0.8819,True,low,23,1,0
4,20,8.6636,Director,22113.62,0.8973,11,True,0.4942,True,high,211,5,1
3,29,0.3126,Employee,128.87,0.0415,3,False,0.9799,False,none,0,0,0
2,25,0.6498,Director,2146.8066728636045,0.0977,5,False,0.8649,False,none,14,0,0
5,5,0.8284,Contractor,170.65,0.1503,0,True,0.555,True,high,147,2,1
0,-1,0.5436,Director,1717.7282410678083,0.1021,2,False,0.0,False,none,15,0,0
2,33,0.5254,Director,1842.99,0.084,16,True,0.9156,False,none,15,0,0
1,5,0.1174,Employee,81.11,0.0197,15,False,0.8876,False,none,15,0,0
0,-1,0.5452,Employee,247.43229621204188,0.0766,4,True,0.0,False,none,7,0,0
3,11,0.182,Employee,80.36,0.0264,10,False,0.8684,True,low,39,1,0
5,19,0.2616,Employee,180.93,0.0477,0,False,0.9578,False,none,11,0,0
1,18,0.7719,Director,2215.29,0.0889,1,False,0.8666,False,none,12,0,0
5,6,0.2745,Employee,105.52,0.0378,3,False,0.9838,False,none,9,0,0
2,29,0.2715,Manager,204.25,0.0358,7,False,0.9628,False,none,15,0,0
4,36,0.3529,Employee,224.47,0.0909,0,True,0.9029,False,none,10,0,0
3,12,0.5174,Employee,263.13,0.1409,22,False,0.8606,False,none,15,0,0
0,-1,0.6312,Employee,243.43,0.0764,3,False,0.0,False,none,5,0,0
28,2,0.2046,Contractor,33.82,0.0353,4,False,0.8038,False,none,16,3,1
1,20,0.0,Manager,242.07,0.0391,2,False,0.9122,False,none,1,0,0
1,35,0.1282,Director,509.88,0.0248,2,False,0.9544,False,none,7,0,0
2,33,0.0954,Contractor,12.36,0.0151,4,True,0.8894,False,none,10,0,0
3,37,0.2732,Employee,156.83,0.0854,8,False,0.9089,False,none,13,0,0
0,-1,0.0903,Director,274.99,0.013,3,False,0.0,False,none,6,0,0
3,26,0.6805,Employee,350.935575852897,0.1311,2,False,0.9933,False,none,7,0,0
1,46,0.3795,Employee,239.1,0.1088,2,False,0.9828,False,none,2,0,0
1,3,0.2518,Employee,176.65,0.0558,5,False,0.9539,False,none,3,0,0
3,39,0.573,Director,1450.42,0.0929,2,False,0.896,False,none,5,0,0
3,28,0.6562,Employee,284.9193214258729,0.0741,5,False,0.9288,False,none,14,0,0
1,6,0.4085,Employee,230.43,0.0778,0,True,0.9719,False,none,15,0,0
2,55,0.5164,Manager,414.8,0.0572,1,False,0.958,False,none,0,0,0
2,50,0.3739,Executive,2205.81,0.0298,0,False,0.9791,True,low,12,1,0
0,-1,0.1977,Director,678.95,0.0328,4,False,0.0,False,none,13,0,0
1,41,0.3736,Employee,172.6,0.0473,0,False,0.9688,False,none,11,0,0
5,12,4.9227,Employee,2632.22,1.1069,13,True,0.3175,True,high,226,8,1
8,44,0.6507,Director,2244.93,0.1147,5,True,0.891,False,none,9,0,0
2,1,0.1285,Employee,60.44,0.0225,1,False,0.964,False,none,7,0,0
4,39,0.4726,Employee,227.07,0.0689,7,True,0.9687,False,none,0,0,0
2,31,0.5066,Manager,601.1699821296208,0.0856,14,False,0.8644,False,none,10,0,0
4,41,0.2695,Employee,139.24,0.0449,1,False,0.9465,False,none,8,0,0
1,22,0.4194,Contractor,90.71,0.0801,3,False,0.8981,False,none,14,0,0
2,44,0.3235,Employee,120.08,0.0446,2,False,0.8871,False,none,4,0,0
0,-1,0.1097,Employee,60.3,0.0224,1,False,0.0,False,none,3,0,0
1,28,0.8054,Employee,386.99,0.1446,4,False,0.8736,False,none,10,0,0
2,57,0.6184,Director,1886.1228618573361,0.1005,2,True,0.9748,False,none,1,0,0
0,-1,0.9656,Director,3465.21,0.1519,5,False,0.0,False,none,11,0,0
4,51,0.5994,Manager,478.53167164074904,0.0463,1,False,0.9609,False,none,5,0,0
2,65,0.7982,Director,2179.8,0.0915,203,True,0.7151,True,medium,54,4,1
0,-1,0.3483,Director,959.95,0.0428,0,True,0.0,False,none,13,0,0
3,1,0.2077,Employee,111.96,0.0399,5,False,0.9447,False,none,14,0,0
1,41,0.5258,Employee,278.52121982602097,0.097,0,False,0.9261,False,none,10,0,0
3,24,0.3497,Employee,188.57,0.0588,1,True,0.8827,False,none,1,0,0
7,28,0.6931,Employee,242.43,0.0818,1,False,0.9468,False,none,10,0,0
3,20,0.4568,Employee,227.41,0.0765,1,False,0.9946,False,none,8,0,0
2,23,0.3243,Manager,453.85,0.0705,5,False,0.9473,False,none,9,0,0
3,22,0.2037,Manager,177.54,0.0187,0,False,0.8682,False,none,2,0,0
0,-1,0.2543,Employee,144.03,0.0386,1,False,0.0,False,none,11,0,0
3,1,0.3866,Employee,120.74,0.0325,6,False,0.8563,False,none,7,0,0
2,48,0.2891,Employee,135.14,0.0417,11,False,0.8908,False,none,0,0,0
0,-1,0.2224,Employee,105.73,0.0299,0,False,0.0,False,none,11,0,0
2,3,0.6929,Employee,297.08,0.0989,0,False,0.891,False,none,9,0,0
4,51,0.3714,Employee,177.1,0.0474,6,True,0.923,False,none,3,0,0
2,72,0.4358,Manager,582.59,0.0726,490,True,0.5499,True,medium,34,4,1
3,9,2.3425,Executive,11674.85,0.2491,1,True,0.4102,True,high,134,6,1
2,43,0.2267,Contractor,54.86,0.0543,15,False,0.8941,False,none,0,0,0
7,7,1.4821,Executive,8820.32,0.2391,1,True,0.643,True,medium,51,5,1
1,57,0.4992,Employee,361.76,0.1085,2,False,0.9523,False,none,10,0,0
3,51,0.2015,Employee,137.11,0.0529,0,False,0.8777,False,none,4,0,0
1,32,0.7404,Director,1610.71,0.0818,1,False,0.8868,False,none,13,0,0
3,47,0.3071,Director,893.83,0.0614,0,False,0.9523,False,none,7,0,0
1,3,0.5959,Employee,337.24,0.1634,4,False,0.903,False,none,12,0,0
5,22,6.2661,Contractor,1150.67,1.2285,20,True,0.3359,True,high,254,5,1
2,49,0.0,Employee,107.46,0.0398,23,False,0.9475,False,none,13,0,0
0,-1,0.2855,Employee,131.01,0.0529,4,True,0.0,False,none,7,0,0
3,26,0.2789,Employee,140.92,0.0439,9,True,0.9369,False,none,2,0,0
2,39,0.1855,Manager,208.74,0.0264,2,False,0.9954,False,none,0,0,0
17,1,0.0288,Manager,40.11,0.0052,4,False,0.6541,False,none,20,1,1
1,16,0.1803,Employee,103.58,0.0295,3,False,0.9721,False,none,6,0,0
3,32,0.0,Employee,208.68,0.0613,0,False,0.8568,False,none,13,0,0
3,58,0.383,Contractor,84.57,0.1014,7,False,0.9772,False,none,14,0,0
4,45,0.5076,Employee,293.1237878534883,0.0787,4,True,0.8509,False,none,2,0,0
0,-1,0.1061,Employee,47.27,0.0184,2,False,0.0,False,none,9,0,0
2,31,0.2853,Employee,148.04,0.0388,13,False,0.8671,False,none,15,0,0
3,46,0.2699,Manager,255.49,0.0314,0,False,0.9535,False,none,4,0,0
1,16,0.0,Employee,149.72,0.0636,3,False,0.9485,False,none,6,0,0
1,8,0.0971,Manager,106.42,0.0132,7,False,0.9071,True,low,48,1,0
0,-1,0.6284,Employee,373.66176040268374,0.1055,7,False,0.0,False,none,5,0,0
1,11,0.0733,Employee,39.1,0.0128,6,True,0.8632,False,none,11,0,0
1,25,0.436,Employee,250.58,0.1025,12,True,0.9241,False,none,2,0,0
2,51,0.2099,Employee,90.27,0.0396,5,False,0.9744,False,none,0,0,0
0,-1,0.4622,Contractor,62.62,0.0823,5,True,0.0,False,none,0,0,0
3,60,0.4478,Contractor,84.37,0.0629,1,False,0.9914,False,none,9,0,0
2,50,0.0431,Contractor,12.01,0.0188,1,False,0.8611,True,low,30,1,0
5,27,0.8013,Contractor,182.67600730802184,0.2207,13,False,0.9894,False,none,15,0,0
2,42,0.4983,Employee,236.09,0.0626,11,False,0.9589,False,none,12,0,0
2,21,0.0,Employee,91.87,0.0299,9,True,0.9577,False,none,5,0,0
1,9,0.0591,Employee,20.46,0.006,3,False,0.9323,False,none,7,0,0
4,16,4.4171,Employee,1914.18,0.5288,17,True,0.2365,True,high,252,7,1
17,2,0.5077,Contractor,75.67,0.0879,5,False,0.8568,False,none,2,2,1
4,52,0.4746,Employee,150.86,0.0552,5,False,0.9787,False,none,12,0,0
2,17,0.2157,Manager,233.18,0.0225,0,False,0.9744,False,none,0,0,0
0,-1,0.1985,Employee,110.26,0.031,0,False,0.0,False,none,1,0,0
2,22,0.2848,Contractor,62.13,0.0653,8,False,0.9548,False,none,14,0,0
1,26,0.1158,Director,412.17,0.0207,3,True,0.9607,True,low,19,1,0
2,56,0.123,Employee,80.72,0.0245,21,False,0.9921,True,low,19,1,0
0,-1,0.58,Employee,232.34,0.0664,1,False,0.0,False,none,5,0,0
2,40,0.2793,Manager,270.33,0.038,2,False,0.9876,False,none,5,0,0
1,33,0.363,Employee,182.08,0.0653,17,False,0.9248,False,none,6,0,0
1,11,0.1079,Manager,142.14,0.0157,2,False,0.955,False,none,7,0,0
0,-1,0.94,Employee,507.33329216815514,0.1263,0,False,0.0,False,none,9,0,0
2,49,0.3245,Manager,366.7,0.0391,1,False,0.9089,False,none,7,0,0
0,-1,0.3501,Employee,187.86,0.076,0,False,0.0,False,none,7,0,0
4,1,0.6321,Executive,3122.92,0.045,24,False,0.9909,True,low,16,1,0
2,57,0.2054,Employee,108.56,0.0359,1,False,0.87,False,none,8,0,0
4,11,0.1283,Executive,842.96,0.0158,0,False,0.97,False,none,6,0,0
2,46,0.4332,Employee,154.09,0.0469,13,False,0.8676,False,none,9,0,0
4,22,0.051,Director,133.54,0.0083,4,False,0.8898,False,none,10,0,0
2,46,0.2829,Employee,136.34,0.0379,1,False,0.8949,False,none,12,0,0
3,59,0.4631,Employee,162.91,0.0668,5,False,0.9112,False,none,5,0,0
5,29,0.3585,Manager,307.43,0.0663,1,False,0.876,False,none,6,0,0
2,37,0.4088,Manager,398.06,0.0534,0,False,0.9718,False,none,1,0,0
1,52,0.3115,Director,969.8,0.0448,1,False,0.9294,False,none,5,0,0
0,-1,0.0,Director,345.37,0.0204,11,False,0.0,False,none,6,0,0
3,20,0.4501,Contractor,127.11,0.1225,1,False,0.9856,False,none,12,0,0
1,59,0.8496,Employee,442.6139612073669,0.1718,2,False,0.8903,False,none,12,0,0
4,8,1.6833,Contractor,356.97,0.5525,1,True,0.6429,True,medium,182,2,1
5,28,0.2934,Employee,188.97,0.0885,0,False,0.8616,False,none,11,0,0
3,13,0.5763,Employee,280.57775238414666,0.1061,15,True,0.8622,False,none,1,0,0
0,-1,0.0867,Executive,310.88,0.0061,0,False,0.0,False,none,7,0,0
1,17,0.3258,Employee,214.75,0.0789,11,False,0.9621,False,none,11,0,0
9,5,2.7673,Employee,924.52,0.305,0,True,0.413,True,medium,123,2,1
4,8,1.5731,Director,4054.06,0.2304,0,True,0.4987,True,high,140,2,1
7,46,0.0796,Employee,49.1,0.013,4,False,0.9801,False,none,15,0,0
1,33,0.1601,Employee,118.19,0.0307,1,False,0.8756,False,none,15,0,0
2,14,0.2576,Employee,149.56,0.0421,11,False,0.9085,False,none,3,0,0
25,0,0.2568,Employee,118.06,0.0387,1,False,0.8926,False,none,13,2,1
1,40,0.3092,Director,1015.3,0.0494,4,False,0.9449,False,none,13,0,0
1,32,0.2679,Employee,113.34,0.0659,6,True,0.899,False,none,1,0,0
5,5,3.3574,Employee,884.02,0.2903,0,True,0.6106,True,medium,138,4,1
2,21,0.3512,Contractor,62.93,0.0523,0,False,0.9108,False,none,8,0,0
0,-1,0.8249,Employee,467.7266206968968,0.1569,0,True,0.0,False,none,13,0,0
2,32,0.2532,Director,865.05,0.0384,4,False,0.9813,False,none,11,0,0
5,53,1.0187,Manager,1230.5266584672752,0.1454,13,False,0.9617,False,none,1,0,0
5,30,8.8894,Employee,6571.3,2.6728,10,False,0.4813,True,high,183,6,1
0,-1,0.8336,Employee,563.42,0.2294,6,False,0.0,False,none,1,0,0
29,0,0.0055,Director,18.24,0.0008,2,False,0.7027,False,none,2,3,1
4,21,0.1996,Employee,134.11,0.0607,2,False,0.8832,False,none,6,0,0
3,40,0.2986,Manager,380.91,0.034,18,True,0.8926,False,none,13,0,0
0,-1,0.1764,Contractor,30.61,0.0347,2,False,0.0,False,none,13,0,0
3,9,1.2391,Employee,835.4,0.2508,0,True,0.6603,True,high,98,6,1
1,5,0.0,Manager,178.88,0.0671,3,False,0.9221,False,none,1,0,0
2,33,0.6273,Employee,312.7273569966349,0.1107,1,False,0.9723,True,low,29,1,0
0,-1,0.459,Manager,351.33,0.0503,5,True,0.0,False,none,6,0,0
1,11,7.6312,Employee,3215.58,0.8747,12,False,0.4428,True,high,338,8,1
5,22,0.2368,Director,806.71,0.0405,3,False,0.9648,False,none,11,0,0
0,-1,0.5412,Manager,575.5,0.0828,2,True,0.0,False,none,8,0,0
0,-1,0.5278,Manager,527.9095978301291,0.058,2,False,0.0,False,none,10,0,0
0,-1,0.0,Employee,116.24,0.0299,1,True,0.0,False,none,2,0,0
1,21,0.0673,Manager,51.37,0.0056,7,False,0.9005,False,none,4,0,0
3,29,0.1257,Contractor,24.78,0.0239,4,True,0.8922,False,none,3,0,0
2,60,0.312,Employee,182.78,0.0968,0,False,0.9904,False,none,7,0,0
2,38,0.5224,Employee,196.75,0.0624,5,True,0.918,False,none,1,0,0
2,3,0.3638,Employee,145.86,0.0439,3,False,0.8737,False,none,11,0,0
0,-1,0.1175,Employee,35.97,0.0107,1,True,0.0,False,none,2,0,0
1,39,0.5713,Director,1635.56,0.068,0,True,0.9037,False,none,10,0,0
2,53,0.093,Contractor,21.4,0.0249,2,False,0.909,False,none,13,0,0
2,5,0.5166,Employee,282.28305975955453,0.0823,6,True,0.9953,False,none,12,0,0
2,33,0.2534,Employee,136.03,0.0579,6,False,0.9382,False,none,11,0,0
1,48,0.462,Employee,280.69,0.091,1,False,0.99,False,none,15,0,0
1,11,9.3069,Manager,9367.36,1.4497,14,True,0.4307,True,high,108,8,1
0,-1,0.5236,Employee,202.34747057032934,0.1414,0,False,0.0,False,none,7,0,0
0,-1,0.1583,Contractor,35.18,0.036,6,False,0.0,False,none,8,0,0
4,46,0.8562,Employee,181.8495203884551,0.071,9,False,0.9254,False,none,4,0,0
2,6,0.1129,Manager,134.18,0.0204,1,False,0.9939,False,none,12,0,0
1,21,0.5604,Employee,320.1956632476429,0.1002,0,False,0.9047,False,none,13,0,0
1,27,0.4425,Executive,2439.51,0.0793,5,False,0.9901,False,none,0,0,0
4,59,0.49,Director,1832.55,0.1011,7,False,0.8608,False,none,6,0,0
0,-1,0.0695,Employee,41.05,0.0102,21,False,0.0,False,none,4,0,0
5,9,1.1397,Employee,609.52,0.1923,1,True,0.6319,True,high,173,6,1
3,6,0.1593,Director,533.28,0.038,5,False,0.9357,True,low,20,1,0
2,12,0.1842,Contractor,34.31,0.0318,5,False,0.8771,False,none,2,0,0
3,26,0.0,Employee,238.61,0.1277,5,False,0.938,True,low,41,1,0
2,56,0.9205,Executive,4506.89,0.1109,5,False,0.9138,False,none,0,0,0
1,51,0.218,Employee,107.17,0.0393,2,True,0.8725,False,none,11,0,0
4,40,0.4422,Employee,273.53,0.0891,13,True,0.9597,False,none,9,0,0
2,3,0.2121,Contractor,41.05,0.0,3,False,0.8826,False,none,0,0,0
1,56,0.1103,Employee,72.41,0.026,4,False,0.9542,False,none,10,0,0
18,2,0.0957,Manager,82.08,0.0175,1,True,0.6729,False,none,0,3,1
3,33,0.1047,Employee,48.56,0.0228,0,False,0.9499,False,none,2,0,0
0,-1,0.1,Employee,41.32,0.0103,9,True,0.0,False,none,5,0,0
1,14,0.54,Contractor,115.78,0.1017,2,False,0.9456,False,none,12,0,0
2,16,0.297,Director,1004.03,0.0457,3,False,0.8738,False,none,8,0,0
2,12,0.5271,Employee,217.16424392981105,0.0791,9,False,0.9502,False,none,0,0,0
2,48,0.3934,Employee,186.9,0.0644,3,False,0.8661,False,none,10,0,0
2,10,1.4894,Manager,1316.28,0.1211,1,True,0.419,True,medium,144,2,1
0,-1,0.3282,Employee,129.11,0.0443,3,False,0.0,False,none,4,0,0
5,23,0.5001,Director,1798.85,0.1222,4,False,0.874,False,none,7,0,0
3,8,0.1971,Director,720.19,0.0434,1,False,0.8915,False,none,8,0,0
3,27,0.3582,Employee,226.32,0.074,1,True,0.9759,False,none,5,0,0
2,42,0.0921,Manager,111.17,0.0148,4,False,0.8992,False,none,0,0,0
3,50,0.6449,Executive,3586.85584237906,0.0584,5,False,0.8945,False,none,8,0,0
3,26,0.1789,Employee,107.25,0.0264,1,False,0.8615,False,none,13,0,0
3,46,1.0036,Employee,451.750804559512,0.1585,0,False,0.9842,False,none,11,0,0
1,45,0.3996,Manager,307.34,0.05,2,False,0.9477,False,none,6,0,0
2,41,0.5478,Contractor,64.08285713664492,0.0566,0,False,0.919,False,none,10,0,0
1,60,0.3619,Employee,169.76,0.0631,8,True,0.9158,False,none,7,0,0
2,11,0.1855,Manager,161.18,0.0188,1,False,0.8517,False,none,12,0,0
4,42,0.3264,Employee,157.18,0.0626,9,False,0.9166,False,none,7,0,0
0,-1,0.2681,Employee,136.36,0.0,4,False,0.0,False,none,11,0,0
6,13,0.5124,Director,1519.04,0.1074,1,False,0.9383,True,low,26,1,0
0,-1,0.2681,Employee,123.61,0.0413,0,False,0.0,False,none,10,0,0
3,16,0.3857,Employee,120.47,0.0299,1,True,0.9578,False,none,13,0,0
2,38,0.552,Contractor,118.68586422490841,0.1306,2,False,0.9701,False,none,4,0,0
3,37,0.0491,Executive,236.96,0.0038,0,True,0.8992,True,low,15,1,0
3,47,0.7568,Employee,362.4781302821508,0.1304,9,True,0.8519,False,none,1,0,0
1,17,0.1482,Director,371.48,0.0427,10,False,0.9089,False,none,9,0,0
0,-1,0.2602,Employee,150.9,0.0469,0,False,0.0,False,none,8,0,0
8,2,1.3529,Employee,704.09,0.2721,0,True,0.4574,True,medium,139,2,1
2,12,0.3145,Director,834.0,0.0353,0,True,0.9038,True,low,47,1,0
3,37,0.9114,Employee,337.42412494919614,0.1156,6,False,0.8941,False,none,5,0,0
1,44,0.1745,Employee,86.49,0.0267,2,False,0.8842,False,none,14,0,0
0,-1,0.6681,Executive,3018.44,0.0811,2,False,0.0,False,none,10,0,0
1,2,0.3013,Director,903.04,0.0366,5,False,0.9471,False,none,15,0,0
2,2,0.5185,Employee,287.26,0.0654,8,False,0.9292,False,none,5,0,0
1,29,0.8762,Employee,233.60378157788563,0.0682,2,True,0.9558,False,none,7,0,0
1,6,0.2122,Director,733.23,0.0426,2,True,0.9326,False,none,3,0,0
7,8,1.0149,Employee,492.02,0.1576,1,True,0.4286,True,medium,191,6,1
2,29,0.2179,Manager,184.56,0.0261,1,False,0.8979,True,low,42,1,0
2,1,0.094,Director,280.91,0.0109,5,False,0.9067,False,none,5,0,0
1,49,0.1059,Employee,64.95,0.0202,11,True,0.9821,False,none,9,0,0
0,-1,0.5521,Employee,263.5415262206333,0.1005,8,False,0.0,False,none,14,0,0
2,44,0.4497,Employee,318.02,0.1032,0,False,0.9716,False,none,10,0,0
37,0,0.2326,Employee,124.29,0.036,2,False,0.8286,False,none,3,1,1
2,23,0.5366,Employee,205.82,0.076,2,False,0.8612,False,none,13,0,0
2,55,0.0942,Contractor,23.4,0.0342,5,True,0.9985,False,none,6,0,0
2,21,0.1236,Employee,57.76,0.0155,14,True,0.9554,False,none,13,0,0
1,72,0.4408,Director,1713.06,0.0926,303,True,0.7332,True,medium,61,3,1
2,4,0.3313,Executive,1491.8,0.0269,2,False,0.9009,False,none,10,0,0
2,35,0.5931,Director,2177.14,0.1327,3,False,0.9316,False,none,5,0,0
2,25,0.0259,Executive,178.72,0.0034,10,False,0.8665,False,none,5,0,0
1,48,0.3768,Manager,399.19,0.0436,9,False,0.8876,False,none,6,0,0
2,31,0.3248,Contractor,85.13,0.101,5,False,0.934,False,none,5,0,0
2,40,0.4074,Contractor,71.66,0.1022,3,False,0.8733,False,none,2,0,0
0,-1,0.2142,Manager,236.01,0.0283,7,False,0.0,False,none,12,0,0
4,33,0.2638,Employee,104.49,0.0257,3,False,0.9041,False,none,5,0,0
3,50,0.1186,Director,393.43,0.0154,2,False,0.8505,False,none,7,0,0
4,6,2.0768,Director,5193.43,0.4858,1,True,0.7484,True,medium,164,4,1
2,54,0.506,Manager,443.33,0.061,3,False,0.969,False,none,4,0,0
3,9,1.8742,Employee,840.38,0.3351,1,True,0.7629,True,high,124,5,1
3,53,0.874,Employee,377.41108884424244,0.1014,3,False,0.981,False,none,5,0,0
1,19,0.594,Employee,336.01,0.1495,2,False,0.9093,False,none,12,0,0
0,-1,0.489,Employee,326.36,0.1043,0,True,0.0,False,none,12,0,0
1,57,0.1119,Employee,52.62,0.0227,5,False,0.9108,False,none,9,0,0
1,52,0.2892,Manager,299.9,0.0391,0,False,0.9998,False,none,7,0,0
6,45,0.0899,Manager,117.45,0.0134,12,False,0.8647,False,none,13,0,0
2,20,0.1743,Manager,163.24,0.0213,23,False,0.8609,False,none,10,0,0
0,-1,0.1023,Director,322.54,0.0182,4,False,0.0,True,low,16,1,0
1,50,0.5195,Employee,252.54,0.0622,2,True,0.9122,False,none,1,0,0
5,7,0.0,Employee,194.13,0.0891,3,False,0.9163,False,none,3,0,0
1,5,0.6717,Manager,665.9295876089355,0.0755,1,False,0.9947,False,none,9,0,0
4,5,0.5811,Employee,242.78850927850948,0.1079,0,True,0.9146,False,none,8,0,0
3,17,0.6463,Employee,326.33243880961317,0.1267,1,True,0.9771,True,low,14,1,0
2,2,0.4342,Contractor,99.62,0.099,16,False,0.8753,True,low,32,1,0
1,35,0.1391,Manager,156.17,0.0245,9,False,0.901,False,none,3,0,0
3,48,0.5334,Contractor,84.73,0.1338,1,True,0.9716,False,none,5,0,0
2,33,0.0489,Manager,47.56,0.0,5,False,0.9937,True,low,21,1,0
29,1,0.1788,Employee,86.66,0.0235,0,False,0.6474,False,none,13,3,1
2,15,0.1287,Executive,604.08,0.0117,12,True,0.998,False,none,2,0,0
0,-1,1.0303,Manager,777.3699264854108,0.0963,0,False,0.0,False,none,5,0,0
4,15,0.059,Manager,79.51,0.0106,0,False,0.9259,True,low,24,1,0
1,10,0.1039,Employee,65.55,0.0225,1,False,0.9764,False,none,0,0,0
3,19,0.9516,Executive,3246.3215118358626,0.0806,3,False,0.9335,False,none,1,0,0
1,60,0.1095,Director,324.72,0.0176,0,False,0.9507,False,none,10,0,0
6,32,0.0524,Director,166.31,0.0094,4,True,0.8756,True,low,26,1,0
2,31,0.3878,Employee,204.66,0.0581,5,False,0.8687,False,none,0,0,0
2,85,0.9343,Manager,925.12,0.1197,348,False,0.7263,True,medium,67,5,1
0,-1,0.4322,Employee,229.86,0.0689,1,False,0.0,False,none,1,0,0
5,36,0.5814,Director,1927.2575779955648,0.0938,1,True,0.8658,False,none,6,0,0
1,38,0.0432,Employee,25.39,0.0093,0,True,0.9438,False,none,7,0,0
5,22,0.0,Employee,269.6,0.0904,0,False,0.9225,False,none,13,0,0
1,7,0.1875,Employee,65.05,0.0223,5,False,0.9141,False,none,14,0,0
0,-1,0.0995,Employee,57.91,0.0324,1,False,0.0,False,none,5,0,0
2,14,0.2025,Director,569.2,0.0276,8,False,0.9934,False,none,11,0,0
0,-1,1.35,Manager,1243.55,0.1649,272,False,0.7639,True,medium,33,4,1
1,81,0.9432,Employee,473.2,0.12,319,False,0.5605,True,medium,89,5,1
8,9,1.7709,Manager,1733.76,0.249,0,True,0.6413,True,high,136,5,1
0,-1,0.603,Director,1524.57,0.0826,1,True,0.0,False,none,8,0,0
16,2,0.2795,Employee,131.13,0.0507,0,True,0.6329,False,none,15,3,1
1,31,0.093,Employee,50.69,0.0168,1,False,0.9783,False,none,14,0,0
2,38,0.3685,Director,997.84,0.0498,3,False,0.8651,False,none,7,0,0
2,22,0.3348,Employee,127.52,0.0514,1,False,0.9159,False,none,14,0,0
3,11,0.1298,Employee,70.26,0.0209,4,True,0.9324,False,none,3,0,0
0,-1,0.7937,Employee,455.46812345333376,0.1196,6,False,0.0,False,none,8,0,0
2,34,0.0718,Manager,80.72,0.0091,5,False,0.8938,False,none,10,0,0
4,14,0.166,Employee,86.22,0.0279,1,False,0.9184,False,none,10,0,0
2,49,0.2947,Employee,160.83,0.0403,4,False,0.9433,False,none,3,0,0
3,51,0.0,Employee,213.65,0.0781,0,False,0.9167,False,none,3,0,0
3,10,1.2392,Employee,543.44,0.1494,1,True,0.6096,True,medium,193,3,1
4,14,0.3908,Director,891.52,0.0323,0,False,0.9614,False,none,15,0,0
6,55,0.188,Manager,199.74,0.0219,10,False,0.9463,False,none,13,0,0
0,-1,0.0869,Director,269.6,0.0117,7,False,0.0,False,none,14,0,0
0,-1,0.4937,Manager,472.6,0.0726,2,False,0.0,False,none,1,0,0
3,42,0.2044,Employee,121.04,0.0395,18,True,0.9571,False,none,15,0,0
3,7,0.8632,Employee,459.97,0.2174,1,False,0.9213,False,none,8,0,0
16,1,0.01,Director,26.93,0.0013,0,False,0.7191,False,none,14,2,1
0,-1,0.3332,Employee,108.9,0.0339,0,False,0.0,False,none,14,0,0
5,3,0.9153,Employee,383.77,0.1371,1,True,0.4629,True,medium,103,4,1
3,9,0.5313,Manager,468.47,0.0682,1,True,0.9899,False,none,1,0,0
3,26,6.8092,Employee,3196.56,0.9315,14,False,0.3364,True,high,132,6,1
3,33,0.7053,Contractor,98.86,0.0907,4,False,0.8736,False,none,13,0,0
3,23,0.2959,Employee,168.0,0.0666,0,False,0.8549,False,none,2,0,0
5,56,0.1779,Contractor,31.85,0.0342,1,False,0.8703,False,none,13,0,0
1,15,0.405,Employee,216.24,0.061,1,True,0.9604,False,none,3,0,0
1,11,0.0611,Employee,34.9,0.0127,1,False,0.9918,False,none,2,0,0
1,34,0.5737,Manager,471.86,0.1195,3,False,0.8548,False,none,3,0,0
4,42,0.4292,Manager,459.26,0.054,1,False,0.934,False,none,11,0,0
2,83,0.9721,Employee,348.66,0.1288,434,True,0.6093,True,medium,77,3,1
0,-1,0.3866,Employee,198.02,0.0747,244,True,0.6031,True,medium,52,5,1
1,21,0.2732,Employee,169.0,0.0512,0,True,0.9146,False,none,10,0,0
2,56,0.4665,Contractor,66.81,0.0877,8,False,0.9633,False,none,6,0,0
2,12,0.9593,Employee,210.2114648672847,0.0767,1,True,0.9182,False,none,8,0,0
3,32,0.3227,Employee,118.38,0.0413,1,True,0.9135,False,none,8,0,0
1,45,0.6759,Contractor,101.09931846948835,0.0962,1,False,0.9707,False,none,4,0,0
2,29,0.9833,Employee,368.04786193546397,0.1298,3,False,0.8559,True,low,10,1,0
2,10,2.379,Employee,1069.27,0.3147,1,True,0.4174,True,high,164,3,1
4,47,0.064,Director,92.16,0.0061,5,False,0.9728,False,none,12,0,0
1,34,0.3213,Employee,158.22,0.0574,2,False,0.9778,False,none,0,0,0
1,2,0.1933,Manager,179.88,0.0176,4,False,0.8789,False,none,10,0,0
2,22,0.7419,Employee,433.82,0.1507,3,False,0.9065,False,none,13,0,0
1,16,0.0,Employee,128.32,0.0516,10,True,0.9999,False,none,9,0,0
2,57,1.0019,Director,3731.0624455600587,0.1723,2,False,0.8936,False,none,13,0,0
2,23,0.233,Employee,128.94,0.0451,13,False,0.9349,False,none,5,0,0
2,117,0.6154,Director,1957.11,0.1091,344,True,0.7542,True,medium,30,5,1
2,48,0.2041,Employee,106.61,0.0436,18,False,0.9149,False,none,15,0,0
2,56,0.2581,Director,577.05,0.0343,10,False,0.9879,False,none,9,0,0
3,37,1.0099,Manager,918.6249192509315,0.1562,12,False,0.9513,False,none,12,0,0
3,37,0.1811,Contractor,48.85,0.0491,3,True,0.9816,False,none,4,0,0
1,36,0.9913,Contractor,182.41381441335065,0.1745,4,False,0.9876,True,low,21,1,0
4,60,0.1303,Director,422.04,0.0182,3,False,0.9669,False,none,12,0,0
3,11,6.8246,Manager,6413.27,1.1393,12,False,0.3356,True,high,315,5,1
33,0,0.0117,Manager,12.12,0.0012,4,False,0.7143,False,none,5,1,1
2,45,0.3053,Director,666.35,0.0328,6,False,0.8745,False,none,2,0,0
0,-1,0.2348,Employee,122.63,0.0403,5,False,0.0,False,none,11,0,0
0,-1,0.2914,Manager,319.21,0.043,4,False,0.0,False,none,4,0,0
3,2,0.3124,Contractor,58.12,0.0737,2,False,0.9131,False,none,0,0,0
4,6,1.42,Employee,625.87,0.1701,0,True,0.511,True,high,68,3,1
31,1,0.2356,Employee,127.32,0.0406,5,False,0.7406,False,none,20,3,1
1,90,0.8993,Employee,478.05,0.3088,249,True,0.7137,True,medium,40,2,1
0,-1,0.0,Contractor,98.24,0.0994,7,False,0.0,False,none,5,0,0
0,-1,0.2611,Manager,287.25,0.0389,5,False,0.0,False,none,7,0,0
3,38,0.1153,Director,410.97,0.022,8,False,0.8839,False,none,4,0,0
2,17,0.7508,Manager,840.1731843367005,0.1146,11,False,0.9043,True,low,16,1,0
3,60,0.2882,Employee,122.42,0.0351,1,False,0.8923,False,none,7,0,0
2,35,0.1115,Employee,62.42,0.0172,11,False,0.9234,False,none,5,0,0
3,58,0.2571,Contractor,57.92,0.0691,3,False,0.9532,False,none,7,0,0
2,57,0.5314,Employee,184.69,0.0785,0,False,0.9075,False,none,7,0,0
1,10,0.1998,Employee,150.16,0.0404,7,False,0.9986,False,none,2,0,0
2,27,0.4483,Manager,374.02,0.0377,2,False,0.9619,False,none,2,0,0
4,48,0.3771,Manager,400.09,0.0526,2,False,0.9879,False,none,10,0,0
3,46,0.8222,Employee,330.0865736643123,0.1155,1,True,0.9959,False,none,14,0,0
2,18,0.5481,Executive,2946.579925402914,0.0547,10,False,0.9191,False,none,4,0,0
3,23,0.5519,Employee,224.84,0.0923,22,False,0.8938,False,none,15,0,0
4,52,0.1336,Employee,71.03,0.0303,0,True,0.9798,True,low,17,1,0
7,10,1.0752,Contractor,292.99,0.2904,0,True,0.558,True,high,132,2,1
4,49,0.0928,Employee,39.03,0.0136,3,False,0.8564,False,none,0,0,0
0,-1,0.6942,Contractor,153.2949223381431,0.1436,9,False,0.0,False,none,8,0,0
1,47,0.5879,Employee,199.65,0.0719,2,False,0.9538,False,none,4,0,0
4,8,0.1425,Director,355.7,0.0229,3,False,0.9185,False,none,10,0,0
4,24,4.9566,Manager,5634.75,0.8321,16,False,0.5399,True,high,213,6,1
3,50,0.9395,Director,2802.633157660934,0.182,8,False,0.9002,False,none,6,0,0
4,17,0.8296,Contractor,135.7996367412014,0.2716,3,False,0.8502,True,low,50,1,0
3,37,0.3266,Employee,177.81,0.0477,0,False,0.9394,False,none,12,0,0
4,18,0.2473,Manager,250.56,0.0235,0,False,0.9212,False,none,2,0,0
3,28,0.0873,Manager,111.34,0.0259,7,False,0.9251,False,none,1,0,0
3,37,0.0725,Employee,31.0,0.0085,0,True,0.9058,False,none,14,0,0
3,36,0.5058,Director,1387.064345708208,0.0883,0,False,0.9639,False,none,5,0,0
2,18,0.9626,Employee,557.2538032109953,0.1493,4,False,0.9921,False,none,2,0,0
0,-1,0.2342,Employee,159.26,0.051,1,False,0.0,False,none,7,0,0
6,7,1.8335,Employee,817.44,0.3366,1,True,0.5023,True,medium,131,6,1
4,1,1.0564,Manager,1291.45,0.2042,0,True,0.6608,True,medium,87,5,1
1,17,0.3469,Employee,182.35,0.0782,0,False,0.8585,False,none,1,0,0
3,24,0.2673,Director,894.09,0.0407,0,False,0.9648,False,none,15,0,0
2,11,0.7007,Executive,3543.4257918329595,0.0568,8,False,0.9224,False,none,10,0,0
2,24,0.2643,Employee,133.01,0.0452,12,False,0.8947,False,none,1,0,0
1,49,0.5072,Executive,2406.82,0.0385,2,True,0.9402,False,none,5,0,0
1,14,0.0,Director,407.8171444535551,0.0178,12,False,0.9664,False,none,4,0,0
1,5,0.3088,Employee,145.73,0.0437,5,False,0.8875,False,none,9,0,0
31,1,0.0813,Employee,34.19,0.0129,5,False,0.6189,False,none,11,3,1
3,22,0.999,Manager,762.4797776673755,0.0849,1,True,0.9337,False,none,11,0,0
2,56,0.3049,Employee,169.26,0.0478,4,False,0.9982,True,low,19,1,0
3,52,0.8896,Employee,378.07,0.094,1,False,0.8853,False,none,14,0,0
2,58,0.6929,Employee,335.6228393544541,0.111,1,False,0.9398,False,none,5,0,0
2,44,0.2283,Manager,281.5,0.0299,0,True,0.904,False,none,7,0,0
2,103,0.8697,Contractor,131.91,0.1521,205,True,0.7804,True,medium,70,5,1
2,44,0.0787,Employee,43.48,0.0158,2,True,0.9008,True,low,43,1,0
8,10,1.9924,Contractor,414.99,0.4001,1,True,0.7215,True,high,177,4,1
1,28,0.3195,Employee,188.96,0.0489,8,False,0.9065,False,none,9,0,0
2,29,0.1624,Employee,92.23,0.0277,2,False,0.8915,False,none,6,0,0
2,45,0.1926,Employee,80.45,0.0303,4,False,0.9146,False,none,2,0,0
2,32,0.2274,Employee,137.24,0.0388,0,False,0.8867,True,low,20,1,0
1,68,0.7377,Employee,468.76,0.1787,393,True,0.6873,True,medium,50,5,1
1,27,0.439,Employee,235.99,0.0996,8,False,0.9066,False,none,10,0,0
1,47,0.224,Manager,304.26,0.0275,17,False,0.8848,False,none,14,0,0
3,39,0.0975,Employee,38.46,0.0124,2,False,0.9525,False,none,11,0,0
4,17,0.6256,Employee,254.22,0.0993,16,False,0.8896,False,none,12,0,0
1,76,0.7099,Employee,414.09,0.148,424,False,0.645,True,medium,86,3,1
3,24,0.3459,Contractor,63.36,0.0663,9,False,0.9075,False,none,2,0,0
2,38,0.2906,Manager,247.34,0.0241,9,False,0.9806,False,none,4,0,0
0,-1,0.0,Director,502.4897995697509,0.0426,11,False,0.0,True,low,28,1,0
1,3,0.5429,Employee,166.01,0.0531,1,False,0.8984,False,none,8,0,0
2,31,0.1736,Employee,129.42,0.0459,9,True,0.8655,False,none,7,0,0
1,13,0.1709,Director,582.18,0.0221,0,False,0.9058,False,none,11,0,0
1,2,0.217,Employee,131.44,0.0412,3,False,0.9355,False,none,5,0,0
2,32,0.1082,Employee,47.08,0.0,1,False,0.9646,False,none,4,0,0
2,16,0.4476,Manager,421.45,0.0376,2,False,0.8571,False,none,7,0,0
1,32,0.1813,Director,570.98,0.0276,6,False,0.9255,False,none,0,0,0
2,43,0.0435,Manager,44.68,0.0071,2,False,0.857,False,none,5,0,0
4,44,0.9072,Director,1715.4708583821712,0.0787,3,False,0.8623,False,none,5,0,0
2,19,0.5871,Employee,201.21389699120172,0.0863,2,True,0.9079,False,none,2,0,0
1,38,0.2057,Employee,111.42,0.0365,1,False,0.9327,False,none,14,0,0
5,51,0.3412,Director,1154.6,0.0631,0,False,0.9769,False,none,9,0,0
26,0,0.5203,Employee,113.83,0.0325,2,False,0.7432,False,none,16,2,1
1,2,0.1447,Manager,170.64,0.0237,10,False,0.9024,False,none,13,0,0
4,25,0.5587,Employee,276.14430386423743,0.0792,18,False,0.9321,False,none,5,0,0
2,53,0.1247,Director,362.95,0.016,3,True,0.9335,False,none,5,0,0
5,28,0.8786,Employee,412.01,0.098,1,False,0.9533,False,none,11,0,0
2,56,0.2116,Contractor,44.12,0.0404,3,False,0.9138,False,none,3,0,0
5,3,0.0362,Employee,25.41,0.0061,0,False,0.9901,False,none,11,0,0
3,19,0.797,Employee,416.64,0.1757,2,True,0.8651,False,none,14,0,0
4,22,0.121,Manager,110.24,0.0,2,False,0.9533,False,none,2,0,0
3,4,1.7753,Employee,1076.09,0.6054,1,True,0.5938,True,high,170,4,1
4,51,0.0,Contractor,60.68,0.0854,0,False,0.8929,False,none,9,0,0
3,50,0.0848,Employee,36.87,0.012,2,True,0.9521,False,none,11,0,0
1,18,0.5092,Executive,2706.395158528264,0.0863,2,False,0.9161,True,low,12,1,0
1,38,0.3958,Employee,167.49,0.042,4,False,0.8707,True,low,46,1,0
0,-1,0.5241,Contractor,98.6,0.0751,0,False,0.0,False,none,11,0,0
2,44,0.2955,Director,1143.36,0.0593,16,False,0.8838,False,none,6,0,0
1,33,0.0957,Employee,44.96,0.015,0,True,0.9874,True,low,24,1,0
3,12,0.2381,Contractor,43.71,0.0442,1,False,0.8891,False,none,13,0,0
2,17,0.1625,Employee,67.96,0.0214,7,False,0.9035,False,none,0,0,0
1,52,0.0743,Executive,363.8,0.0075,6,False,0.9605,False,none,10,0,0
1,10,1.5591,Contractor,374.74,0.5619,1,True,0.4843,True,high,178,2,1
0,-1,0.1599,Director,512.18,0.0336,1,True,0.0,False,none,7,0,0
2,7,0.1775,Employee,107.33,0.0371,7,True,0.9047,False,none,8,0,0
1,56,0.1526,Employee,95.04,0.0345,4,False,0.9024,False,none,12,0,0
4,57,0.3544,Employee,177.77,0.0472,6,False,0.9376,False,none,9,0,0
7,40,0.2733,Employee,144.58,0.0575,0,True,0.9675,False,none,7,0,0
23,0,0.1133,Employee,63.57,0.0283,0,True,0.8725,False,none,14,2,1
26,0,0.0,Employee,70.22,0.0192,2,False,0.8047,False,none,20,3,1
1,65,1.0664,Director,3162.28,0.1224,473,True,0.7506,True,medium,35,5,1
1,52,0.085,Employee,33.72,0.0112,18,True,0.9321,False,none,12,0,0
1,27,0.192,Manager,194.35,0.0287,3,False,0.8504,False,none,3,0,0
1,28,0.9382,Employee,430.79749896915155,0.1359,12,True,0.9541,False,none,4,0,0
2,28,0.1002,Employee,64.8,0.0187,3,False,0.958,False,none,8,0,0
1,43,0.5049,Director,1347.626484818179,0.0559,5,False,0.9027,False,none,11,0,0
3,33,0.4726,Director,1067.58,0.0407,4,False,0.9458,False,none,5,0,0
0,-1,0.0948,Employee,64.02,0.0226,1,False,0.0,False,none,5,0,0
3,10,0.2302,Employee,110.89,0.0429,12,True,0.911,False,none,4,0,0
2,28,0.19,Employee,115.17,0.0373,2,False,0.9823,False,none,3,0,0
2,46,0.2622,Director,762.16,0.0356,11,False,0.9187,False,none,9,0,0
1,41,0.6967,Manager,689.86,0.0568,12,True,0.9827,False,none,12,0,0
1,44,0.4236,Employee,143.58,0.0444,4,False,0.8996,False,none,14,0,0
0,-1,0.3419,Employee,165.6,0.0425,7,False,0.0,False,none,6,0,0
2,59,0.1161,Employee,31.52,0.0098,5,False,0.8811,False,none,6,0,0
31,0,0.0454,Employee,24.76,0.0066,3,True,0.8453,False,none,7,1,1
1,34,0.173,Employee,97.48,0.0343,5,False,0.9755,False,none,11,0,0
6,16,0.4401,Contractor,85.0,0.0936,2,False,0.9345,True,low,41,1,0
0,-1,0.4267,Director,1420.99,0.0754,1,False,0.0,False,none,0,0,0
1,26,0.4729,Director,1326.18,0.0771,3,True,0.8557,False,none,5,0,0
2,10,0.2932,Employee,177.17,0.1076,1,False,0.99,False,none,4,0,0
4,16,0.2337,Director,832.35,0.0331,1,False,0.9006,False,none,1,0,0
2,38,0.8375,Contractor,164.86087620944562,0.1899,0,False,0.9245,False,none,2,0,0
9,7,1.9095,Executive,9345.9,0.1985,1,True,0.7731,True,medium,104,6,1
3,11,0.7587,Contractor,167.78,0.1157,10,True,0.8671,False,none,15,0,0
3,49,0.4111,Contractor,69.38,0.0841,17,True,0.8797,False,none,4,0,0
3,7,0.796,Contractor,152.46,0.1464,0,True,0.593,True,medium,176,4,1
1,35,0.207,Director,632.61,0.0393,12,False,0.9765,True,low,20,1,0
2,51,0.1494,Employee,91.88,0.0311,2,True,0.9739,False,none,5,0,0
2,44,0.0,Employee,125.68,0.0354,15,False,0.8873,False,none,9,0,0
1,26,0.0483,Director,195.3,0.0078,15,False,0.9681,False,none,1,0,0
1,73,0.879,Director,2214.05,0.0947,384,False,0.7961,True,medium,91,3,1
3,54,0.5094,Employee,192.20212258355468,0.0922,1,False,0.9877,False,none,11,0,0
34,2,0.0062,Director,17.59,0.0008,1,True,0.8369,False,none,20,1,1
2,1,0.7311,Manager,443.22,0.041,0,False,0.8924,False,none,11,0,0
2,26,0.3977,Employee,176.87,0.0556,1,False,0.8546,False,none,6,0,0
1,25,0.2954,Contractor,79.7,0.0658,3,False,0.8582,True,low,34,1,0
0,-1,0.4176,Employee,158.12,0.0384,1,True,0.0,True,low,13,1,0
2,45,0.7614,Executive,4613.241117755397,0.0,3,False,0.9173,False,none,10,0,0
4,41,0.0,Manager,184.59,0.0254,12,True,0.9359,True,low,10,1,0
4,6,1.0966,Director,3668.67,0.207,0,True,0.721,True,medium,144,4,1
22,2,0.112,Manager,142.33,0.0154,1,False,0.8419,False,none,12,3,1
0,-1,0.117,Contractor,19.7,0.0195,1,True,0.0,False,none,6,0,0
0,-1,0.4085,Employee,184.71,0.0556,4,True,0.0,False,none,15,0,0
3,40,0.8432,Employee,330.0001750533598,0.0924,1,False,0.9771,False,none,11,0,0
0,-1,0.1104,Executive,612.86,0.0136,1,False,0.0,False,none,3,0,0
2,21,0.2039,Manager,256.51,0.0253,6,True,0.9799,True,low,20,1,0
2,24,0.4608,Employee,212.31,0.0725,1,False,0.983,False,none,2,0,0
2,54,0.0923,Director,287.83,0.0139,1,False,0.9827,False,none,0,0,0
3,4,0.3781,Employee,134.36,0.0503,2,False,0.9314,False,none,6,0,0
2,26,0.2779,Director,788.41,0.0384,1,True,0.9824,True,low,16,1,0
0,-1,0.7486,Director,1992.9042344136708,0.1213,1,False,0.0,False,none,2,0,0
2,23,0.1656,Contractor,30.0,0.0291,6,False,0.9933,True,low,14,1,0
0,-1,0.4181,Manager,361.65,0.0399,0,False,0.0,False,none,12,0,0
1,55,0.1587,Manager,101.44,0.0167,13,True,0.8936,False,none,6,0,0
2,5,0.2958,Manager,273.41,0.0379,1,False,0.9754,False,none,10,0,0
1,34,0.0649,Manager,75.55,0.0085,13,False,0.8719,False,none,13,0,0
4,59,0.2704,Director,950.01,0.0498,6,False,0.9267,False,none,11,0,0
7,6,2.245,Manager,1631.65,0.2066,0,True,0.4259,True,high,158,4,1
1,56,0.1806,Employee,123.51,0.0406,2,False,0.8906,True,low,12,1,0
1,31,0.9849,Manager,775.8126037454994,0.0923,8,False,0.9971,False,none,7,0,0
0,-1,0.2101,Employee,116.37,0.0401,0,True,0.0,False,none,15,0,0
2,54,0.0,Director,367.7647332367727,0.0237,7,False,0.9527,False,none,1,0,0
0,-1,0.49,Director,1121.78,0.0453,345,False,0.6916,True,medium,69,5,1
1,54,0.2559,Employee,173.61,0.0482,1,False,0.948,False,none,15,0,0
0,-1,0.7803,Manager,817.38,0.1077,219,False,0.7391,True,medium,36,4,1
3,48,0.239,Contractor,58.57,0.0596,2,False,0.8673,False,none,14,0,0
1,47,0.1187,Contractor,27.09,0.0317,0,False,0.9682,True,low,32,1,0
3,10,0.7458,Employee,476.9672576484119,0.1506,0,False,0.9086,False,none,6,0,0
5,41,0.3481,Manager,368.91,0.0369,4,False,0.8642,False,none,1,0,0
2,25,1.0117,Manager,868.5238997978731,0.109,0,False,0.8766,False,none,0,0,0
2,52,0.3477,Employee,205.95,0.0619,7,False,0.8802,False,none,3,0,0
1,53,0.1471,Employee,87.95,0.0329,1,False,0.9821,False,none,5,0,0
0,-1,0.1703,Employee,76.16,0.0,3,False,0.0,False,none,11,0,0
2,8,0.2099,Director,694.56,0.0323,5,False,0.9937,False,none,5,0,0
1,15,0.3753,Manager,468.49,0.0478,9,False,0.9549,False,none,3,0,0
0,-1,0.1348,Employee,83.28,0.0253,0,False,0.0,False,none,15,0,0
4,19,0.1919,Employee,115.12,0.04,2,True,0.8715,False,none,10,0,0
1,56,0.6244,Employee,263.32305384918243,0.0815,0,False,0.9856,True,low,46,1,0
4,52,0.1995,Manager,161.31,0.0184,16,False,0.9952,False,none,5,0,0
0,-1,0.4922,Employee,255.51,0.0811,0,False,0.0,False,none,2,0,0
22,2,0.0579,Employee,39.05,0.0119,0,True,0.6985,False,none,1,2,1
0,-1,0.7889,Employee,435.003627730898,0.1856,1,False,0.0,False,none,3,0,0
5,59,0.0537,Employee,24.29,0.0173,4,False,0.855,False,none,10,0,0
3,47,0.1032,Director,329.72,0.0147,0,False,0.9363,False,none,3,0,0
1,34,0.9829,Contractor,176.53843916759453,0.1865,2,False,0.8808,False,none,3,0,0
1,34,0.2343,Director,702.24,0.0397,5,False,0.851,False,none,14,0,0
1,105,0.6904,Employee,336.99,0.0934,486,True,0.6621,True,medium,86,3,1
3,8,0.2689,Executive,1462.61,0.0295,2,False,0.8644,False,none,8,0,0
3,29,0.3399,Employee,234.42,0.0634,1,False,0.9784,True,low,30,1,0
2,55,0.374,Director,1292.94,0.0553,2,False,0.8807,False,none,3,0,0
1,15,0.2182,Contractor,49.25,0.0511,9,False,0.9276,False,none,4,0,0
1,11,0.293,Employee,93.4,0.0262,7,False,0.9942,False,none,7,0,0
1,55,0.6766,Executive,2891.4566599731966,0.0649,11,False,0.971,False,none,14,0,0
1,57,0.5335,Employee,308.3313799558698,0.1261,2,False,0.9494,False,none,7,0,0
18,2,0.0801,Employee,56.53,0.0122,5,True,0.7785,False,none,6,2,1
1,40,0.4577,Director,1549.38,0.0896,1,False,0.8616,False,none,6,0,0
0,-1,0.9459,Manager,624.5875639764599,0.0992,0,False,0.0,False,none,0,0,0
6,7,0.1029,Director,226.09,0.0116,8,False,0.9087,False,none,9,0,0
3,11,5.2014,Employee,3432.7,1.1955,18,False,0.6172,True,high,269,7,1
3,29,0.2356,Employee,136.9,0.0432,0,True,0.9436,True,low,38,1,0
3,36,0.1804,Director,785.88,0.0302,2,False,0.9719,True,low,24,1,0
2,37,0.3481,Executive,2187.84,0.0473,0,False,0.9407,False,none,13,0,0
2,21,0.677,Director,1683.0646880291013,0.0715,14,False,0.9927,False,none,2,0,0
5,17,0.1598,Employee,96.12,0.0398,3,False,0.8583,False,none,2,0,0
4,52,0.1658,Director,527.82,0.0255,1,True,0.998,False,none,1,0,0
1,12,2.7658,Employee,842.16,0.3633,12,False,0.632,True,high,177,3,1
0,-1,0.8465,Employee,308.58285995538824,0.1047,5,True,0.0,True,low,26,1,0
1,4,0.1606,Employee,105.72,0.0479,6,False,0.852,True,low,28,1,0
1,51,0.117,Employee,87.0,0.0219,1,False,0.8817,False,none,14,0,0
2,39,0.0,Employee,107.51,0.0393,1,False,0.8713,False,none,10,0,0
1,39,0.5042,Contractor,133.81,0.1196,6,True,0.8997,False,none,3,0,0
1,43,0.3345,Director,673.58,0.0398,8,False,0.9059,False,none,10,0,0
5,54,0.0951,Employee,71.7,0.0213,1,True,0.9895,False,none,2,0,0
2,47,0.0927,Manager,109.08,0.0121,7,False,0.9492,False,none,3,0,0
1,16,0.3097,Manager,339.18,0.0359,4,False,0.8682,False,none,5,0,0
3,18,0.2988,Executive,1135.68,0.0283,4,False,0.907,False,none,5,0,0
4,58,0.3514,Employee,104.78,0.048,13,False,0.9659,False,none,7,0,0
3,50,0.6899,Manager,813.85,0.0829,4,False,0.924,False,none,5,0,0
2,55,0.2505,Employee,122.38,0.0409,3,False,0.8899,False,none,9,0,0
1,75,0.5413,Contractor,112.75,0.104,476,True,0.6933,True,medium,94,4,1
2,43,0.0741,Contractor,13.7,0.0144,12,False,0.9458,False,none,8,0,0
2,18,0.4869,Employee,159.0,0.0575,1,False,0.9785,False,none,14,0,0
7,8,1.2516,Employee,611.96,0.1508,1,True,0.57,True,high,70,2,1
2,9,0.1045,Manager,120.94,0.0151,8,False,0.9014,False,none,3,0,0
1,51,0.2437,Director,781.45,0.0493,21,False,0.9033,False,none,3,0,0
5,30,8.4738,Employee,3872.86,1.1257,18,False,0.2232,True,high,319,5,1
1,18,0.6277,Employee,241.92,0.0889,2,False,0.8551,False,none,14,0,0
3,45,0.9124,Contractor,172.28369552577408,0.1853,3,False,0.8628,False,none,9,0,0
1,111,0.9184,Director,2506.18,0.2007,345,True,0.6111,True,medium,92,3,1
2,47,0.4986,Director,2198.75,0.0877,7,False,0.9005,False,none,13,0,0
1,58,0.1799,Director,566.19,0.0246,0,True,0.9974,False,none,10,0,0
1,31,0.0918,Manager,90.99,0.0114,2,False,0.8696,False,none,4,0,0
1,46,0.3325,Employee,168.23,0.0643,1,False,0.9333,False,none,5,0,0
1,60,0.1004,Manager,129.89,0.0121,3,False,0.9136,True,low,50,1,0
1,42,0.1923,Employee,103.87,0.0577,18,False,0.9857,False,none,9,0,0
0,-1,0.6049,Employee,319.7,0.1158,2,False,0.0,False,none,7,0,0
1,32,0.5768,Director,1612.190683295366,0.0719,22,False,0.8659,False,none,2,0,0
2,55,0.2171,Employee,85.69,0.0293,0,False,0.9755,False,none,5,0,0
2,34,0.3072,Contractor,50.86,0.0567,2,False,0.8593,False,none,1,0,0
1,48,0.9148,Contractor,115.36219554610415,0.1208,5,False,0.8962,True,low,23,1,0
0,-1,0.1093,Employee,59.84,0.018,4,False,0.0,False,none,8,0,0
2,41,0.0,Contractor,61.72,0.0774,2,False,0.9029,False,none,5,0,0
0,-1,0.4,Employee,164.06,0.0549,8,True,0.0,False,none,14,0,0
3,7,0.0742,Director,236.43,0.01,1,False,0.9966,True,low,22,1,0
3,39,0.2487,Employee,107.72,0.05,8,False,0.9928,False,none,8,0,0
0,-1,0.7621,Employee,312.1,0.1086,5,False,0.0,False,none,9,0,0
3,16,0.6873,Employee,452.36,0.1125,4,False,0.896,False,none,1,0,0
3,51,0.3026,Contractor,52.41,0.0598,2,False,0.8705,False,none,6,0,0
1,13,0.2942,Employee,150.43,0.0514,4,False,0.8737,False,none,8,0,0
1,45,0.261,Manager,315.64,0.0284,0,False,0.9199,False,none,14,0,0
1,34,0.486,Employee,179.23,0.0434,11,False,0.9354,False,none,5,0,0
1,32,0.3873,Executive,2191.75,0.0424,8,False,0.9683,False,none,1,0,0
4,25,0.245,Employee,106.54,0.0419,0,False,0.9799,False,none,5,0,0
1,33,0.5409,Employee,249.58538008973147,0.08,3,True,0.8575,True,low,14,1,0
1,50,0.2181,Contractor,34.83,0.043,19,False,0.9707,False,none,14,0,0
24,2,0.0281,Director,65.39,0.0032,2,False,0.6237,False,none,11,1,1
2,33,0.0519,Contractor,11.85,0.014,5,False,0.8953,False,none,2,0,0
0,-1,0.189,Employee,83.03,0.0356,10,False,0.0,False,none,8,0,0
0,-1,0.2914,Contractor,49.07,0.0546,4,False,0.0,False,none,0,0,0
1,29,0.0758,Employee,36.84,0.015,1,False,0.882,False,none,15,0,0
1,43,0.1686,Manager,186.88,0.0205,18,False,0.9822,False,none,5,0,0
3,10,9.6197,Manager,7514.25,0.7919,5,False,0.2387,True,high,197,7,1
3,59,0.3269,Director,621.22,0.0337,3,False,0.9475,False,none,8,0,0
2,5,0.0,Employee,379.5142169889183,0.1498,6,False,0.9745,True,low,12,1,0
4,5,0.1491,Employee,85.49,0.0317,3,False,0.9562,False,none,13,0,0
3,25,8.4913,Executive,57843.8,1.6356,20,False,0.4086,True,high,165,5,1
5,1,0.6979,Director,2266.25,0.1054,2,True,0.9756,False,none,8,0,0
1,27,0.0937,Employee,59.83,0.0188,10,False,0.9635,False,none,10,0,0
0,-1,0.1072,Director,217.32,0.009,0,True,0.0,False,none,3,0,0
3,43,0.5312,Employee,183.47,0.0634,3,False,0.9679,False,none,1,0,0
1,57,0.2062,Employee,122.12,0.0335,5,False,0.857,False,none,9,0,0
0,-1,0.2614,Employee,171.93,0.0662,16,True,0.0,False,none,0,0,0
1,8,0.2249,Contractor,40.76,0.0485,4,False,0.8841,False,none,5,0,0
2,10,0.2166,Employee,139.3,0.0399,2,False,0.8882,False,none,3,0,0
0,-1,0.1473,Director,367.66,0.016,3,False,0.0,False,none,0,0,0
2,90,0.8193,Employee,433.39,0.1695,258,True,0.6788,True,medium,80,5,1
0,-1,0.0,Employee,154.67,0.0518,1,False,0.0,False,none,0,0,0
1,49,0.4601,Employee,229.04,0.0593,1,False,0.9942,False,none,0,0,0
1,83,0.4904,Employee,238.76,0.0797,413,False,0.5308,True,medium,91,5,1
2,47,0.5508,Contractor,113.31719018499155,0.1805,3,False,0.8739,False,none,7,0,0
4,51,0.0523,Director,178.41,0.0,3,False,0.8727,False,none,5,0,0
2,30,0.4475,Manager,475.77,0.0437,1,False,0.9867,False,none,3,0,0
4,19,0.3808,Manager,369.77,0.0432,0,False,0.9532,False,none,0,0,0
2,23,2.9562,Manager,3593.5,0.7258,8,True,0.6298,True,high,109,7,1
3,1,1.965,Employee,1190.04,0.4029,1,True,0.6873,True,high,107,2,1
4,21,0.5055,Director,1393.53,0.0685,0,False,0.8685,False,none,2,0,0
2,23,0.2186,Employee,85.23,0.022,8,False,0.9313,False,none,6,0,0
0,-1,0.0739,Executive,428.93,0.0097,1,False,0.0,False,none,4,0,0
3,52,0.6978,Manager,889.2923843368844,0.1426,9,False,0.9324,True,low,49,1,0
1,53,0.3632,Manager,288.43,0.029,6,False,0.9938,False,none,3,0,0
1,49,0.3107,Employee,195.26,0.0617,0,True,0.8584,True,low,34,1,0
0,-1,0.355,Employee,210.39,0.0763,3,False,0.0,False,none,7,0,0
2,21,0.4552,Manager,591.76,0.0845,0,False,0.9755,True,low,44,1,0
3,37,0.359,Director,1014.92,0.0411,0,False,0.9793,False,none,0,0,0
2,21,0.4971,Employee,319.52,0.0831,2,False,0.9621,True,low,40,1,0
7,5,1.8438,Employee,764.85,0.2686,1,True,0.4454,True,medium,62,2,1
1,35,0.0,Manager,177.38,0.0227,4,False,0.9891,False,none,9,0,0
4,32,0.6555,Director,2514.9406355439405,0.0,4,False,0.8961,False,none,10,0,0
3,45,0.5072,Employee,217.63519745852363,0.0506,8,False,0.871,True,low,33,1,0
2,52,0.3826,Employee,202.61,0.0826,17,False,0.9157,False,none,11,0,0
31,2,0.0871,Employee,47.41,0.0147,4,True,0.8246,False,none,3,2,1
2,119,0.8813,Executive,3224.14,0.0,201,False,0.7205,True,medium,38,4,1
1,10,0.3262,Employee,196.87,0.0656,15,False,0.9209,False,none,12,0,0
2,54,0.0918,Director,283.77,0.0191,3,True,0.9418,False,none,11,0,0
1,13,0.0,Employee,120.13,0.0622,1,True,0.9117,True,low,29,1,0
1,40,0.1111,Director,427.92,0.0228,4,False,0.863,False,none,2,0,0
4,20,0.1186,Director,317.65,0.0138,6,False,0.8811,False,none,6,0,0
1,120,0.5435,Employee,281.54,0.0737,395,True,0.6104,True,medium,43,4,1
3,35,0.0707,Employee,37.95,0.0146,2,False,0.9172,False,none,13,0,0
1,18,0.1906,Employee,84.42,0.0225,0,False,0.8733,False,none,7,0,0
2,1,0.7553,Employee,331.77,0.1445,2,False,0.9653,False,none,4,0,0
2,35,0.0,Employee,463.0652571442463,0.2046,4,False,0.9875,False,none,9,0,0
0,-1,0.2211,Director,678.52,0.0438,4,False,0.0,False,none,13,0,0
2,32,0.1413,Employee,51.62,0.0189,7,True,0.879,False,none,4,0,0
2,52,0.0,Director,275.67609915430916,0.0122,1,False,0.999,False,none,15,0,0
3,2,0.9452,Manager,920.8,0.1017,0,True,0.6254,True,high,153,3,1
2,57,0.2494,Director,705.62,0.0394,10,False,0.9135,False,none,0,0,0
3,34,0.6051,Director,1638.06,0.0727,1,False,0.8595,False,none,1,0,0
3,21,0.4609,Director,1650.33,0.0802,5,True,0.9255,False,none,2,0,0
1,40,0.2124,Employee,109.79,0.0407,3,False,0.9679,False,none,6,0,0
34,2,0.4435,Employee,137.98,0.0576,2,False,0.6775,False,none,14,3,1
5,35,0.222,Contractor,50.69,0.0436,0,False,0.887,False,none,10,0,0
2,4,0.3375,Director,1177.9,0.055,1,False,0.8774,False,none,0,0,0
3,41,0.4715,Employee,134.12,0.0546,12,False,0.9409,False,none,9,0,0
2,14,0.2316,Contractor,48.34,0.0502,3,True,0.9168,False,none,10,0,0
1,56,0.6664,Director,1845.75,0.09,1,False,0.9289,False,none,2,0,0
4,41,0.5252,Executive,2308.58,0.0602,1,False,0.9601,True,low,20,1,0
1,18,0.0965,Employee,56.39,0.0137,6,False,0.9221,False,none,8,0,0
2,47,0.7473,Director,1663.9750711742126,0.0984,0,False,0.9711,False,none,15,0,0
6,29,1.0069,Employee,413.4477646162014,0.1794,0,False,0.9281,False,none,0,0,0
3,8,0.7124,Employee,374.938959383045,0.1097,2,False,0.94,False,none,10,0,0
0,-1,0.3774,Employee,213.13,0.0661,12,False,0.0,False,none,13,0,0
1,11,0.2084,Employee,115.13,0.0344,6,False,0.8703,False,none,8,0,0
0,-1,1.1568,Manager,905.35,0.083,296,True,0.6315,True,medium,82,3,1
2,54,0.0752,Employee,52.03,0.0148,3,False,0.9305,False,none,4,0,0
4,12,0.9068,Manager,613.4221033570396,0.0916,0,False,0.9344,False,none,1,0,0
2,59,0.2078,Employee,108.86,0.0303,1,False,0.8968,False,none,9,0,0
4,1,0.8448,Employee,435.7921726597573,0.1655,2,True,0.9471,False,none,4,0,0
1,38,0.1537,Employee,60.6,0.0213,6,True,0.9699,False,none,1,0,0
2,23,0.0,Director,368.1646288027068,0.0216,0,False,0.9752,False,none,10,0,0
2,34,0.1574,Director,568.47,0.0357,0,False,0.9804,False,none,15,0,0
4,59,0.3979,Director,1802.83,0.0864,11,True,0.947,False,none,10,0,0
4,53,0.4327,Employee,182.58,0.0664,4,False,0.8796,False,none,5,0,0
10,2,2.0795,Executive,9442.98,0.1671,0,True,0.6998,True,medium,153,6,1
0,-1,0.212,Contractor,56.64,0.0434,1,False,0.0,True,low,19,1,0
2,27,0.2433,Executive,1436.07,0.0305,0,False,0.9862,False,none,9,0,0
1,23,0.1082,Employee,58.08,0.0225,13,False,0.8591,False,none,15,0,0
3,11,0.1675,Manager,194.15,0.0308,2,False,0.9263,False,none,6,0,0
1,23,0.2751,Executive,1949.46,0.0463,0,False,0.9399,False,none,10,0,0
2,57,0.8702,Manager,644.0011225437883,0.0952,1,False,0.8985,False,none,5,0,0
2,47,0.1375,Contractor,29.61,0.0257,5,False,0.8846,False,none,4,0,0
1,15,0.926,Employee,289.1213855415492,0.0662,2,False,0.8842,False,none,9,0,0
1,42,0.1129,Employee,73.42,0.0237,1,False,0.9597,True,low,40,1,0
1,59,0.1259,Employee,86.54,0.0377,0,True,0.9431,False,none,6,0,0
2,58,0.0991,Employee,59.67,0.0,4,False,0.9688,True,low,48,1,0
1,38,0.2656,Employee,127.62,0.0334,3,True,0.9355,False,none,4,0,0
1,3,1.8773,Employee,722.6,0.2178,1,True,0.6063,True,medium,137,2,1
1,54,0.4371,Employee,270.19,0.0863,4,False,0.9293,False,none,11,0,0
3,19,0.188,Employee,116.39,0.0466,3,False,0.8807,True,low,39,1,0
1,47,0.0,Employee,309.5252208006144,0.1129,11,False,0.8859,False,none,7,0,0
3,21,0.6482,Employee,293.81645835482436,0.1204,0,False,0.9429,False,none,3,0,0
1,20,0.5186,Employee,253.0,0.0841,7,True,0.9456,False,none,2,0,0
3,50,0.6717,Employee,350.62,0.1124,0,False,0.9197,True,low,13,1,0
1,2,0.0,Contractor,161.65,0.1554,1,False,0.9458,False,none,6,0,0
2,57,0.3203,Employee,112.17,0.0422,1,True,0.9982,False,none,4,0,0
1,8,1.5118,Manager,1468.1,0.165,0,True,0.5764,True,high,134,5,1
0,-1,0.1702,Executive,886.3,0.0205,11,False,0.0,False,none,3,0,0
1,38,0.6539,Employee,336.83,0.1089,5,False,0.9318,False,none,11,0,0
4,10,0.5301,Manager,583.07,0.068,13,True,0.9614,False,none,11,0,0
1,114,0.5232,Manager,753.28,0.0881,458,False,0.7873,True,medium,72,4,1
0,-1,0.0335,Employee,20.0,0.0057,3,False,0.0,False,none,6,0,0
4,54,0.2596,Director,840.72,0.0437,2,True,0.9135,False,none,11,0,0
2,11,0.3544,Employee,146.6,0.0487,3,False,0.9248,False,none,11,0,0
0,-1,0.1624,Director,621.2,0.0296,0,True,0.0,True,low,17,1,0
0,-1,0.5294,Director,1168.1361618916546,0.0775,11,False,0.0,False,none,3,0,0
1,25,0.9591,Contractor,149.33112264956424,0.1463,5,False,0.9979,False,none,14,0,0
2,32,0.0485,Director,135.32,0.0082,10,False,0.893,False,none,5,0,0
2,5,0.6069,Director,1571.7411344534585,0.0972,0,False,0.962,False,none,6,0,0
1,13,0.3253,Employee,200.08,0.1049,0,False,0.9599,False,none,8,0,0
2,25,0.1727,Employee,95.79,0.0325,1,False,0.949,False,none,12,0,0
1,60,0.1771,Employee,86.74,0.0291,2,True,0.9575,False,none,2,0,0
1,22,0.1844,Employee,101.99,0.0588,2,False,0.8508,False,none,3,0,0
1,13,0.3062,Employee,162.6,0.049,3,False,0.8634,False,none,0,0,0
1,28,0.3331,Employee,150.46,0.098,4,True,0.9927,False,none,12,0,0
0,-1,0.896,Manager,642.2406622918734,0.1161,5,True,0.0,False,none,8,0,0
0,-1,0.0,Manager,248.4,0.027,0,False,0.0,False,none,9,0,0
3,24,0.1581,Employee,90.4,0.0376,0,False,0.9619,False,none,15,0,0
2,21,0.2928,Employee,174.02,0.0729,5,False,0.9421,False,none,4,0,0
0,-1,0.7077,Contractor,100.68,0.088,1,False,0.0,False,none,15,0,0
2,22,0.4558,Director,1253.82,0.0506,0,False,0.883,False,none,0,0,0
0,-1,0.1138,Manager,140.49,0.0161,4,False,0.0,False,none,2,0,0
1,52,0.1063,Director,432.39,0.023,3,True,0.9474,False,none,15,0,0
22,1,0.0372,Director,128.63,0.0109,3,True,0.7729,False,none,3,2,1
8,10,1.2157,Manager,1378.52,0.2324,1,True,0.6699,True,medium,197,6,1
2,4,0.0,Employee,356.49166934268476,0.1077,0,False,0.9324,False,none,2,0,0
0,-1,0.0494,Employee,25.29,0.0076,3,False,0.0,False,none,9,0,0
2,17,0.0656,Employee,40.81,0.0119,3,False,0.9667,False,none,12,0,0
1,12,0.721,Employee,451.55,0.1988,6,False,0.9908,False,none,1,0,0
3,38,0.8603,Employee,332.83,0.1237,0,True,0.9982,False,none,6,0,0
4,43,0.1925,Director,534.97,0.0255,4,False,0.8632,False,none,2,0,0
2,54,0.6616,Employee,372.6862086105177,0.1215,16,False,0.9109,False,none,3,0,0
0,-1,0.1653,Employee,96.0,0.0326,6,False,0.0,False,none,6,0,0
1,35,0.2247,Employee,106.16,0.0324,1,False,0.8629,False,none,2,0,0
6,52,0.3875,Employee,198.46,0.0806,2,False,0.8535,False,none,1,0,0
1,44,0.1159,Manager,123.29,0.0113,3,True,0.9708,True,low,24,1,0
2,56,0.3517,Director,813.1,0.0478,3,False,0.9555,False,none,5,0,0
0,-1,0.1758,Director,675.17,0.0213,2,False,0.0,False,none,1,0,0
2,20,0.3883,Director,763.61,0.0373,8,False,0.979,False,none,12,0,0
0,-1,0.747,Employee,424.13,0.1343,181,False,0.7666,True,medium,36,5,1
0,-1,0.475,Contractor,65.4,0.0539,2,True,0.0,False,none,0,0,0
2,21,0.088,Manager,74.03,0.0087,5,True,0.9552,False,none,1,0,0
2,27,0.6421,Employee,371.77,0.1448,0,False,0.8639,False,none,13,0,0
2,27,0.1018,Employee,69.8,0.0336,10,False,0.8896,False,none,11,0,0
1,3,0.8295,Director,2049.1809700531117,0.1307,3,True,0.8624,False,none,12,0,0
1,59,0.5797,Employee,236.0284890827819,0.0861,7,False,0.9628,False,none,10,0,0
3,43,0.2413,Director,883.72,0.0348,1,False,0.9615,False,none,8,0,0
0,-1,0.2143,Manager,224.66,0.0397,7,True,0.0,False,none,10,0,0
4,7,0.6663,Manager,685.62,0.0808,1,False,0.8816,False,none,11,0,0
2,33,0.5287,Employee,176.84,0.0675,3,False,0.9637,False,none,14,0,0
4,10,0.8946,Employee,257.97589654736385,0.0878,7,False,0.8918,False,none,6,0,0
3,28,0.3146,Manager,320.47,0.036,5,True,0.8749,False,none,7,0,0
1,21,0.3878,Contractor,103.06,0.0947,19,True,0.9581,False,none,5,0,0
1,25,0.4083,Employee,232.68,0.0762,5,False,0.8781,False,none,5,0,0
3,49,0.1942,Director,703.27,0.0276,1,False,0.8736,False,none,14,0,0
1,53,0.085,Employee,50.13,0.0174,3,False,0.9515,False,none,2,0,0
1,13,0.2789,Executive,1142.21,0.0215,0,False,0.9775,False,none,0,0,0
2,19,0.4644,Employee,230.44,0.0712,5,False,0.9906,False,none,12,0,0
2,6,0.1522,Employee,85.9,0.0245,2,False,0.8855,False,none,15,0,0
0,-1,0.9149,Contractor,150.68,0.1609,439,True,0.6619,True,medium,52,2,1
4,25,0.4062,Manager,340.08,0.0423,0,False,0.9702,False,none,11,0,0
0,-1,0.6484,Manager,679.6336491425928,0.085,0,False,0.0,False,none,10,0,0
1,43,0.3355,Employee,110.65,0.0,16,False,0.8808,False,none,8,0,0
2,8,0.1869,Manager,213.55,0.0225,0,True,0.8815,True,low,34,1,0
3,20,7.0391,Manager,6220.79,0.7169,7,True,0.6756,True,high,317,8,1
4,38,0.2184,Employee,91.46,0.0351,6,False,0.9274,True,low,21,1,0
3,16,0.9126,Employee,437.167408489326,0.111,1,True,0.9132,True,low,34,1,0
1,41,0.0807,Manager,47.06,0.0051,4,False,0.8552,False,none,2,0,0
36,2,0.2245,Employee,134.54,0.0723,4,False,0.8288,False,none,2,3,1
2,22,9.3557,Director,34997.78,1.381,5,True,0.59,True,high,230,6,1
1,110,0.7764,Manager,721.82,0.0797,319,True,0.7407,True,medium,47,5,1
3,32,0.4422,Director,1403.13,0.0609,1,False,0.999,False,none,7,0,0
3,52,0.3345,Contractor,84.84,0.1113,1,False,0.8957,False,none,7,0,0
1,92,0.9849,Employee,558.88,0.1868,313,True,0.5352,True,medium,34,2,1
2,13,6.9879,Employee,2611.32,0.9843,8,True,0.6823,True,high,258,5,1
4,7,0.0,Employee,82.2,0.0279,6,False,0.8699,False,none,0,0,0
1,35,0.4231,Manager,423.62,0.0488,3,False,0.9327,False,none,5,0,0
0,-1,0.6145,Employee,382.44,0.1453,412,True,0.763,True,medium,100,2,1
1,2,0.5176,Employee,274.83,0.1025,3,False,0.996,False,none,5,0,0
3,35,0.2217,Contractor,45.22,0.0364,7,True,0.9479,False,none,1,0,0
5,54,0.6865,Director,1838.74,0.0915,4,True,0.9395,False,none,8,0,0
2,60,0.4062,Employee,183.27,0.0525,9,True,0.9198,False,none,1,0,0
3,1,0.0,Employee,317.0,0.0907,6,False,0.9151,False,none,11,0,0
3,12,0.2698,Executive,1337.93,0.0261,0,False,0.9132,True,low,29,1,0
1,57,0.2519,Employee,137.21,0.0306,10,False,0.9842,False,none,10,0,0
4,1,1.7188,Employee,842.26,0.252,0,True,0.5174,True,medium,129,5,1
7,6,1.0858,Director,3359.25,0.1674,0,True,0.4946,True,medium,148,3,1
1,15,0.2081,Executive,773.41,0.0143,3,False,0.9408,False,none,0,0,0
4,25,0.5779,Contractor,113.70105494123332,0.0802,0,True,0.9232,False,none,13,0,0
1,51,0.4322,Manager,479.85,0.0671,12,False,0.8527,False,none,11,0,0
0,-1,0.1285,Employee,82.38,0.0252,14,False,0.0,False,none,5,0,0
19,0,0.0815,Employee,33.69,0.0081,0,False,0.7044,False,none,16,3,1
4,55,0.6078,Manager,547.93,0.0,0,False,0.923,False,none,10,0,0
8,6,1.2095,Executive,6503.14,0.1354,0,True,0.5122,True,medium,90,5,1
2,13,0.1856,Manager,275.46,0.0347,4,False,0.96,False,none,15,0,0
3,36,0.1673,Employee,88.49,0.0,3,True,0.9969,True,low,24,1,0
5,6,0.4677,Manager,468.72,0.0619,5,False,0.8879,False,none,15,0,0
0,-1,0.6284,Director,2219.11,0.0945,212,False,0.609,True,medium,75,4,1
28,2,0.1831,Employee,91.58,0.0369,2,False,0.8922,False,none,8,2,1
2,1,2.033,Employee,780.58,0.2503,0,True,0.6262,True,medium,132,4,1
1,62,0.9559,Employee,445.71,0.1981,257,True,0.6255,True,medium,67,5,1
0,-1,1.1374,Contractor,211.04,0.2482,351,False,0.7724,True,medium,40,3,1
3,2,0.1123,Manager,90.39,0.0102,1,False,0.9861,False,none,15,0,0
2,40,0.4996,Manager,356.12,0.0691,13,False,0.8554,False,none,5,0,0
1,48,0.1152,Employee,50.22,0.0239,9,False,0.9109,False,none,5,0,0
2,9,0.8233,Employee,360.43,0.1046,0,False,0.9718,False,none,9,0,0
1,30,0.1646,Manager,162.8,0.0349,1,False,0.9333,False,none,1,0,0
1,57,0.378,Director,825.09,0.0429,6,False,0.9914,False,none,4,0,0
3,28,0.3361,Director,692.25,0.0436,4,True,0.868,False,none,10,0,0
1,44,0.2627,Employee,119.56,0.0439,2,True,0.9,False,none,13,0,0
0,-1,0.153,Employee,89.57,0.0211,6,False,0.0,False,none,1,0,0
2,57,0.1575,Employee,98.01,0.0395,11,False,0.8564,False,none,13,0,0
2,15,0.3945,Director,756.71,0.0258,4,False,0.9343,True,low,37,1,0
2,5,0.5868,Employee,302.57,0.0975,8,False,0.9373,False,none,10,0,0
1,78,0.7288,Employee,274.82,0.0977,336,False,0.7809,True,medium,33,4,1
1,33,0.1659,Employee,70.67,0.0277,4,False,0.9182,False,none,9,0,0
2,27,0.2789,Manager,204.72,0.0204,1,False,0.9243,False,none,14,0,0
1,31,0.3268,Employee,174.76,0.0554,1,False,0.8828,False,none,15,0,0
3,3,0.2733,Employee,133.36,0.0383,2,False,0.899,False,none,3,0,0
5,29,0.0998,Employee,55.9,0.0202,0,False,0.9096,False,none,14,0,0
3,60,0.1435,Manager,122.4,0.0154,12,False,0.9031,True,low,16,1,0
0,-1,0.1511,Contractor,22.09,0.0198,0,False,0.0,False,none,6,0,0
2,17,0.2007,Employee,100.87,0.035,1,True,0.8789,False,none,15,0,0
2,7,0.2374,Director,732.68,0.0297,2,False,0.9611,False,none,5,0,0
3,13,7.9974,Employee,4288.79,1.6861,13,False,0.6659,True,high,322,6,1
2,26,0.1719,Director,584.8,0.0398,4,False,0.9268,False,none,12,0,0
1,57,0.0,Manager,165.2,0.0281,3,False,0.9407,False,none,3,0,0
0,-1,0.4109,Manager,430.19,0.0605,1,False,0.0,False,none,0,0,0
2,5,0.5552,Executive,2745.22,0.058,4,False,0.9262,False,none,4,0,0
2,11,0.6305,Director,1389.68,0.0591,2,False,0.9148,False,none,12,0,0
4,2,1.9018,Director,4765.56,0.1852,1,True,0.6256,True,medium,71,6,1
2,48,0.3341,Director,856.76,0.0417,7,False,0.9993,True,low,24,1,0
2,67,0.9342,Director,1970.58,0.1011,221,False,0.5859,True,medium,62,5,1
0,-1,0.1018,Manager,123.98,0.0142,17,False,0.0,False,none,7,0,0
0,-1,0.2841,Employee,145.47,0.0489,3,False,0.0,False,none,3,0,0
1,45,0.1232,Employee,55.33,0.0242,7,False,0.9256,False,none,2,0,0
0,-1,0.3573,Employee,207.35,0.067,6,False,0.0,False,none,15,0,0
1,1,0.0,Employee,335.18705322897557,0.1103,5,False,0.9208,False,none,8,0,0
1,27,0.0926,Contractor,19.81,0.017,0,True,0.9221,False,none,7,0,0
2,37,0.0507,Manager,61.5,0.0084,2,False,0.8835,True,low,45,1,0
1,34,0.8554,Executive,3965.9136298405865,0.0855,6,False,0.8645,False,none,10,0,0
2,50,0.4253,Manager,497.27,0.0597,12,False,0.8762,False,none,13,0,0
1,22,4.234,Manager,3617.38,0.4331,20,True,0.2323,True,high,171,7,1
1,10,0.5426,Contractor,117.64996237748512,0.1587,0,False,0.9342,False,none,14,0,0
2,19,8.1796,Executive,34328.25,0.5947,19,False,0.4519,True,high,147,6,1
0,-1,0.1091,Employee,53.8,0.0192,1,False,0.0,False,none,4,0,0
1,13,0.3695,Employee,182.24,0.0685,1,False,0.9417,False,none,2,0,0
2,50,0.2456,Employee,102.1,0.0356,9,True,0.9212,False,none,8,0,0
2,16,0.634,Executive,2510.447666527769,0.0451,0,False,0.9213,False,none,2,0,0
5,46,0.3916,Employee,216.46,0.0758,2,False,0.9244,False,none,8,0,0
1,52,0.7435,Employee,352.75,0.146,3,False,0.927,False,none,9,0,0
2,25,0.5665,Employee,262.23,0.1011,3,True,0.8556,False,none,0,0,0
1,31,0.1863,Director,503.29,0.0296,3,True,0.9718,False,none,2,0,0
4,27,0.1754,Manager,193.32,0.0238,2,True,0.8812,False,none,7,0,0
2,32,0.0913,Employee,54.12,0.0163,7,False,0.8883,False,none,0,0,0
3,50,0.359,Employee,130.7,0.0328,4,False,0.978,False,none,0,0,0
6,44,0.6416,Director,1722.84,0.0812,11,True,0.862,False,none,5,0,0
2,5,0.2743,Manager,326.44,0.0384,8,False,0.9831,False,none,11,0,0
2,1,0.089,Employee,41.74,0.0162,0,False,0.9528,False,none,0,0,0
2,14,0.6121,Employee,289.18,0.1062,3,False,0.9285,False,none,9,0,0
7,2,0.0,Employee,882.31,0.3553,1,True,0.7514,True,medium,99,4,1
0,-1,0.4531,Employee,206.42,0.0603,6,False,0.0,False,none,14,0,0
0,-1,0.9175,Contractor,230.90305883681725,0.2238,5,False,0.0,False,none,14,0,0
5,25,0.2014,Employee,111.87,0.0317,5,False,0.9335,False,none,13,0,0
2,105,1.1468,Employee,465.96,0.1562,481,False,0.6765,True,medium,36,5,1
2,30,0.4894,Manager,671.7,0.0792,15,False,0.9637,True,low,16,1,0
1,29,0.1608,Contractor,31.1,0.0399,1,True,0.889,False,none,12,0,0
20,0,0.1472,Employee,101.69,0.0289,4,True,0.6066,False,none,9,3,1
1,18,0.3318,Director,923.74,0.0683,11,False,0.999,False,none,14,0,0
1,25,0.6322,Employee,334.56,0.1128,0,False,0.9672,False,none,4,0,0
2,56,0.6773,Contractor,123.14,0.1808,1,True,0.929,False,none,11,0,0
8,8,1.3793,Manager,1372.27,0.138,1,True,0.7987,True,high,101,6,1
5,14,0.1853,Manager,226.46,0.0368,3,False,0.9202,False,none,10,0,0
2,20,0.1864,Employee,85.84,0.0265,33,False,0.9002,False,none,8,0,0
2,38,0.2275,Employee,89.77,0.0415,4,False,0.917,False,none,7,0,0
5,33,0.1499,Employee,75.42,0.0282,1,False,0.9407,False,none,0,0,0
2,20,0.5433,Employee,212.96888921242575,0.0675,2,False,0.8683,False,none,1,0,0
1,19,0.6548,Director,1508.1364658689627,0.09,6,False,0.8891,False,none,14,0,0
2,1,1.198,Employee,502.76,0.1152,1,True,0.501,True,medium,171,6,1
2,40,0.4704,Contractor,112.44,0.115,3,False,0.8686,False,none,7,0,0
2,27,0.3766,Employee,192.4,0.0462,5,False,0.9285,False,none,0,0,0
2,47,0.1397,Manager,146.78,0.0184,0,True,0.9205,False,none,6,0,0
2,29,0.2542,Manager,243.2,0.0365,8,False,0.9756,False,none,15,0,0
2,49,0.3376,Employee,159.63,0.0432,7,False,0.9974,True,low,35,1,0
0,-1,0.2102,Employee,128.29,0.0539,0,True,0.0,False,none,7,0,0
2,13,0.5057,Employee,183.94071211867058,0.0755,11,False,0.8714,False,none,13,0,0
7,37,0.5086,Manager,456.35,0.0416,0,True,0.923,False,none,12,0,0
3,42,0.0707,Executive,390.05,0.0108,0,True,0.9005,False,none,14,0,0
3,12,0.4095,Contractor,91.94,0.0748,0,False,0.9796,False,none,5,0,0
2,23,0.3599,Director,1329.91,0.0614,0,False,0.8869,True,low,50,1,0
0,-1,0.4738,Employee,241.01,0.0919,12,True,0.0,False,none,6,0,0
1,18,0.508,Manager,485.04847608559226,0.057,1,True,0.9839,False,none,14,0,0
0,-1,0.7327,Manager,519.992657989663,0.08,4,False,0.0,False,none,5,0,0
3,13,0.0595,Director,218.07,0.0099,4,False,0.9706,False,none,13,0,0
3,17,0.2769,Manager,247.83,0.0,0,False,0.9695,False,none,2,0,0
2,54,0.2678,Director,766.52,0.0335,0,False,0.9871,True,low,36,1,0
1,57,0.2326,Contractor,60.08,0.0617,7,False,0.9987,False,none,13,0,0
3,58,0.7032,Employee,387.43992701225716,0.132,0,False,0.9846,False,none,4,0,0
3,27,0.6542,Director,2156.1778558613696,0.1239,2,True,0.9182,False,none,1,0,0
5,29,7.7902,Manager,4375.01,0.5252,8,False,0.5398,True,high,154,5,1
2,53,0.0928,Director,274.2,0.0115,1,False,0.9145,False,none,13,0,0
2,49,0.474,Manager,476.31,0.0684,0,False,0.8872,False,none,14,0,0
2,30,0.392,Director,691.1,0.0253,1,False,0.9509,False,none,10,0,0
0,-1,0.7019,Manager,899.04,0.1632,357,False,0.7307,True,medium,74,5,1
2,2,1.8868,Contractor,331.61,0.49,1,True,0.7085,True,high,162,3,1
0,-1,0.0,Employee,150.17,0.045,1,False,0.0,False,none,8,0,0
2,44,0.1145,Director,485.51,0.0,10,False,0.8525,False,none,6,0,0
4,1,0.9081,Employee,542.3,0.201,1,True,0.6738,True,medium,111,2,1
3,40,0.5989,Manager,517.24,0.0655,3,False,0.8739,True,low,31,1,0
1,25,0.2062,Manager,240.98,0.0264,2,False,0.9728,False,none,15,0,0
2,54,0.8242,Manager,633.72,0.0902,4,False,0.9976,False,none,9,0,0
0,-1,0.5666,Contractor,132.57,0.1144,3,False,0.0,False,none,14,0,0
0,-1,0.277,Employee,164.67,0.0568,8,False,0.0,False,none,5,0,0
3,44,0.6092,Director,1581.2745970986173,0.0596,1,False,0.9781,False,none,11,0,0
4,51,0.1942,Employee,94.75,0.0273,0,False,0.9453,False,none,9,0,0
0,-1,0.1636,Employee,95.97,0.0322,5,False,0.0,False,none,5,0,0
1,29,0.5248,Director,1957.39,0.0893,12,True,0.9734,False,none,1,0,0
1,3,0.9323,Contractor,152.62,0.179,1,False,0.8878,False,none,1,0,0
2,17,0.2868,Executive,1863.42,0.048,3,False,0.9879,False,none,6,0,0
2,50,0.3932,Contractor,52.95,0.0442,4,False,0.8903,False,none,3,0,0
1,8,0.2726,Contractor,65.94,0.0556,0,True,0.8601,False,none,12,0,0
1,40,0.1311,Employee,86.7,0.0233,0,False,0.9708,False,none,13,0,0
5,8,1.4557,Manager,1250.06,0.1518,0,True,0.7964,True,high,106,6,1
1,2,0.1926,Employee,65.92,0.026,5,True,0.9316,False,none,6,0,0
3,15,3.8386,Contractor,668.42,0.6075,6,True,0.6196,True,high,175,6,1
0,-1,0.554,Manager,656.51,0.0922,199,False,0.5073,True,medium,48,4,1
1,55,0.2553,Manager,214.33,0.0342,4,False,0.9987,False,none,8,0,0
2,42,0.0,Contractor,60.6,0.0598,0,False,0.8855,False,none,5,0,0
1,26,8.5474,Employee,4566.86,1.5508,13,False,0.5103,True,high,284,7,1
1,77,0.8271,Employee,456.05,0.1467,418,False,0.7221,True,medium,88,4,1
1,26,0.0,Employee,42.08,0.0179,6,False,0.9443,False,none,8,0,0
4,38,0.5114,Director,1594.2206965125556,0.0814,0,False,0.9641,False,none,6,0,0
2,21,0.9692,Director,3142.589181711657,0.1146,4,False,0.8743,False,none,9,0,0
4,53,0.1653,Employee,84.86,0.0398,2,True,0.9317,False,none,1,0,0
1,88,0.7839,Employee,453.63,0.1344,357,True,0.7437,True,medium,67,5,1
0,-1,0.0784,Contractor,18.07,0.0238,6,True,0.0,False,none,4,0,0
3,11,0.2827,Manager,297.64,0.0289,4,False,0.8635,False,none,12,0,0
2,51,0.0786,Manager,87.11,0.0121,0,False,0.9919,False,none,0,0,0
2,11,0.2245,Manager,230.28,0.0294,12,False,0.9658,False,none,7,0,0
3,2,1.3052,Executive,5410.6,0.1093,0,True,0.4534,True,medium,182,5,1
7,7,1.1745,Employee,517.33,0.1741,0,True,0.7651,True,medium,135,2,1
2,1,0.0853,Employee,46.96,0.0194,6,True,0.9178,False,none,13,0,0
2,19,0.6204,Employee,243.17,0.0872,0,False,0.9209,False,none,9,0,0
2,22,0.6407,Employee,233.35,0.0692,0,False,0.8759,False,none,15,0,0
1,25,0.4074,Director,1152.62,0.0522,2,False,0.944,False,none,5,0,0
2,17,0.4683,Manager,545.5,0.057,6,True,0.9515,False,none,1,0,0
1,7,0.5487,Manager,543.21,0.0518,1,False,0.9431,False,none,7,0,0
5,23,5.0259,Contractor,1200.24,1.0084,7,True,0.3807,True,high,255,8,1
1,50,0.6266,Employee,245.79757886196052,0.0716,3,False,0.9258,False,none,0,0,0
6,47,0.1923,Employee,74.75,0.0359,9,True,0.9113,False,none,6,0,0
35,2,0.0111,Director,40.17,0.0023,1,True,0.7702,False,none,7,2,1
0,-1,0.7743,Employee,352.8610295804578,0.1034,7,False,0.0,False,none,7,0,0
0,-1,0.0924,Employee,40.35,0.0121,1,False,0.0,False,none,15,0,0
1,39,0.6658,Employee,310.0975560557117,0.21,3,True,0.946,False,none,9,0,0
0,-1,0.3611,Contractor,36.19,0.0401,0,False,0.0,False,none,5,0,0
2,10,0.1955,Employee,74.94,0.0203,6,False,0.9066,False,none,7,0,0
7,7,1.8168,Director,5046.44,0.3716,0,True,0.5064,True,high,163,2,1
3,46,0.5312,Manager,353.49,0.0437,0,False,0.8773,False,none,12,0,0
3,31,0.315,Employee,167.28,0.0455,7,False,0.9056,False,none,4,0,0
1,54,0.6396,Employee,276.55,0.1856,0,False,0.8991,False,none,14,0,0
5,20,0.3407,Employee,182.86,0.0582,6,False,0.9302,False,none,7,0,0
5,19,0.0,Employee,3973.81,1.2206,10,True,0.6601,True,high,132,5,1
1,1,0.5628,Executive,2296.0,0.0362,6,False,0.9495,False,none,9,0,0
40,1,0.0689,Employee,23.82,0.0099,5,False,0.7967,False,none,20,1,1
35,0,0.1258,Manager,125.96,0.0157,4,False,0.6706,False,none,16,2,1
5,30,0.5545,Employee,289.9613769563682,0.0,7,True,0.9212,False,none,15,0,0
0,-1,0.3071,Director,782.09,0.0695,11,False,0.0,False,none,3,0,0
3,59,0.2567,Employee,74.53,0.031,7,False,0.9289,True,low,44,1,0
0,-1,0.2531,Employee,124.44,0.041,3,False,0.0,False,none,12,0,0
2,27,0.0,Manager,317.4039103296434,0.0442,1,True,0.8878,False,none,10,0,0
4,57,0.6309,Executive,1828.0105194612706,0.0288,0,False,0.9077,False,none,1,0,0
2,8,0.1577,Employee,69.79,0.0205,2,False,0.9795,False,none,0,0,0
3,35,0.1606,Contractor,29.62,0.0272,5,False,0.9958,False,none,5,0,0
1,13,0.2003,Manager,189.26,0.0245,2,True,0.8515,False,none,2,0,0
3,46,0.5559,Employee,257.85,0.0745,0,False,0.9385,False,none,5,0,0
33,2,0.0338,Employee,18.33,0.0047,0,False,0.8037,False,none,14,1,1
0,-1,0.8269,Manager,599.8209157816948,0.0662,2,False,0.0,False,none,13,0,0
0,-1,0.3205,Employee,112.61,0.0346,2,False,0.0,False,none,15,0,0
2,10,0.3154,Employee,180.44,0.0575,5,False,0.9657,False,none,11,0,0
3,33,0.0684,Employee,35.29,0.018,5,False,0.9474,False,none,3,0,0
0,-1,0.2188,Contractor,34.25,0.0307,3,False,0.0,False,none,0,0,0
2,43,0.3256,Employee,180.31,0.082,0,False,0.9637,False,none,9,0,0
20,1,0.2393,Employee,93.41,0.0271,4,False,0.8192,False,none,8,1,1
3,40,0.4969,Employee,141.16,0.0395,8,False,0.9938,False,none,8,0,0
2,3,0.0695,Employee,38.38,0.01,4,False,0.9763,False,none,5,0,0
4,2,0.5896,Manager,430.61,0.0517,3,False,0.997,False,none,0,0,0
3,6,0.1761,Employee,88.77,0.0267,1,False,0.9355,False,none,10,0,0
0,-1,0.6816,Manager,750.0110293052226,0.075,2,False,0.0,False,none,11,0,0
5,53,0.0,Employee,137.77,0.0658,9,True,0.94,False,none,3,0,0
3,25,4.7005,Employee,3013.22,0.9167,6,True,0.2677,True,high,129,5,1
0,-1,0.5405,Contractor,100.14,0.0762,7,False,0.0,False,none,1,0,0
5,54,0.0603,Employee,36.03,0.0137,5,False,0.8931,False,none,12,0,0
4,29,0.5796,Director,1764.07,0.0911,2,False,0.8698,True,low,49,1,0
4,5,1.2852,Manager,1310.74,0.1391,1,True,0.523,True,medium,53,6,1
1,1,0.3633,Director,1151.24,0.0489,0,False,0.8974,False,none,11,0,0
1,42,0.3119,Employee,131.37,0.0465,3,False,0.9626,False,none,12,0,0
1,27,0.2722,Employee,137.64,0.0456,5,False,0.9336,False,none,11,0,0
9,3,1.7671,Executive,8224.94,0.147,1,True,0.524,True,high,107,2,1
1,114,0.6074,Contractor,145.46,0.1483,307,True,0.5857,True,medium,47,4,1
0,-1,0.0985,Manager,133.01,0.0164,1,False,0.0,False,none,9,0,0
2,3,0.0141,Employee,9.16,0.0044,4,False,0.9141,False,none,2,0,0
3,55,0.1975,Employee,97.59,0.0344,2,False,0.9812,False,none,8,0,0
4,60,0.5738,Employee,367.91,0.1124,5,False,0.9472,False,none,14,0,0
1,7,0.1999,Director,611.44,0.0273,3,False,0.9571,False,none,14,0,0
1,1,0.259,Director,885.2,0.063,0,False,0.9799,False,none,14,0,0
1,76,0.7875,Employee,286.03,0.1465,489,True,0.7908,True,medium,91,4,1
2,6,0.2487,Director,619.36,0.0385,5,False,0.9086,False,none,15,0,0
3,35,0.4629,Employee,213.75,0.0877,14,True,0.8939,False,none,10,0,0
1,41,0.2811,Contractor,54.18,0.0586,0,False,0.9682,False,none,2,0,0
5,1,2.71,Employee,940.45,0.2529,0,True,0.7627,True,high,144,4,1
1,56,0.1528,Executive,907.42,0.02,2,False,0.976,False,none,2,0,0
1,34,0.2912,Employee,127.63,0.0421,0,False,0.9542,False,none,9,0,0
2,105,0.9717,Manager,1014.69,0.1015,268,True,0.5529,True,medium,96,4,1
2,2,1.3506,Manager,1503.0,0.1358,1,True,0.7975,True,high,103,4,1
0,-1,0.2062,Director,696.65,0.0512,3,False,0.0,False,none,1,0,0
5,34,0.4258,Contractor,89.52,0.1477,7,True,0.9615,False,none,15,0,0
2,1,0.1157,Director,316.89,0.0141,9,False,0.8772,False,none,12,0,0
2,26,0.5406,Employee,194.51147782355972,0.0703,0,False,0.9457,False,none,15,0,0
23,2,0.1941,Employee,99.58,0.0481,5,True,0.7053,False,none,15,1,1
23,2,0.2947,Employee,114.22,0.0304,5,False,0.7091,False,none,1,2,1
2,42,0.0666,Manager,73.05,0.0121,3,False,0.9206,False,none,10,0,0
0,-1,0.525,Director,1071.963261861889,0.0557,0,False,0.0,True,low,17,1,0
1,39,0.0,Manager,266.34,0.029,9,False,0.8703,False,none,6,0,0
0,-1,0.0,Employee,33.57,0.0115,4,False,0.0,False,none,7,0,0
2,36,0.1614,Employee,98.63,0.0308,7,False,0.8595,False,none,6,0,0
2,3,0.7237,Manager,574.45,0.0838,0,False,0.8566,False,none,6,0,0
1,48,0.1438,Director,426.53,0.0,2,False,0.9954,False,none,9,0,0
29,1,0.0217,Employee,12.17,0.0034,3,False,0.7175,False,none,16,2,1
4,35,0.3822,Manager,313.32,0.0382,1,False,0.99,False,none,4,0,0
2,26,0.3829,Employee,159.06,0.0461,16,True,0.8859,False,none,1,0,0
2,16,0.1666,Director,586.7,0.0314,0,False,0.9073,False,none,2,0,0
3,36,0.5135,Executive,2574.45,0.0613,2,True,0.9097,False,none,5,0,0
2,46,0.6483,Manager,517.9481634877267,0.0493,5,False,0.9657,False,none,9,0,0
2,14,2.6677,Employee,1243.73,0.3277,6,True,0.2136,True,high,133,4,1
1,43,0.5886,Director,1763.969649137981,0.082,4,True,0.8854,False,none,15,0,0
2,21,0.4871,Manager,486.29,0.0671,3,True,0.996,False,none,13,0,0
1,32,0.5557,Employee,350.48,0.1221,8,False,0.97,False,none,14,0,0
1,36,0.2593,Director,789.07,0.0369,3,False,0.8784,True,low,13,1,0
1,13,0.0618,Director,129.83,0.0065,6,False,0.9865,False,none,15,0,0
1,13,1.0028,Employee,449.43050429705886,0.1862,11,False,0.9144,False,none,15,0,0
2,20,0.2103,Director,454.89,0.0234,3,False,0.8791,True,low,37,1,0
0,-1,0.7915,Employee,483.49026298585363,0.1898,1,False,0.0,False,none,2,0,0
3,39,0.3574,Director,1083.56,0.0457,4,False,0.9992,False,none,0,0,0
2,57,0.9683,Director,3668.527330733915,0.1841,5,True,0.9579,False,none,2,0,0
4,52,0.3525,Employee,163.07,0.0793,3,False,0.9055,True,low,46,1,0
2,18,0.1514,Manager,163.03,0.0247,0,True,0.9122,False,none,6,0,0
1,22,0.2778,Executive,1369.2,0.0215,15,False,0.9329,False,none,7,0,0
3,40,0.351,Employee,134.72,0.0493,9,False,0.862,False,none,0,0,0
2,31,0.0384,Manager,45.48,0.0093,8,False,0.9042,False,none,5,0,0
3,13,0.1155,Director,404.31,0.0206,0,False,0.8521,False,none,2,0,0
1,30,0.2898,Manager,349.74,0.0398,2,False,0.8928,False,none,5,0,0
2,25,0.2923,Contractor,69.44,0.0961,4,True,0.9804,False,none,12,0,0
1,43,0.0476,Manager,41.18,0.0045,25,True,0.8501,False,none,11,0,0
3,8,0.0506,Manager,56.97,0.0061,11,True,0.9619,False,none,11,0,0
0,-1,0.5786,Employee,221.36723265261043,0.0561,1,False,0.0,False,none,0,0,0
0,-1,0.2199,Director,716.1,0.0543,0,False,0.0,False,none,1,0,0
2,21,0.4519,Employee,205.22,0.0784,15,False,0.964,False,none,13,0,0
4,5,0.2747,Director,845.75,0.0378,2,False,0.8942,False,none,6,0,0
7,8,0.402,Employee,201.88,0.069,1,True,0.8565,False,none,13,0,0
1,16,0.0,Manager,452.71796118779497,0.0481,1,False,0.959,False,none,5,0,0
2,29,0.3526,Employee,193.14,0.0592,2,False,0.8923,True,low,38,1,0
0,-1,0.0708,Manager,92.14,0.0149,3,False,0.0,False,none,14,0,0
3,5,0.1029,Manager,96.22,0.0126,5,True,0.96,False,none,9,0,0
2,7,0.2063,Contractor,39.53,0.0347,9,False,0.8669,False,none,0,0,0
29,0,0.2567,Employee,107.81,0.0387,5,True,0.852,False,none,18,2,1
2,27,0.4757,Contractor,100.97,0.1242,12,False,0.8934,True,low,14,1,0
3,21,3.0628,Contractor,822.14,0.9483,5,True,0.2441,True,high,233,8,1
1,29,0.0,Employee,383.98,0.1008,3,False,0.995,False,none,3,0,0
0,-1,0.1962,Employee,114.33,0.0299,0,False,0.0,False,none,4,0,0
1,35,0.2318,Employee,115.08,0.0458,7,True,0.9082,False,none,3,0,0
23,0,0.1222,Manager,115.2,0.0121,4,True,0.6336,False,none,3,2,1
1,56,0.3058,Employee,171.97,0.0571,3,False,0.9248,False,none,3,0,0
1,1,0.4112,Contractor,82.44,0.0841,5,False,0.9158,True,low,29,1,0
0,-1,0.2171,Manager,190.89,0.028,2,False,0.0,False,none,13,0,0
2,3,0.1008,Employee,63.38,0.0184,2,True,0.8649,False,none,7,0,0
2,54,0.2409,Director,863.35,0.0594,8,True,0.8903,False,none,3,0,0
2,51,0.3414,Manager,276.77,0.0356,3,False,0.9381,False,none,5,0,0
0,-1,0.6845,Employee,234.45533023244343,0.1007,7,False,0.0,False,none,4,0,0
1,10,0.1038,Employee,48.72,0.0187,0,False,0.9108,False,none,7,0,0
3,58,0.265,Manager,246.67,0.0355,0,True,0.8918,True,low,31,1,0
3,5,1.9528,Manager,2036.97,0.1863,0,True,0.4077,True,high,170,5,1
2,1,0.3486,Employee,191.28,0.0656,7,False,0.924,False,none,8,0,0
2,45,0.1952,Employee,103.81,0.0455,9,False,0.9792,False,none,3,0,0
2,51,0.168,Employee,66.2,0.0232,1,True,0.9148,False,none,5,0,0
2,67,1.4355,Employee,561.8,0.2199,251,False,0.6933,True,medium,37,5,1
1,8,0.3632,Employee,211.19,0.076,4,False,0.9966,True,low,27,1,0
7,8,0.0,Employee,877.03,0.3068,0,True,0.703,True,medium,156,6,1
2,23,0.1091,Director,371.92,0.0171,0,False,0.8566,False,none,15,0,0
2,42,0.1172,Manager,129.97,0.0,5,False,0.8555,True,low,48,1,0
0,-1,0.7963,Employee,412.11,0.1854,482,True,0.6054,True,medium,85,4,1
2,5,0.1494,Employee,81.16,0.0246,0,False,0.9766,False,none,12,0,0
29,1,0.1415,Contractor,22.91,0.0233,0,False,0.7514,False,none,9,3,1
2,16,0.0588,Employee,29.18,0.0081,3,False,0.8701,False,none,8,0,0
2,29,0.7026,Executive,2562.53,0.0546,0,True,0.8999,False,none,1,0,0
2,7,0.3911,Director,1296.97,0.0728,1,False,0.8999,False,none,4,0,0
4,26,0.91,Manager,700.6,0.097,3,True,0.8554,False,none,6,0,0
3,31,0.7346,Employee,300.43,0.0908,10,False,0.9927,False,none,10,0,0
3,32,0.9945,Director,2212.19,0.1343,3,False,0.8927,False,none,0,0,0
3,2,0.2133,Employee,99.05,0.0377,6,False,0.8811,False,none,3,0,0
3,13,8.8531,Manager,9257.61,0.0,17,True,0.4986,True,high,106,7,1
2,8,0.1228,Employee,70.88,0.0244,3,False,0.983,False,none,15,0,0
0,-1,0.0456,Employee,23.08,0.0158,8,False,0.0,False,none,12,0,0
0,-1,0.1548,Employee,97.97,0.0332,12,False,0.0,False,none,14,0,0
20,2,0.1067,Employee,63.42,0.023,5,False,0.757,False,none,13,2,1
0,-1,0.1953,Employee,102.91,0.0341,16,False,0.0,False,none,12,0,0
2,43,0.2444,Director,776.25,0.0336,4,False,0.9377,False,none,2,0,0
3,51,0.3074,Employee,139.53,0.0413,1,False,0.9458,False,none,7,0,0
2,3,0.3589,Manager,380.23,0.0425,14,False,0.9431,False,none,14,0,0
3,14,0.1679,Manager,123.91,0.0294,0,False,0.8657,False,none,5,0,0
0,-1,0.3163,Contractor,46.8,0.0489,15,False,0.0,False,none,10,0,0
1,5,0.2455,Employee,97.29,0.0332,0,False,0.9684,False,none,13,0,0
0,-1,0.2501,Manager,325.81,0.0387,0,True,0.0,False,none,13,0,0
6,20,0.5025,Employee,263.01,0.106,2,False,0.8694,False,none,4,0,0
2,3,0.5049,Employee,171.54,0.0505,3,False,0.9442,False,none,10,0,0
4,22,8.0988,Employee,3269.55,1.1266,5,True,0.6995,True,high,255,5,1
3,15,0.8238,Executive,3272.51,0.074,0,False,0.8775,False,none,2,0,0
3,52,0.0,Director,495.3079973552677,0.0,6,False,0.9986,False,none,15,0,0
0,-1,0.259,Director,803.09,0.0328,0,False,0.0,False,none,7,0,0
0,-1,0.1973,Employee,138.89,0.041,4,False,0.0,False,none,8,0,0
5,34,0.6687,Manager,508.24,0.0584,8,False,0.8662,False,none,9,0,0
2,11,6.4477,Employee,1761.8,0.5508,11,False,0.613,True,high,266,3,1
4,22,0.0796,Contractor,18.6,0.0139,1,False,0.8501,False,none,10,0,0
4,4,0.1478,Director,550.27,0.0243,12,False,0.9478,False,none,6,0,0
3,23,0.1302,Contractor,26.73,0.0298,0,True,0.9647,False,none,7,0,0
2,116,0.5753,Employee,351.49,0.1033,260,False,0.6958,True,medium,68,5,1
2,48,0.3283,Contractor,64.24,0.0576,1,False,0.9243,False,none,2,0,0
1,6,0.0,Director,320.10196231767276,0.0151,7,False,0.9393,False,none,1,0,0
3,29,9.2869,Manager,12272.56,1.8553,18,True,0.4231,True,high,260,4,1
5,9,0.4544,Employee,305.65,0.1061,5,False,0.8837,False,none,3,0,0
0,-1,0.7558,Employee,345.31,0.1694,1,False,0.0,False,none,5,0,0
1,12,0.1939,Employee,101.84,0.0242,3,False,0.9355,False,none,11,0,0
3,1,0.1776,Employee,112.32,0.0495,2,False,0.8852,False,none,7,0,0
3,41,0.3986,Employee,179.16,0.0485,2,True,0.9909,True,low,47,1,0
6,23,0.1784,Contractor,46.25,0.041,0,False,0.9256,False,none,0,0,0
1,18,8.7612,Employee,5472.74,2.4239,12,False,0.6524,True,high,321,4,1
1,15,0.6663,Employee,329.71,0.0801,0,False,0.8907,False,none,7,0,0
3,18,6.6184,Director,19044.07,0.9706,10,False,0.2303,True,high,329,7,1
2,28,0.1426,Employee,91.52,0.0244,8,False,0.9273,False,none,1,0,0
3,43,0.1259,Employee,71.61,0.0249,0,True,0.8761,False,none,14,0,0
25,1,0.0703,Employee,27.16,0.0084,3,True,0.8222,False,none,12,1,1
1,5,0.1895,Director,553.52,0.0326,4,False,0.8938,False,none,2,0,0
4,8,0.1722,Director,389.84,0.0155,24,False,0.9136,False,none,12,0,0
4,57,0.648,Employee,282.67,0.0844,3,True,0.9884,False,none,4,0,0
2,32,0.5693,Employee,309.78312304811584,0.1169,15,False,0.9107,False,none,13,0,0
1,41,0.2487,Executive,825.64,0.0165,2,False,0.8902,False,none,4,0,0
2,10,0.6735,Employee,416.8255188572585,0.1798,6,True,0.9396,False,none,6,0,0
2,9,0.1049,Contractor,26.09,0.0237,12,False,0.9993,False,none,3,0,0
1,5,0.0776,Employee,42.31,0.0113,3,False,0.9336,False,none,14,0,0
8,8,0.0,Manager,1998.32,0.3655,1,True,0.7901,True,medium,103,2,1
2,22,6.6515,Director,24672.22,1.3419,14,True,0.3744,True,high,318,3,1
3,12,0.156,Employee,92.49,0.0322,0,True,0.9723,False,none,10,0,0
3,19,0.1831,Manager,159.16,0.017,0,False,0.9369,False,none,14,0,0
1,35,0.42,Employee,229.29,0.0734,1,True,0.9487,False,none,5,0,0
1,84,1.4267,Director,3894.75,0.1926,278,False,0.7624,True,medium,85,3,1
2,20,0.1706,Employee,58.62,0.0189,0,False,0.9579,False,none,3,0,0
8,4,1.1262,Employee,662.18,0.2506,0,True,0.6535,True,high,120,2,1
1,29,8.1726,Executive,39384.68,0.8278,10,False,0.4234,True,high,264,4,1
0,-1,0.1783,Manager,231.39,0.0254,15,False,0.0,True,low,47,1,0
3,2,0.0974,Employee,69.09,0.021,0,True,0.8823,False,none,6,0,0
1,24,0.3649,Director,1425.98,0.0548,5,False,0.9833,False,none,11,0,0
0,-1,0.2578,Director,891.99,0.0561,7,False,0.0,True,low,50,1,0
3,55,0.435,Employee,203.98,0.0727,17,False,0.8546,False,none,8,0,0
0,-1,0.1435,Employee,88.03,0.034,5,False,0.0,False,none,6,0,0
3,7,0.154,Employee,61.91,0.0201,1,True,0.9603,False,none,11,0,0
4,37,0.3276,Employee,148.52,0.0476,3,False,0.8623,False,none,3,0,0
1,39,0.3076,Director,588.12,0.0208,12,False,0.9796,False,none,15,0,0
4,53,0.8343,Employee,365.7,0.0993,2,False,0.9053,False,none,6,0,0
2,5,0.2763,Contractor,47.06,0.0512,9,False,0.9131,False,none,2,0,0
2,40,0.3198,Executive,616.93,0.0136,9,False,0.9078,False,none,6,0,0
6,38,0.2787,Director,1003.22,0.0476,12,False,0.9121,False,none,10,0,0
2,51,0.5405,Manager,657.9,0.1018,0,False,0.9657,False,none,9,0,0
2,45,0.2978,Executive,1614.82,0.0368,0,False,0.973,False,none,9,0,0
1,22,0.8091,Employee,237.38,0.0607,10,False,0.8984,True,low,35,1,0
1,49,0.265,Employee,130.67,0.0384,3,False,0.9458,False,none,9,0,0
35,0,0.0152,Director,42.82,0.0027,5,False,0.6221,False,none,12,2,1
4,5,0.5742,Manager,599.26,0.0711,1,False,0.9973,False,none,12,0,0
0,-1,0.4048,Manager,540.59,0.0411,5,True,0.0,True,low,42,1,0
4,35,0.2664,Employee,106.32,0.0257,5,False,0.9743,False,none,6,0,0
0,-1,0.3888,Director,1469.32,0.0763,8,False,0.0,False,none,2,0,0
2,45,0.0805,Employee,45.01,0.0153,5,False,0.8959,False,none,14,0,0
6,2,0.474,Employee,239.09,0.0765,4,False,0.9584,False,none,8,0,0
2,8,1.4178,Contractor,386.78,0.3744,0,True,0.4009,True,high,141,6,1
6,44,0.1128,Manager,152.16,0.0239,5,False,0.8788,False,none,0,0,0
1,16,0.6798,Employee,251.98565231137718,0.0622,1,False,0.955,False,none,11,0,0
2,49,0.6995,Employee,374.89,0.1231,1,False,0.9539,False,none,14,0,0
2,28,3.4087,Director,9518.04,0.3891,13,True,0.4481,True,high,128,6,1
1,29,4.3787,Director,11693.92,0.4729,17,False,0.664,True,high,338,4,1
1,46,0.4089,Director,1375.67,0.0996,7,False,0.9345,False,none,1,0,0
18,1,0.3384,Contractor,73.67,0.0661,3,False,0.7106,False,none,20,2,1
2,13,0.1275,Employee,63.93,0.0214,1,False,0.9082,False,none,9,0,0
2,17,0.4749,Director,666.64,0.0384,9,False,0.9494,False,none,6,0,0
1,47,0.5075,Executive,1525.4926711229964,0.0328,12,True,0.9421,False,none,8,0,0
0,-1,0.5838,Manager,503.7949994860177,0.0569,1,False,0.0,False,none,2,0,0
16,1,0.1718,Employee,91.62,0.0292,2,False,0.8716,False,none,16,3,1
1,20,0.5501,Manager,312.96227953593393,0.036,5,False,0.9389,False,none,5,0,0
0,-1,0.3243,Employee,148.92,0.0529,6,True,0.0,False,none,4,0,0
1,4,0.3824,Employee,169.26,0.0596,0,True,0.9495,False,none,2,0,0
5,42,0.5585,Employee,368.9429457909401,0.1611,2,False,0.8866,True,low,50,1,0
3,19,0.1515,Employee,80.05,0.0289,2,False,0.9044,False,none,11,0,0
4,2,0.3141,Employee,182.43,0.0709,0,True,0.8523,True,low,37,1,0
1,33,0.2187,Employee,95.19,0.03,5,False,0.9517,False,none,11,0,0
2,31,0.3442,Director,924.21,0.0497,2,False,0.8535,False,none,9,0,0
4,34,0.1541,Employee,63.63,0.0219,1,False,0.9905,False,none,13,0,0
1,45,0.2297,Employee,137.42,0.0476,9,False,0.9152,False,none,14,0,0
3,2,0.3335,Employee,146.45,0.0386,0,False,0.9918,False,none,9,0,0
4,3,0.6012,Contractor,85.43243058682697,0.097,3,True,0.8643,False,none,15,0,0
3,24,0.1956,Executive,855.26,0.0194,0,False,0.9898,False,none,4,0,0
4,58,0.5614,Employee,301.27986220718515,0.0988,5,True,0.9965,False,none,15,0,0
2,8,0.1285,Employee,70.97,0.0218,8,False,0.8668,False,none,10,0,0
1,9,0.2472,Manager,270.01,0.032,7,True,0.886,False,none,3,0,0
2,20,0.6,Employee,271.06674929365494,0.1017,0,False,0.8695,False,none,9,0,0
4,38,0.707,Employee,266.20730436267485,0.0784,4,False,0.9776,False,none,14,0,0
1,42,0.1179,Employee,61.89,0.0147,1,False,0.9541,True,low,41,1,0
2,53,0.021,Manager,26.04,0.0037,22,False,0.8891,False,none,8,0,0
1,4,0.129,Employee,57.06,0.0143,4,False,0.893,False,none,14,0,0
4,30,8.0487,Employee,4939.17,1.3376,12,False,0.6118,True,high,173,6,1
1,30,0.3405,Employee,216.75,0.0778,3,False,0.9844,False,none,3,0,0
1,21,0.7285,Director,1578.3224792238282,0.0729,13,True,0.9782,False,none,10,0,0
2,30,0.3335,Manager,307.93,0.0284,7,True,0.9455,False,none,1,0,0
5,22,0.2931,Employee,119.04,0.0591,4,True,0.9953,True,low,41,1,0
3,23,0.086,Manager,106.89,0.0185,0,True,0.9382,False,none,11,0,0
2,42,0.1678,Manager,188.93,0.0239,1,True,0.9873,False,none,3,0,0
1,42,0.0743,Employee,41.56,0.0126,4,False,0.9105,False,none,8,0,0
0,-1,0.0339,Employee,17.7,0.0071,5,True,0.0,True,low,14,1,0
2,11,5.3199,Employee,4232.91,2.3009,8,False,0.4568,True,high,112,6,1
0,-1,0.5185,Employee,181.7615801720415,0.0455,0,False,0.0,False,none,3,0,0
3,12,0.6073,Employee,349.40437008005546,0.1499,8,False,0.8589,False,none,11,0,0
2,93,0.4449,Director,1454.87,0.0763,309,False,0.7008,True,medium,57,3,1
3,52,0.1748,Employee,63.74,0.0233,8,False,0.855,False,none,12,0,0
1,16,0.3096,Manager,359.45,0.0435,12,True,0.9918,False,none,14,0,0
1,27,0.1121,Manager,133.36,0.0157,5,False,0.8541,False,none,2,0,0
6,32,0.2114,Manager,237.91,0.0382,11,False,0.974,False,none,1,0,0
3,60,0.3034,Employee,161.88,0.0489,2,False,0.9924,False,none,6,0,0
2,6,0.5152,Employee,297.12,0.0776,5,False,0.9229,False,none,15,0,0
2,34,0.3123,Employee,163.15,0.0487,2,True,0.8586,False,none,1,0,0
1,15,0.2096,Employee,116.84,0.0621,1,False,0.9046,False,none,14,0,0
0,-1,0.1632,Contractor,39.77,0.0453,4,False,0.0,False,none,8,0,0
2,55,0.4853,Manager,382.0,0.0398,0,False,0.8664,False,none,3,0,0
3,16,0.093,Manager,93.1,0.0116,1,False,0.8795,False,none,4,0,0
10,1,1.7233,Director,5096.43,0.1928,1,True,0.5894,True,high,62,2,1
1,78,0.7432,Manager,756.49,0.1768,222,True,0.7273,True,medium,55,4,1
1,57,0.4703,Director,1470.12,0.1248,5,True,0.8549,False,none,5,0,0
2,18,0.2667,Employee,155.89,0.0409,0,False,0.9657,False,none,0,0,0
5,38,0.1362,Manager,162.6,0.0239,1,False,0.8547,False,none,7,0,0
0,-1,0.3751,Employee,225.29,0.0728,2,True,0.0,False,none,10,0,0
5,12,8.4739,Employee,1502.36,0.7321,17,False,0.6721,True,high,133,4,1
1,36,0.6415,Manager,487.0342656205584,0.06,5,False,0.9165,False,none,12,0,0
1,113,0.6359,Employee,293.46,0.1146,446,True,0.6308,True,medium,93,2,1
1,47,0.3644,Employee,206.39,0.0587,4,True,0.972,False,none,12,0,0
1,27,0.6574,Employee,221.53,0.0948,3,False,0.9284,False,none,0,0,0
1,52,0.0812,Employee,38.93,0.0106,5,False,0.8715,True,low,22,1,0
3,10,0.0,Manager,105.47,0.0106,6,False,0.934,False,none,2,0,0
0,-1,0.2391,Manager,190.65,0.0243,6,True,0.0,False,none,7,0,0
3,40,0.2873,Manager,246.52,0.0363,0,False,0.8917,False,none,15,0,0
5,16,0.3147,Manager,377.86,0.0483,10,False,0.991,False,none,6,0,0
40,2,0.3415,Employee,126.06,0.0334,4,False,0.7892,False,none,13,3,1
4,2,0.0,Manager,300.42,0.0371,6,False,0.94,True,low,11,1,0
1,50,0.5856,Employee,330.01,0.0966,2,False,0.8953,False,none,11,0,0
1,46,0.4535,Employee,246.05,0.1156,6,True,0.9559,False,none,3,0,0
6,26,0.5432,Executive,3121.34,0.0543,8,False,0.9428,False,none,5,0,0
2,26,0.0965,Director,353.28,0.0116,12,False,0.9007,False,none,2,0,0
1,51,0.9583,Employee,402.12159877634195,0.108,10,True,0.8987,False,none,13,0,0
1,21,0.7614,Manager,925.36,0.1599,1,False,0.9766,False,none,9,0,0
1,59,0.2437,Employee,165.49,0.0426,0,False,0.9845,False,none,6,0,0
1,22,0.4866,Employee,201.44,0.0492,1,False,0.989,False,none,6,0,0
2,5,0.3315,Manager,279.04,0.0316,0,False,0.9955,False,none,13,0,0
3,39,0.8193,Employee,468.01719545453483,0.1495,2,False,0.9069,False,none,12,0,0
2,105,0.9125,Employee,382.71,0.1047,473,False,0.7059,True,medium,60,4,1
3,10,0.138,Contractor,34.57,0.0482,12,True,0.8945,False,none,13,0,0
4,10,0.2063,Employee,86.7,0.0267,2,True,0.8772,False,none,9,0,0
4,9,1.9669,Manager,1818.79,0.2314,0,True,0.6673,True,medium,115,3,1
3,60,0.5972,Employee,353.66444027356266,0.1137,11,False,0.9048,False,none,0,0,0
2,14,0.6641,Employee,299.25890509292486,0.1217,1,False,0.9604,False,none,10,0,0
2,5,0.1142,Manager,114.06,0.009,14,False,0.9545,False,none,2,0,0
2,29,0.0785,Employee,45.03,0.0207,3,False,0.9442,False,none,6,0,0
2,7,0.1872,Manager,215.93,0.0352,0,False,0.9227,False,none,4,0,0
4,42,0.8133,Employee,515.6345032222747,0.1443,0,False,0.9388,False,none,1,0,0
2,27,0.373,Employee,208.71,0.0723,0,False,0.9359,True,low,46,1,0
1,19,0.2614,Employee,156.77,0.0758,9,True,0.9395,False,none,10,0,0
3,28,0.3098,Employee,168.76,0.0753,0,False,0.8666,False,none,9,0,0
1,16,0.4001,Contractor,67.2,0.0647,4,False,0.884,False,none,7,0,0
4,39,0.1456,Contractor,29.65,0.0287,4,False,0.9629,False,none,2,0,0
3,1,0.4512,Employee,303.19,0.1281,4,False,0.9495,False,none,4,0,0
1,36,0.3513,Employee,201.88,0.0698,0,False,0.9145,True,low,16,1,0
2,48,0.2354,Director,743.36,0.052,12,False,0.9534,False,none,15,0,0
3,41,0.0406,Contractor,9.05,0.0094,0,False,0.9045,False,none,10,0,0
0,-1,0.4513,Contractor,99.83,0.0662,7,False,0.0,False,none,8,0,0
6,5,1.6279,Manager,1353.48,0.1977,1,True,0.576,True,medium,125,6,1
1,72,1.2601,Employee,400.75,0.138,389,True,0.5654,True,medium,71,4,1
1,40,0.3918,Manager,395.45,0.0696,7,False,0.9429,False,none,9,0,0
1,7,0.3755,Employee,231.89,0.0917,3,False,0.9807,False,none,13,0,0
3,10,0.208,Employee,106.35,0.0328,3,False,0.8713,False,none,8,0,0
2,7,0.1758,Manager,216.01,0.0223,8,False,0.8615,False,none,13,0,0
2,13,0.3237,Employee,157.81,0.0388,0,False,0.9408,False,none,13,0,0
2,17,0.5228,Employee,275.14,0.1021,0,False,0.9307,False,none,14,0,0
2,38,0.5668,Employee,271.4856996700388,0.069,0,False,0.8807,False,none,7,0,0
26,1,0.0203,Director,53.4,0.0041,0,False,0.7388,False,none,4,2,1
1,20,0.1721,Employee,87.69,0.0276,1,False,0.8534,False,none,15,0,0
4,59,0.0586,Employee,35.67,0.0,1,False,0.9193,False,none,7,0,0
6,2,1.584,Employee,941.11,0.3752,0,True,0.6331,True,high,75,4,1
0,-1,0.3156,Employee,135.16,0.0787,5,False,0.0,False,none,3,0,0
4,33,0.4774,Contractor,84.17,0.0755,3,True,0.8729,True,low,19,1,0
4,38,0.368,Contractor,79.32,0.0692,1,True,0.9532,False,none,2,0,0
0,-1,0.2157,Employee,103.52,0.0426,1,False,0.0,False,none,11,0,0
4,40,0.5024,Employee,255.56,0.0711,6,False,0.994,False,none,9,0,0
1,13,0.4496,Director,1405.2,0.0894,0,False,0.8816,False,none,9,0,0
3,46,0.2964,Director,1185.74,0.0412,5,True,0.8936,True,low,18,1,0
0,-1,0.5084,Employee,254.68,0.0705,14,False,0.0,False,none,8,0,0
0,-1,0.2967,Contractor,58.83,0.0696,1,False,0.0,False,none,3,0,0
2,19,0.2914,Manager,340.16,0.0509,0,False,0.9577,False,none,1,0,0
2,53,0.1242,Manager,102.91,0.0096,8,False,0.8728,False,none,5,0,0
2,12,0.0,Employee,6767.33,2.0892,17,False,0.6957,True,high,233,8,1
19,0,0.5312,Contractor,138.58,0.1039,4,True,0.7197,False,none,15,3,1
0,-1,0.3467,Manager,350.63,0.04,0,False,0.0,False,none,7,0,0
0,-1,0.5382,Employee,294.991162804619,0.0907,4,False,0.0,False,none,9,0,0
4,37,0.1389,Employee,77.72,0.0226,1,True,0.9552,False,none,5,0,0
3,31,0.624,Manager,516.3263901814247,0.0615,5,False,0.9451,False,none,0,0,0
1,50,0.0,Manager,435.5928935142952,0.0456,1,False,0.9219,False,none,7,0,0
2,6,0.1252,Employee,58.37,0.0162,0,False,0.8537,False,none,7,0,0
0,-1,0.676,Employee,249.09084168919725,0.1079,0,False,0.0,False,none,1,0,0
2,46,0.2929,Manager,295.59,0.0625,13,False,0.8757,False,none,11,0,0
3,41,0.0,Manager,335.97,0.0,3,False,0.9549,False,none,11,0,0
5,10,0.2444,Employee,159.72,0.0484,5,False,0.8506,False,none,14,0,0
8,6,1.3694,Employee,758.38,0.316,0,True,0.4536,True,high,185,6,1
5,18,0.1945,Contractor,41.24,0.0323,9,True,0.8659,False,none,4,0,0
0,-1,0.1875,Contractor,40.52,0.0445,9,False,0.0,False,none,14,0,0
1,4,0.233,Employee,126.72,0.061,1,False,0.9465,False,none,6,0,0
4,28,0.1099,Contractor,26.28,0.0277,0,False,0.9155,False,none,3,0,0
2,20,0.1326,Employee,58.44,0.0175,0,False,0.9047,False,none,5,0,0
2,5,0.1976,Director,398.91,0.0227,2,True,0.937,False,none,10,0,0
0,-1,0.6405,Contractor,110.46,0.1199,2,True,0.0,False,none,11,0,0
3,36,0.6574,Manager,655.22,0.0642,5,False,0.9861,False,none,13,0,0
2,32,0.2536,Manager,183.91,0.0226,4,False,0.9155,False,none,10,0,0
3,24,0.0,Employee,117.27,0.0414,2,True,0.9912,False,none,13,0,0
3,21,0.8526,Director,2938.9673371886506,0.1272,6,False,0.9424,False,none,13,0,0
0,-1,0.4387,Contractor,76.02,0.0659,1,False,0.0,False,none,1,0,0
1,54,0.2182,Employee,105.87,0.0707,0,False,0.851,False,none,5,0,0
1,22,0.9197,Contractor,199.45023700158688,0.3644,7,False,0.85,False,none,0,0,0
2,53,0.5194,Employee,324.59,0.1316,2,True,0.8836,False,none,9,0,0
3,32,0.5427,Director,1906.23,0.0903,10,False,0.9067,False,none,9,0,0
0,-1,0.2686,Employee,187.05,0.051,10,True,0.0,False,none,10,0,0
1,21,1.0417,Manager,1116.907566677104,0.1594,3,False,0.8835,False,none,10,0,0
1,40,0.0919,Manager,77.18,0.0088,3,True,0.9765,False,none,7,0,0
1,9,0.4386,Director,920.38,0.0392,3,False,0.9325,False,none,2,0,0
30,2,0.2323,Contractor,52.27,0.0685,4,False,0.8298,False,none,2,1,1
1,35,0.2302,Manager,208.04,0.0257,4,True,0.9415,False,none,10,0,0
3,41,0.197,Employee,100.9,0.0326,3,False,0.9774,False,none,8,0,0
3,21,4.4629,Director,12266.15,0.7207,13,True,0.2445,True,high,176,8,1
3,12,0.1748,Manager,245.35,0.0439,3,False,0.9318,False,none,8,0,0
1,46,0.0745,Director,188.32,0.0108,0,True,0.906,False,none,3,0,0
2,1,0.3618,Employee,225.0,0.0685,11,False,0.9973,False,none,12,0,0
4,28,0.5273,Contractor,97.48,0.1266,1,True,0.938,False,none,3,0,0
4,39,0.3052,Employee,124.44,0.0538,5,False,0.897,False,none,11,0,0
3,40,0.6485,Employee,358.32,0.1233,2,False,0.977,False,none,3,0,0
1,28,0.1569,Employee,52.48,0.0142,4,False,0.983,False,none,15,0,0
0,-1,0.2518,Contractor,61.64,0.0619,0,False,0.0,True,low,49,1,0
1,8,0.3032,Employee,180.09,0.0749,6,False,0.9001,False,none,8,0,0
4,13,0.544,Director,1789.99,0.0981,5,False,0.8807,False,none,8,0,0
0,-1,0.1523,Contractor,34.24,0.0278,7,False,0.0,False,none,3,0,0
5,6,0.1117,Contractor,22.33,0.0249,1,False,0.868,False,none,10,0,0
2,18,0.275,Director,835.53,0.0274,3,False,0.8622,True,low,39,1,0
0,-1,0.9245,Manager,1013.8539158354565,0.1528,16,False,0.0,False,none,15,0,0
0,-1,0.0,Manager,240.39,0.0273,0,False,0.0,False,none,1,0,0
2,19,0.3407,Director,1044.36,0.0442,0,False,0.9488,False,none,3,0,0
2,17,0.243,Employee,133.37,0.0547,1,False,0.9379,False,none,1,0,0
2,2,0.4964,Executive,2719.71,0.0613,2,False,0.8522,False,none,9,0,0
2,52,0.1048,Employee,63.8,0.0233,2,False,0.9672,False,none,3,0,0
2,57,0.195,Employee,82.8,0.0366,3,False,0.9861,False,none,15,0,0
1,16,0.6228,Employee,267.23921060836267,0.1076,20,False,0.9883,False,none,5,0,0
1,60,0.1304,Contractor,31.59,0.0317,7,False,0.9533,False,none,9,0,0
0,-1,0.3225,Contractor,58.94,0.048,3,False,0.0,True,low,18,1,0
1,25,0.1932,Director,444.53,0.0558,1,False,0.9149,False,none,6,0,0
3,47,0.1103,Director,276.79,0.0123,2,False,0.8999,False,none,7,0,0
4,57,0.4883,Director,1693.59,0.0761,4,False,0.9731,False,none,2,0,0
2,23,0.7717,Employee,431.08,0.2489,1,False,0.8907,False,none,14,0,0
24,1,0.0711,Employee,45.1,0.0199,2,False,0.8037,False,none,11,2,1
1,21,0.2917,Employee,196.87,0.0727,3,False,0.8651,False,none,13,0,0
2,21,0.3892,Employee,170.98,0.0825,6,True,0.874,False,none,12,0,0
0,-1,0.0,Employee,62.84,0.0253,5,True,0.0,False,none,2,0,0
2,15,0.4088,Employee,189.53,0.0637,6,False,0.9665,False,none,15,0,0
2,9,0.1629,Employee,57.52,0.0242,1,False,0.9623,False,none,11,0,0
2,49,0.2467,Employee,153.76,0.056,1,True,0.9983,False,none,6,0,0
2,56,0.0689,Contractor,15.19,0.0223,2,False,0.9783,True,low,29,1,0
0,-1,0.5271,Employee,282.90009902088065,0.0716,1,False,0.0,False,none,7,0,0
1,58,0.131,Employee,66.91,0.0258,8,False,0.9234,False,none,11,0,0
3,41,0.0923,Executive,501.4,0.0096,8,False,0.919,False,none,5,0,0
3,52,0.3276,Director,1153.98,0.0478,5,False,0.9982,False,none,1,0,0
2,46,0.7573,Employee,388.99,0.1083,11,False,0.9502,False,none,8,0,0
3,9,0.2011,Employee,110.51,0.0444,5,True,0.967,False,none,6,0,0
5,52,0.6867,Employee,394.89152130920144,0.1343,1,True,0.8963,False,none,14,0,0
3,54,0.6487,Manager,470.00134178372394,0.0728,3,False,0.9888,False,none,5,0,0
1,55,0.0698,Employee,33.53,0.0124,1,True,0.8548,False,none,14,0,0
3,43,0.1093,Employee,48.71,0.0205,0,False,0.9274,False,none,5,0,0
1,32,0.1297,Employee,84.84,0.0218,2,True,0.8678,False,none,5,0,0
1,5,0.4232,Manager,460.95,0.0468,0,False,0.8575,False,none,5,0,0
2,3,0.25,Employee,63.66,0.0258,3,False,0.9161,False,none,2,0,0
4,37,1.0137,Director,2676.8164716490933,0.1101,7,False,0.9195,False,none,13,0,0
3,4,0.7942,Director,1971.9745222964757,0.0953,8,False,0.9059,True,low,19,1,0
0,-1,0.1706,Employee,75.6,0.0222,4,False,0.0,False,none,15,0,0
5,49,0.0,Contractor,61.25,0.0548,1,False,0.9306,False,none,15,0,0
1,53,0.1199,Employee,75.58,0.0217,10,False,0.9691,False,none,11,0,0
1,12,0.209,Director,713.66,0.0332,1,True,0.9388,False,none,13,0,0
2,9,0.3152,Director,749.92,0.0443,6,False,0.9394,True,low,23,1,0
3,2,0.3909,Manager,449.97,0.051,6,False,0.9044,False,none,9,0,0
5,37,0.3267,Director,977.15,0.0429,7,False,0.874,False,none,12,0,0
0,-1,0.4956,Director,1294.55,0.0574,3,False,0.0,False,none,2,0,0
1,22,0.4292,Employee,277.62,0.0923,6,False,0.8838,False,none,9,0,0
2,28,0.6406,Director,1921.5295740842246,0.0847,0,False,0.9178,False,none,5,0,0
4,38,0.3333,Manager,243.38,0.0186,5,False,0.8518,False,none,10,0,0
1,24,0.3574,Manager,302.64,0.0307,18,False,0.9396,False,none,4,0,0
3,6,0.4036,Manager,301.69,0.0306,2,False,0.9426,False,none,12,0,0
4,2,1.0885,Manager,1643.98,0.223,0,True,0.5713,True,medium,147,4,1
2,6,0.4686,Employee,252.96,0.082,8,False,0.8644,False,none,10,0,0
2,17,0.0,Employee,436.0627625425576,0.1575,11,False,0.8821,False,none,1,0,0
3,22,0.4437,Employee,241.74,0.097,2,False,0.9291,False,none,7,0,0
1,29,0.2023,Employee,65.59,0.0157,14,False,0.9362,False,none,8,0,0
38,1,0.0621,Manager,39.82,0.0062,4,True,0.7432,False,none,16,2,1
3,45,0.2988,Executive,1058.28,0.0224,12,False,0.9835,False,none,13,0,0
2,33,0.1286,Employee,58.1,0.0151,1,False,0.866,False,none,12,0,0
4,7,0.0948,Employee,71.74,0.0252,0,False,0.8661,False,none,7,0,0
3,46,0.1571,Director,484.41,0.0278,2,False,0.9464,False,none,10,0,0
2,47,0.2588,Employee,142.23,0.0547,4,False,0.9695,False,none,12,0,0
2,4,0.2474,Contractor,36.92,0.0361,13,False,0.9049,True,low,25,1,0
2,27,0.4305,Employee,221.46,0.0739,1,False,0.891,False,none,15,0,0
1,14,0.3166,Employee,132.99,0.0379,1,False,0.9141,False,none,12,0,0
2,34,0.4461,Manager,545.17,0.0641,1,False,0.9839,True,low,15,1,0
0,-1,0.2569,Director,738.89,0.0375,11,False,0.0,False,none,3,0,0
2,52,0.7559,Employee,308.43972245851756,0.0886,7,False,0.9547,False,none,3,0,0
1,32,0.2315,Director,779.04,0.031,0,False,0.8964,True,low,11,1,0
1,4,0.231,Manager,253.25,0.0241,2,False,0.8502,True,low,42,1,0
1,56,0.1813,Employee,44.18,0.0176,2,True,0.8607,True,low,43,1,0
4,54,0.1822,Manager,127.54,0.019,0,True,0.8531,False,none,4,0,0
5,11,9.0548,Employee,4952.5,2.1209,15,True,0.6224,True,high,131,3,1
2,47,0.1395,Director,310.68,0.0232,0,True,0.9068,False,none,3,0,0
2,1,2.4847,Employee,511.44,0.1932,0,True,0.5126,True,high,70,2,1
0,-1,0.31,Director,941.15,0.0475,2,True,0.0,False,none,3,0,0
1,22,0.8245,Employee,292.2257127523848,0.0989,7,False,0.926,False,none,4,0,0
3,19,8.5956,Director,35140.45,1.4293,17,False,0.3634,True,high,280,4,1
0,-1,0.103,Manager,108.95,0.0117,1,False,0.0,False,none,10,0,0
3,23,0.5678,Employee,342.26,0.1038,5,False,0.9427,True,low,20,1,0
2,24,0.2731,Executive,1196.72,0.0616,10,True,0.8769,False,none,10,0,0
0,-1,0.5153,Employee,234.42,0.0641,2,True,0.0,False,none,12,0,0
5,23,3.294,Employee,1317.57,0.4235,19,False,0.6159,True,high,171,6,1
2,32,0.286,Director,723.83,0.0357,0,False,0.9868,True,low,29,1,0
2,56,0.7287,Employee,338.08,0.1838,7,False,0.9174,False,none,12,0,0
5,10,1.2528,Employee,752.67,0.2511,0,True,0.7628,True,medium,176,4,1
1,100,1.4895,Employee,604.95,0.3878,437,False,0.7199,True,medium,74,5,1
2,29,0.3277,Manager,264.2,0.0319,4,True,0.8667,False,none,6,0,0
2,60,0.1494,Employee,77.01,0.0543,1,True,0.9674,False,none,12,0,0
1,32,0.1042,Employee,59.84,0.0476,4,False,0.9792,False,none,9,0,0
1,58,0.2064,Manager,266.41,0.0296,2,False,0.9594,False,none,3,0,0
1,37,0.7109,Employee,424.12,0.152,9,False,0.8941,False,none,5,0,0
1,47,0.1055,Employee,48.93,0.0146,4,False,0.8867,False,none,5,0,0
2,53,0.1544,Manager,176.25,0.0235,1,False,0.9047,False,none,4,0,0
4,1,0.3232,Executive,1256.74,0.029,3,False,0.867,False,none,12,0,0
1,2,1.2542,Manager,1222.1,0.1327,1,True,0.7507,True,medium,141,2,1
1,23,0.2553,Employee,127.1,0.0428,2,False,0.8865,False,none,3,0,0
1,50,0.4455,Employee,205.4,0.0764,4,False,0.8596,False,none,11,0,0
3,12,3.4058,Director,10543.9,0.5443,6,True,0.2311,True,high,248,8,1
2,9,0.0,Employee,47.26,0.0203,2,False,0.9625,False,none,9,0,0
2,15,5.3699,Manager,5824.26,0.7666,17,False,0.4086,True,high,277,4,1
2,15,0.1274,Contractor,31.14,0.0396,0,False,0.9789,False,none,15,0,0
2,47,0.6023,Employee,184.66909174573829,0.0614,5,True,0.9843,False,none,12,0,0
5,13,0.2393,Director,959.7,0.0496,0,False,0.9259,False,none,2,0,0
0,-1,0.4213,Employee,193.49,0.0545,4,False,0.0,False,none,1,0,0
0,-1,0.5601,Employee,345.3,0.0936,0,False,0.0,False,none,4,0,0
3,22,0.6967,Director,2212.11,0.1104,7,False,0.9725,False,none,5,0,0
1,42,0.4797,Manager,385.19,0.0604,5,True,0.9907,True,low,17,1,0
0,-1,0.0986,Employee,59.05,0.0174,1,False,0.0,False,none,8,0,0
2,46,0.5027,Employee,206.8,0.0634,2,False,0.943,False,none,13,0,0
2,60,0.3891,Director,1098.52,0.0714,0,False,0.9894,True,low,50,1,0
0,-1,0.4961,Manager,490.88,0.0574,1,False,0.0,False,none,11,0,0
6,7,0.0648,Employee,39.78,0.0113,1,False,0.8764,False,none,15,0,0
4,29,0.517,Employee,350.41,0.1029,0,False,0.9027,False,none,11,0,0
2,8,0.569,Employee,264.86,0.0806,5,False,0.9005,False,none,9,0,0
1,15,0.5574,Employee,215.74,0.0656,3,False,0.8985,False,none,11,0,0
3,23,0.1633,Manager,155.58,0.0186,20,False,0.9675,False,none,5,0,0
1,18,0.1082,Employee,55.47,0.0215,2,False,0.8799,False,none,13,0,0
9,8,2.0143,Employee,808.83,0.2416,1,True,0.4613,True,high,134,5,1
37,2,0.1242,Employee,71.54,0.019,5,False,0.6108,False,none,12,2,1
3,21,0.0493,Employee,28.45,0.0081,12,False,0.9949,False,none,8,0,0
2,58,0.5546,Employee,260.29437357904504,0.0808,1,False,0.8626,False,none,10,0,0
1,3,0.292,Contractor,68.7,0.0671,0,False,0.909,False,none,7,0,0
1,36,0.1811,Employee,78.01,0.0359,0,True,0.8988,False,none,2,0,0
6,29,0.2896,Employee,190.22,0.0535,0,False,0.9602,False,none,14,0,0
1,119,0.6423,Manager,881.53,0.1315,281,True,0.5012,True,medium,73,4,1
2,19,0.4521,Manager,452.43,0.0907,5,False,0.8682,False,none,11,0,0
2,57,0.246,Employee,128.34,0.035,8,False,0.905,False,none,7,0,0
2,33,0.7548,Employee,368.1910957608819,0.1153,2,False,0.972,True,low,13,1,0
1,28,0.9151,Director,2621.29,0.2331,5,False,0.914,False,none,11,0,0
28,2,0.0272,Director,96.28,0.0044,2,False,0.8542,False,none,4,1,1
5,17,0.2957,Executive,1684.26,0.0467,7,False,0.8596,True,low,26,1,0
0,-1,0.2383,Employee,111.83,0.0333,0,False,0.0,False,none,0,0,0
2,7,1.8604,Contractor,311.64,0.2807,0,True,0.6125,True,medium,105,6,1
4,33,0.7159,Employee,272.32,0.1012,2,False,0.9389,False,none,3,0,0
3,1,0.0966,Employee,41.73,0.0153,0,False,0.8646,True,low,33,1,0
2,46,0.786,Manager,594.7979210339375,0.0739,2,False,0.9159,False,none,4,0,0
0,-1,0.2206,Employee,83.96,0.0279,1,False,0.0,False,none,3,0,0
1,6,0.2351,Executive,1386.34,0.0296,1,False,0.9231,True,low,15,1,0
3,16,0.2217,Manager,241.96,0.028,2,False,0.8989,False,none,15,0,0
0,-1,0.4824,Employee,230.62,0.0668,5,False,0.0,False,none,11,0,0
6,2,1.2306,Director,3391.35,0.1767,1,True,0.4858,True,medium,93,5,1
2,35,0.6096,Manager,604.79,0.0642,1,False,0.864,False,none,9,0,0
1,8,0.0,Manager,1405.14,0.1272,1,True,0.7967,True,high,162,6,1
4,46,0.0963,Employee,54.82,0.0334,3,True,0.8879,False,none,15,0,0
2,22,0.3611,Executive,1838.54,0.041,14,False,0.9858,False,none,15,0,0
2,22,0.3986,Contractor,50.61,0.0377,3,False,0.8599,False,none,11,0,0
4,9,1.4723,Manager,2270.08,0.2354,1,True,0.7157,True,high,175,5,1
1,10,4.4772,Employee,1303.2,0.4609,18,False,0.5883,True,high,256,4,1
0,-1,0.9614,Executive,4705.63332185673,0.0801,7,False,0.0,False,none,1,0,0
4,15,0.3194,Director,1031.47,0.0361,5,False,0.8821,False,none,15,0,0
2,44,0.3413,Employee,160.94,0.0615,1,False,0.9338,False,none,3,0,0
0,-1,0.1081,Manager,101.29,0.0194,25,True,0.0,False,none,8,0,0
1,25,6.0802,Manager,7289.1,1.1303,11,True,0.6078,True,high,154,3,1
6,2,1.6185,Contractor,349.45,0.3713,1,True,0.59,True,high,169,6,1
0,-1,0.8441,Employee,402.59442991061405,0.0864,1,False,0.0,False,none,11,0,0
1,30,0.1765,Employee,143.54,0.061,1,False,0.9876,False,none,2,0,0
0,-1,0.2985,Manager,299.84,0.0318,0,True,0.0,False,none,11,0,0
4,26,9.6119,Employee,3742.9,0.9603,17,False,0.4601,True,high,238,6,1
1,15,0.2333,Executive,1381.24,0.0276,25,False,0.8781,False,none,1,0,0
3,7,0.6438,Executive,2651.5939831258956,0.0616,1,True,0.8909,False,none,13,0,0
8,37,0.1548,Contractor,32.48,0.048,0,False,0.8923,False,none,7,0,0
4,2,0.063,Manager,57.31,0.0086,6,False,0.931,False,none,5,0,0
3,28,0.4659,Employee,214.89,0.0965,3,False,0.9314,False,none,14,0,0
1,22,0.0481,Employee,29.95,0.0074,5,False,0.895,False,none,8,0,0
2,59,0.3851,Executive,2602.97,0.0366,4,True,0.9268,False,none,11,0,0
1,34,0.1873,Director,563.76,0.0299,5,False,0.9649,True,low,13,1,0
0,-1,0.3041,Contractor,47.03,0.0511,0,True,0.0,False,none,8,0,0
7,20,0.1403,Employee,84.3,0.0343,0,True,0.9726,True,low,50,1,0
2,11,0.4752,Director,1509.19,0.0986,3,False,0.9768,False,none,15,0,0
6,10,0.1992,Director,566.2,0.021,8,False,0.9943,False,none,1,0,0
3,6,0.3779,Employee,183.05,0.0809,1,False,0.9563,False,none,10,0,0
3,15,0.6298,Manager,528.1765420017556,0.0636,5,False,0.8716,False,none,8,0,0
4,41,0.196,Director,548.16,0.0332,2,False,0.8978,False,none,15,0,0
9,7,1.5542,Employee,887.52,0.2453,0,True,0.7344,True,medium,180,5,1
4,8,0.8465,Manager,776.67,0.0849,2,False,0.8767,False,none,6,0,0
1,48,0.174,Manager,207.22,0.0195,1,False,0.9217,False,none,15,0,0
0,-1,0.212,Contractor,56.92,0.0592,1,False,0.0,False,none,9,0,0
1,45,0.1268,Employee,84.87,0.0243,5,False,0.9954,False,none,1,0,0
4,37,0.0468,Manager,54.6,0.0059,2,False,0.8961,False,none,13,0,0
1,45,0.196,Manager,141.68,0.0155,1,False,0.8908,False,none,0,0,0
2,33,0.1672,Employee,88.45,0.0388,2,False,0.9206,False,none,11,0,0
4,19,0.152,Executive,423.73,0.0092,0,False,0.8992,False,none,10,0,0
4,2,0.1873,Employee,79.12,0.0253,1,True,0.9867,False,none,5,0,0
1,26,0.0,Employee,136.5,0.0348,1,False,0.8959,False,none,0,0,0
3,29,0.1065,Director,367.54,0.0177,3,False,0.8849,False,none,13,0,0
3,13,0.2676,Employee,139.17,0.047,4,True,0.997,False,none,1,0,0
0,-1,0.0,Contractor,164.41,0.1716,1,False,0.0,False,none,13,0,0
5,25,0.3169,Manager,290.83,0.0482,1,False,0.9419,False,none,7,0,0
3,34,0.2966,Manager,253.74,0.0318,0,False,0.9169,False,none,12,0,0
0,-1,0.2352,Manager,196.41,0.0328,5,False,0.0,False,none,13,0,0
1,16,0.7837,Employee,261.03,0.077,12,False,0.8999,False,none,7,0,0
3,38,0.4922,Executive,2805.39,0.0733,3,True,0.9405,False,none,8,0,0
0,-1,0.0,Employee,307.3682001271866,0.0899,0,False,0.0,False,none,11,0,0
7,3,2.0176,Employee,881.18,0.4544,0,True,0.7593,True,high,162,5,1
1,29,0.1934,Executive,715.97,0.0127,5,False,0.9506,False,none,2,0,0
4,17,0.1803,Contractor,37.54,0.0324,1,False,0.9861,False,none,7,0,0
1,11,0.2571,Employee,131.59,0.0453,2,True,0.9962,False,none,7,0,0
2,23,0.2904,Employee,169.99,0.0614,1,False,0.8663,False,none,3,0,0
1,20,0.1236,Director,370.39,0.0189,0,False,0.8532,False,none,15,0,0
3,49,0.2435,Employee,88.97,0.0266,1,False,0.8721,False,none,10,0,0
0,-1,0.9818,Employee,487.93,0.1442,440,False,0.6574,True,medium,33,2,1
2,60,0.3204,Director,1318.32,0.0535,16,True,0.955,False,none,8,0,0
3,56,0.0885,Director,341.13,0.0,1,True,0.8901,False,none,14,0,0
2,19,0.3461,Employee,225.24,0.0656,9,False,0.9927,False,none,9,0,0
6,37,0.8969,Employee,458.7400237643894,0.1148,2,False,0.9408,False,none,5,0,0
39,1,0.2577,Employee,140.81,0.0409,1,False,0.6031,False,none,0,2,1
7,10,1.1136,Manager,1161.02,0.1702,1,True,0.7056,True,high,112,6,1
2,56,0.3367,Manager,381.27,0.0701,1,False,0.9331,False,none,3,0,0
2,3,0.1623,Employee,94.86,0.0255,8,False,0.9247,True,low,35,1,0
1,34,0.0879,Manager,106.19,0.0156,1,False,0.9827,False,none,5,0,0
5,12,0.109,Director,380.21,0.0177,4,True,0.8818,False,none,9,0,0
0,-1,0.2199,Contractor,42.34,0.0296,10,False,0.0,False,none,12,0,0
6,28,0.027,Employee,17.6,0.0058,2,False,0.9376,True,low,10,1,0
1,1,0.8531,Manager,888.07,0.1013,1,False,0.9759,False,none,3,0,0
2,46,0.2749,Contractor,62.01,0.0666,0,False,0.971,True,low,22,1,0
2,10,0.4049,Manager,436.04,0.0447,0,False,0.8604,False,none,12,0,0
1,21,6.6437,Employee,2993.95,0.0,9,True,0.4512,True,high,182,3,1
0,-1,0.662,Contractor,133.29,0.1064,0,True,0.0,False,none,8,0,0
1,17,0.7316,Employee,376.6379581595085,0.101,0,False,0.942,False,none,8,0,0
1,28,0.0732,Contractor,14.92,0.0143,31,False,0.903,True,low,21,1,0
2,33,0.705,Manager,823.0402906796465,0.0911,1,False,0.9186,True,low,35,1,0
2,24,0.3859,Employee,163.8,0.0537,0,True,0.9089,False,none,9,0,0
3,54,0.5536,Employee,234.16980847803558,0.0,0,False,0.9834,False,none,7,0,0
0,-1,0.1887,Contractor,39.77,0.0388,6,False,0.0,False,none,11,0,0
2,83,0.0,Employee,422.04,0.1541,414,False,0.5989,True,medium,90,3,1
0,-1,0.2023,Executive,1021.49,0.0173,7,False,0.0,False,none,1,0,0
3,37,0.3991,Employee,150.91,0.0435,0,False,0.9598,False,none,0,0,0
2,5,0.384,Contractor,57.86,0.0542,6,False,0.9864,False,none,8,0,0
2,4,0.0859,Employee,41.83,0.011,1,False,0.8696,False,none,4,0,0
0,-1,0.212,Employee,112.49,0.0334,0,False,0.0,False,none,7,0,0
1,70,0.8427,Director,2668.66,0.1439,307,False,0.6602,True,medium,56,2,1
1,17,0.0948,Employee,49.79,0.0115,25,False,0.945,False,none,12,0,0
1,43,0.1932,Director,602.74,0.0253,0,False,0.9938,True,low,13,1,0
2,49,0.4709,Director,1465.3,0.0857,3,True,0.8823,False,none,11,0,0
4,35,0.1625,Contractor,26.27,0.0262,0,False,0.9981,False,none,14,0,0
3,59,0.0,Employee,278.46,0.0876,12,False,0.9569,False,none,3,0,0
2,43,0.5278,Director,715.19,0.025,3,False,0.9637,False,none,3,0,0
3,22,0.4902,Employee,235.83,0.0623,6,False,0.8879,True,low,36,1,0
1,36,0.2571,Employee,111.93,0.0421,8,False,0.9043,False,none,10,0,0
2,32,0.1943,Director,737.5,0.0386,14,False,0.9138,False,none,11,0,0
2,52,0.318,Contractor,47.25,0.0396,7,False,0.8699,False,none,13,0,0
1,42,0.1929,Employee,72.89,0.0237,8,False,0.8662,True,low,34,1,0
2,4,0.4672,Employee,306.48,0.0819,0,False,0.9489,False,none,11,0,0
2,2,1.4403,Employee,719.46,0.2043,1,True,0.7587,True,medium,179,5,1
4,13,0.5835,Employee,275.59,0.1216,6,False,0.9168,False,none,3,0,0
2,11,0.4036,Employee,208.7,0.0693,1,False,0.9822,False,none,8,0,0
1,44,0.0769,Employee,43.41,0.0109,4,True,0.9243,False,none,14,0,0
3,27,0.1139,Director,403.2,0.027,9,False,0.8657,False,none,14,0,0
2,16,0.3046,Employee,254.24,0.074,0,False,0.9611,False,none,2,0,0
1,43,0.2518,Employee,103.67,0.0318,13,True,0.8689,False,none,13,0,0
1,6,0.0,Employee,194.24,0.0769,4,True,0.9506,False,none,12,0,0
3,32,0.2562,Director,641.0,0.027,2,False,0.9534,False,none,3,0,0
1,25,0.1485,Employee,77.25,0.0243,28,False,0.9527,True,low,40,1,0
0,-1,0.504,Employee,218.1612449625885,0.0796,0,False,0.0,False,none,2,0,0
0,-1,0.0,Employee,234.05,0.0,0,False,0.0,False,none,9,0,0
5,45,0.2664,Employee,159.11,0.0392,2,False,0.9477,False,none,15,0,0
3,26,0.0,Employee,298.08083820015906,0.0698,12,True,0.914,False,none,1,0,0
0,-1,0.1803,Employee,98.79,0.0266,1,False,0.0,False,none,14,0,0
1,3,0.1991,Executive,1255.99,0.0328,0,True,0.9184,False,none,12,0,0
3,1,0.1746,Employee,85.75,0.0254,13,False,0.8893,False,none,1,0,0
2,32,0.5157,Director,1301.3623161666499,0.0958,3,False,0.9457,False,none,4,0,0
0,-1,0.6221,Employee,172.58667318033247,0.066,8,False,0.0,False,none,1,0,0
2,38,0.3563,Employee,171.84,0.0516,0,False,0.8572,False,none,10,0,0
2,38,0.2895,Employee,159.36,0.0679,3,False,0.8809,False,none,11,0,0
6,54,0.14,Executive,914.79,0.0252,0,True,0.9054,False,none,13,0,0
1,40,0.2702,Employee,113.8,0.0487,4,False,0.9342,False,none,8,0,0
0,-1,0.4585,Manager,585.87,0.0901,5,False,0.0,False,none,2,0,0
1,27,0.3326,Manager,334.21,0.039,0,True,0.8966,False,none,5,0,0
1,27,0.1995,Director,600.16,0.046,0,False,0.8691,False,none,5,0,0
1,40,0.135,Employee,78.22,0.0332,4,False,0.8781,False,none,9,0,0
2,31,0.5351,Director,1610.924227194278,0.0688,4,False,0.8918,False,none,8,0,0
1,55,0.1663,Employee,75.26,0.0305,0,False,0.9665,False,none,10,0,0
3,50,0.6689,Employee,326.64,0.1885,2,False,0.9181,False,none,2,0,0
1,34,0.3006,Manager,343.29,0.0491,3,False,0.924,False,none,8,0,0
2,19,0.458,Employee,312.16,0.1064,1,False,0.9514,False,none,14,0,0
2,34,0.5983,Employee,295.55,0.1067,3,False,0.9956,False,none,4,0,0
3,45,0.0,Employee,44.44,0.0181,7,False,0.8873,False,none,2,0,0
1,55,0.1574,Employee,66.94,0.02,0,False,0.8532,False,none,4,0,0
3,27,0.9287,Employee,341.4998437994898,0.1094,3,True,0.9837,True,low,14,1,0
37,0,0.0,Employee,39.35,0.0127,2,False,0.632,False,none,13,1,1
3,7,0.0728,Employee,31.6,0.0128,0,True,0.8893,False,none,7,0,0
1,21,0.1883,Employee,111.28,0.0351,0,False,0.8804,False,none,1,0,0
2,32,0.1854,Employee,83.72,0.0409,0,False,0.9326,False,none,2,0,0
2,35,0.1664,Manager,174.03,0.023,19,True,0.8948,False,none,12,0,0
2,13,0.3212,Employee,173.26,0.0795,1,False,0.9576,False,none,6,0,0
4,3,1.5968,Director,4183.54,0.1895,0,True,0.6813,True,medium,125,4,1
2,28,0.6882,Employee,338.0,0.1251,8,True,0.9458,False,none,5,0,0
5,1,0.1163,Employee,70.77,0.0264,10,False,0.9434,False,none,2,0,0
1,37,0.0702,Employee,34.53,0.0115,5,False,0.9987,False,none,6,0,0
4,58,0.1442,Executive,1001.71,0.0255,2,False,0.9441,False,none,14,0,0
1,43,0.126,Employee,75.92,0.0411,17,True,0.8513,True,low,31,1,0
4,16,9.2399,Director,23750.43,0.9913,15,True,0.3014,True,high,108,6,1
9,7,1.533,Manager,1439.37,0.1866,1,True,0.7254,True,high,67,3,1
6,2,1.4345,Employee,767.12,0.2678,1,True,0.6803,True,high,102,5,1
1,13,0.4288,Director,1156.87,0.054,1,False,0.8617,False,none,2,0,0
0,-1,0.9249,Director,3827.8999190247537,0.1626,3,False,0.0,False,none,1,0,0
3,40,0.8014,Manager,539.9524279330228,0.0822,0,True,0.9177,False,none,9,0,0
1,22,0.1384,Director,455.3,0.0214,0,True,0.8751,False,none,13,0,0
32,0,0.2964,Employee,105.5,0.0,0,False,0.8618,False,none,19,3,1
0,-1,0.4228,Employee,225.6,0.1017,3,True,0.0,False,none,11,0,0
2,70,0.633,Contractor,137.06,0.118,487,False,0.7727,True,medium,62,5,1
3,17,4.902,Employee,2834.48,1.0006,10,False,0.3703,True,high,337,7,1
1,6,0.6527,Contractor,153.37,0.1564,4,False,0.918,False,none,11,0,0
1,26,0.684,Director,1688.79,0.112,13,False,0.9292,False,none,14,0,0
0,-1,0.1833,Director,733.74,0.0326,6,True,0.0,False,none,3,0,0
0,-1,0.5509,Employee,173.53,0.0479,3,False,0.0,False,none,1,0,0
2,38,0.6014,Employee,256.69,0.0658,2,False,0.9559,False,none,11,0,0
1,31,0.4324,Employee,227.01,0.0737,0,False,0.9012,False,none,1,0,0
1,9,1.3343,Director,3888.28,0.1716,1,True,0.4206,True,medium,172,5,1
3,32,0.2426,Employee,90.56,0.0269,11,False,0.8708,False,none,7,0,0
5,37,0.0661,Contractor,14.34,0.0177,2,False,0.9869,False,none,8,0,0
1,23,1.0076,Contractor,119.44171713441301,0.1182,3,False,0.8637,False,none,9,0,0
0,-1,0.318,Manager,309.15,0.0376,3,False,0.0,True,low,29,1,0
1,42,0.445,Contractor,64.73,0.0582,0,False,0.9945,False,none,3,0,0
3,46,0.1365,Employee,90.97,0.0358,0,False,0.9069,False,none,9,0,0
1,21,0.2652,Director,831.86,0.0541,0,False,0.8753,False,none,6,0,0
2,71,0.8215,Employee,399.96,0.1152,484,False,0.7287,True,medium,62,3,1
0,-1,0.1987,Employee,100.6,0.0351,0,False,0.0,False,none,5,0,0
0,-1,0.0,Manager,948.48,0.1006,401,False,0.5265,True,medium,39,3,1
3,1,0.1429,Contractor,40.27,0.0359,5,False,0.9825,False,none,3,0,0
1,37,0.3913,Employee,209.62,0.0814,0,True,0.8673,True,low,32,1,0
5,3,1.9676,Director,4122.67,0.2239,1,True,0.773,True,medium,153,3,1
1,27,0.1299,Employee,66.97,0.0279,6,False,0.9265,False,none,13,0,0
2,39,0.3702,Employee,171.82,0.0578,0,False,0.9271,True,low,15,1,0
2,52,0.8085,Employee,414.87244131117063,0.1086,5,False,0.9916,False,none,3,0,0
5,8,0.4441,Contractor,91.83,0.0924,1,False,0.9405,False,none,9,0,0
3,28,0.3006,Director,1001.62,0.0692,3,False,0.9926,False,none,6,0,0
4,53,0.7191,Employee,448.5589043689116,0.1992,10,False,0.9128,False,none,14,0,0
2,37,0.124,Manager,117.15,0.0161,16,False,0.987,False,none,11,0,0
3,29,0.4642,Manager,365.14,0.058,13,True,0.9292,False,none,10,0,0
3,57,0.0509,Contractor,11.73,0.0149,1,False,0.9655,False,none,15,0,0
0,-1,0.3467,Director,1076.78,0.0879,3,True,0.0,False,none,0,0,0
2,24,0.8439,Manager,923.5774677217094,0.109,6,False,0.9458,False,none,3,0,0
4,10,0.0429,Employee,24.06,0.0063,3,True,0.8721,False,none,11,0,0
1,5,0.5746,Employee,280.59,0.0868,0,True,0.8658,False,none,15,0,0
2,39,0.8638,Employee,294.8712654944231,0.0719,2,False,0.8736,False,none,14,0,0
3,19,0.4444,Director,892.23,0.0,0,False,0.8774,False,none,13,0,0
1,30,0.4172,Employee,152.85,0.0468,0,True,0.8906,False,none,0,0,0
2,20,0.0672,Contractor,13.59,0.0147,3,False,0.9714,False,none,14,0,0
1,26,2.5757,Employee,1284.95,0.4199,13,True,0.661,True,high,249,4,1
39,0,0.21,Employee,108.11,0.0225,5,False,0.7231,False,none,0,1,1
4,22,0.5218,Executive,2279.72,0.0392,6,False,0.8579,False,none,5,0,0
2,1,0.9878,Director,2561.0804421972257,0.1058,0,False,0.8713,False,none,8,0,0
4,14,0.1232,Employee,69.91,0.0239,3,False,0.9968,False,none,8,0,0
1,58,0.1819,Employee,100.78,0.043,4,False,0.9482,False,none,3,0,0
2,19,0.2578,Contractor,50.71,0.0557,8,False,0.8615,False,none,5,0,0
2,9,0.0838,Director,314.2,0.0168,1,False,0.904,False,none,11,0,0
28,1,0.5061,Employee,120.23,0.0275,2,False,0.7232,False,none,8,3,1
0,-1,0.8409,Employee,345.8797047485077,0.1051,3,False,0.0,False,none,1,0,0
3,55,0.1946,Director,615.17,0.0418,4,False,0.9886,False,none,3,0,0
3,4,0.2973,Employee,166.99,0.0775,8,False,0.8641,False,none,11,0,0
2,33,0.4142,Employee,245.77,0.074,4,True,0.9388,False,none,1,0,0
3,6,0.143,Director,530.99,0.0273,10,False,0.9099,False,none,4,0,0
1,36,0.2049,Employee,77.66,0.0321,2,False,0.9334,False,none,14,0,0
3,15,0.2917,Employee,116.27,0.0424,4,False,0.8961,False,none,1,0,0
5,31,0.2708,Contractor,65.06,0.0704,17,True,0.8849,False,none,0,0,0
1,45,0.1778,Employee,90.68,0.0377,2,False,0.8947,False,none,2,0,0
4,25,0.0805,Employee,51.29,0.0135,1,False,0.9351,False,none,4,0,0
3,2,0.8279,Employee,289.32,0.1205,4,False,0.9641,False,none,13,0,0
4,17,0.504,Manager,519.9080986990427,0.0794,1,False,0.8656,False,none,6,0,0
2,31,0.7146,Employee,386.26461132023263,0.0954,8,False,0.8506,False,none,12,0,0
0,-1,0.4819,Employee,258.25,0.0933,1,False,0.0,False,none,0,0,0
0,-1,0.2539,Employee,125.54,0.0369,5,False,0.0,True,low,16,1,0
0,-1,0.6544,Employee,324.7805888478648,0.0826,2,False,0.0,True,low,33,1,0
3,51,0.3087,Director,840.16,0.0386,0,False,0.8834,False,none,12,0,0
1,18,0.3853,Manager,286.78,0.0352,16,False,0.9376,False,none,15,0,0
0,-1,0.1804,Employee,85.66,0.0352,5,False,0.0,False,none,12,0,0
1,7,0.7408,Director,1913.8844968517692,0.0821,1,False,0.9546,False,none,6,0,0
2,4,0.3811,Employee,144.94,0.0561,8,False,0.971,True,low,33,1,0
0,-1,0.7291,Contractor,112.13434088299948,0.1218,23,False,0.0,False,none,8,0,0
25,1,0.4656,Employee,118.23,0.0427,0,False,0.8467,False,none,1,1,1
2,41,0.8809,Contractor,93.29194087527443,0.089,4,False,0.929,False,none,13,0,0
2,24,0.3063,Employee,111.75,0.0394,4,False,0.9582,False,none,13,0,0
5,30,3.9065,Contractor,671.83,0.8138,13,True,0.6202,True,high,116,6,1
2,13,0.2116,Manager,271.13,0.0297,0,False,0.9628,False,none,4,0,0
2,9,0.7055,Manager,946.3961234076488,0.1461,11,True,0.9739,False,none,2,0,0
5,37,0.2067,Employee,140.74,0.0682,0,True,0.8521,False,none,13,0,0
2,54,0.5154,Employee,232.51,0.0993,0,False,0.8524,True,low,31,1,0
2,3,0.2889,Manager,305.22,0.0544,19,False,0.9509,False,none,10,0,0
2,18,0.433,Employee,144.04,0.0359,3,False,0.9086,False,none,3,0,0
2,35,0.1604,Employee,73.29,0.0176,6,True,0.8782,False,none,13,0,0
2,8,2.0892,Manager,1905.14,0.2428,1,True,0.5273,True,high,126,6,1
1,18,0.0776,Manager,68.67,0.0102,12,False,0.9561,False,none,2,0,0
3,51,0.2668,Employee,103.99,0.0351,16,False,0.9167,True,low,12,1,0
2,28,0.4343,Director,1015.78,0.0373,1,False,0.8745,False,none,2,0,0
2,35,0.2005,Executive,1211.92,0.0245,4,False,0.9489,False,none,11,0,0
1,34,0.8173,Employee,270.5018855297649,0.0916,6,False,0.9192,False,none,2,0,0
1,43,0.8429,Employee,388.54273373256984,0.1201,3,False,0.9685,False,none,5,0,0
1,25,0.5092,Manager,241.74871177826427,0.0447,1,False,0.8765,False,none,6,0,0
1,11,0.5113,Director,1424.12,0.0616,9,False,0.9222,True,low,46,1,0
0,-1,0.8658,Employee,306.02,0.0868,271,True,0.793,True,medium,71,2,1
2,46,0.2042,Manager,257.02,0.0296,7,True,0.9498,False,none,0,0,0
0,-1,0.2532,Contractor,52.34,0.0592,1,False,0.0,False,none,8,0,0
2,6,0.2914,Employee,192.28,0.0564,2,False,0.9629,False,none,12,0,0
0,-1,0.3134,Employee,195.28,0.0878,1,False,0.0,False,none,1,0,0
1,61,0.8136,Contractor,120.19,0.1335,192,True,0.7295,True,medium,65,4,1
3,24,2.8095,Employee,1402.8,0.3327,10,False,0.3865,True,high,305,4,1
2,37,0.0,Director,337.8120649508084,0.0236,14,False,0.8768,False,none,0,0,0
1,26,0.1199,Employee,44.69,0.0164,0,True,0.9554,False,none,14,0,0
1,39,0.6536,Manager,589.5067351862434,0.0781,0,False,0.879,False,none,14,0,0
1,18,0.2952,Employee,150.76,0.0932,0,False,0.9903,False,none,6,0,0
1,27,0.1434,Employee,94.52,0.0289,0,False,0.9474,False,none,1,0,0
2,51,0.1407,Employee,82.08,0.0252,3,False,0.9017,False,none,11,0,0
3,9,0.1495,Employee,84.4,0.0357,6,False,0.9173,False,none,4,0,0
0,-1,0.556,Manager,477.15,0.0666,4,True,0.0,False,none,15,0,0
1,26,0.7325,Employee,197.6,0.0634,6,False,0.8861,True,low,28,1,0
2,50,0.1978,Employee,60.4,0.0217,15,False,0.8795,False,none,0,0,0
0,-1,0.4322,Employee,141.39,0.0385,15,False,0.0,False,none,13,0,0
2,25,0.1901,Director,545.44,0.0366,5,False,0.9157,False,none,5,0,0
3,31,0.3841,Employee,123.14,0.0393,2,False,0.9302,False,none,2,0,0
0,-1,0.4521,Employee,263.79,0.0704,0,False,0.0,False,none,11,0,0
5,46,0.7286,Employee,373.88,0.1548,1,False,0.9282,False,none,15,0,0
0,-1,0.2356,Employee,122.89,0.0343,2,False,0.0,False,none,8,0,0
1,52,0.1505,Employee,96.9,0.0296,4,False,0.9649,False,none,13,0,0
7,56,0.0575,Employee,30.97,0.009,1,False,0.8747,True,low,18,1,0
0,-1,0.1643,Employee,84.04,0.028,3,False,0.0,False,none,15,0,0
2,25,0.0589,Executive,310.05,0.0057,1,True,0.9314,False,none,5,0,0
2,33,0.5088,Director,1629.41,0.068,0,True,0.8575,False,none,1,0,0
1,83,1.0334,Manager,731.79,0.084,408,False,0.574,True,medium,49,3,1
1,46,0.4891,Employee,310.32,0.1421,2,False,1.0,False,none,7,0,0
2,23,0.7846,Employee,350.6903472824453,0.1267,2,False,0.9381,False,none,12,0,0
1,30,0.7168,Director,2398.48,0.1034,0,False,0.9839,False,none,13,0,0
3,22,4.4457,Employee,2089.98,0.7637,13,False,0.482,True,high,285,7,1
1,93,0.6654,Contractor,171.11,0.1808,281,True,0.7449,True,medium,84,3,1
1,38,0.2187,Manager,148.23,0.0188,2,True,0.933,False,none,9,0,0
2,18,0.1193,Executive,690.62,0.0118,17,False,0.9695,True,low,21,1,0
3,6,0.8239,Employee,394.1339598738014,0.1823,1,True,0.9528,True,low,14,1,0
2,14,0.6947,Contractor,135.01592209153003,0.1589,3,False,0.9075,False,none,3,0,0
1,50,0.294,Manager,324.56,0.0317,1,False,0.9306,False,none,11,0,0
1,8,0.0,Contractor,284.01,0.2384,0,True,0.5148,True,high,123,6,1
2,18,0.493,Employee,202.53,0.0589,2,False,0.9995,False,none,6,0,0
1,75,0.7766,Executive,3639.89,0.0636,408,False,0.7876,True,medium,60,5,1
5,6,1.912,Employee,808.82,0.3629,1,True,0.6182,True,medium,102,4,1
1,120,0.6227,Employee,279.67,0.156,436,True,0.7206,True,medium,56,3,1
1,61,0.7881,Employee,375.65,0.1306,391,False,0.7709,True,medium,93,5,1
4,12,0.1614,Manager,149.03,0.0264,5,False,0.9762,False,none,10,0,0
0,-1,0.1233,Director,372.44,0.024,1,True,0.0,False,none,3,0,0
2,14,0.2393,Manager,256.9,0.027,0,True,0.8676,False,none,12,0,0
2,18,0.627,Employee,264.7778569819526,0.1128,0,False,0.995,False,none,6,0,0
1,36,0.3557,Director,1094.59,0.0,4,False,0.9519,False,none,12,0,0
3,32,0.3603,Employee,161.71,0.0652,1,False,0.9451,False,none,5,0,0
5,27,9.4701,Contractor,2005.27,1.9344,5,False,0.3247,True,high,339,6,1
0,-1,0.1361,Manager,93.43,0.0126,5,False,0.0,False,none,10,0,0
0,-1,0.5644,Manager,497.9545352919456,0.0526,5,False,0.0,False,none,8,0,0
1,38,0.0918,Manager,120.93,0.0171,15,True,0.9,True,low,14,1,0
2,1,0.301,Director,1028.88,0.0453,8,False,0.856,False,none,1,0,0
2,46,0.6293,Employee,188.90810045380272,0.0606,1,False,0.9039,True,low,46,1,0
2,55,0.376,Employee,198.75,0.0444,2,True,0.8523,False,none,5,0,0
1,50,0.3602,Employee,175.44,0.0649,3,False,0.8683,False,none,12,0,0
0,-1,0.1478,Contractor,27.88,0.0239,0,False,0.0,False,none,1,0,0
3,23,0.6312,Director,1301.341114258886,0.0651,7,False,0.858,False,none,10,0,0
1,6,2.3236,Director,4422.73,0.2206,0,True,0.7377,True,high,159,2,1
2,20,0.7372,Employee,355.28504588471014,0.1411,11,False,0.9072,False,none,8,0,0
4,1,0.3396,Director,1225.34,0.0669,2,False,0.8526,False,none,3,0,0
2,32,0.3152,Director,1039.46,0.0374,1,True,0.9597,False,none,5,0,0
3,35,0.2637,Employee,149.13,0.05,6,False,0.9535,False,none,5,0,0
1,3,0.4801,Employee,149.23,0.0373,1,False,0.8673,False,none,12,0,0
3,45,0.3867,Employee,212.36,0.0669,2,True,0.9477,False,none,2,0,0
0,-1,0.5895,Employee,205.03,0.0569,0,False,0.0,False,none,6,0,0
1,4,0.2499,Employee,122.54,0.0417,3,False,0.8693,False,none,12,0,0
0,-1,0.2429,Director,949.28,0.0431,0,False,0.0,False,none,1,0,0
1,7,0.7396,Employee,389.48,0.115,6,False,0.992,False,none,7,0,0
5,35,0.3344,Employee,232.56,0.0594,1,False,0.8921,False,none,10,0,0
2,117,1.3337,Manager,1005.17,0.1235,332,True,0.6647,True,medium,52,4,1
0,-1,0.3053,Employee,155.21,0.0516,2,True,0.0,False,none,14,0,0
1,24,0.3654,Director,1148.83,0.0592,4,True,0.8789,False,none,15,0,0
2,30,9.088,Employee,3012.51,0.9832,20,False,0.3568,True,high,253,8,1
1,33,0.0,Manager,332.6862555507787,0.0405,6,False,0.915,True,low,33,1,0
1,12,0.1746,Director,595.42,0.0321,1,True,0.9326,True,low,11,1,0
3,16,0.1751,Employee,74.72,0.0289,5,False,0.8534,False,none,6,0,0
1,9,0.7579,Employee,402.37,0.092,1,False,0.9252,False,none,3,0,0
4,28,0.2617,Employee,117.74,0.055,6,False,0.8827,False,none,12,0,0
1,50,0.1151,Manager,144.7,0.0269,21,False,0.9352,False,none,10,0,0
3,23,0.6292,Employee,366.36,0.0,9,False,0.9302,False,none,14,0,0
1,7,0.372,Manager,367.4,0.0431,1,False,0.9579,False,none,11,0,0
6,58,0.342,Employee,181.85,0.068,8,False,0.9412,False,none,5,0,0
3,19,0.9309,Director,2884.120791264872,0.1192,1,False,0.8571,False,none,6,0,0
8,2,1.6811,Executive,9922.16,0.2458,1,True,0.5808,True,medium,51,2,1
0,-1,0.1777,Contractor,34.46,0.0219,7,False,0.0,False,none,10,0,0
3,18,0.1472,Executive,619.42,0.0102,0,True,0.9458,False,none,0,0,0
3,44,0.6585,Director,1708.34,0.1436,1,False,0.9457,False,none,0,0,0
1,51,0.2279,Contractor,40.35,0.0341,0,False,0.9656,False,none,2,0,0
3,42,0.1032,Employee,47.84,0.0131,2,False,0.9172,False,none,12,0,0
9,10,1.4465,Manager,1583.82,0.1726,0,True,0.5493,True,medium,151,3,1
0,-1,0.5245,Manager,326.988462175503,0.0519,10,False,0.0,False,none,3,0,0
1,44,0.6018,Employee,446.93805560582655,0.1198,3,True,0.9413,False,none,7,0,0
5,8,0.6041,Employee,322.56,0.1065,2,False,0.935,False,none,12,0,0
1,8,0.8393,Contractor,182.16450025832202,0.1414,0,False,0.9078,False,none,5,0,0
2,33,0.3175,Executive,1198.92,0.0249,0,False,0.9718,False,none,11,0,0
0,-1,0.3781,Director,1169.99,0.0586,0,False,0.0,False,none,10,0,0
3,51,0.8805,Director,2584.867004975305,0.129,4,False,0.9709,True,low,39,1,0
1,16,0.3396,Manager,325.3,0.0334,1,False,0.9671,False,none,7,0,0
1,28,0.1873,Manager,164.44,0.0169,5,False,0.9248,False,none,14,0,0
1,113,0.9907,Employee,322.33,0.1382,386,True,0.7232,True,medium,49,4,1
22,0,0.0222,Employee,10.42,0.0028,2,False,0.7316,False,none,18,3,1
1,46,0.5904,Manager,525.7377484160045,0.0,10,False,0.9664,False,none,11,0,0
4,4,0.1553,Manager,103.11,0.0169,15,False,0.9268,False,none,1,0,0
1,51,0.2285,Manager,220.41,0.0261,3,False,0.9589,False,none,2,0,0
1,53,0.1015,Employee,63.88,0.0209,5,False,0.9238,False,none,9,0,0
3,11,0.3267,Employee,155.45,0.0442,17,False,0.894,False,none,12,0,0
1,4,0.6436,Employee,400.46,0.1478,22,False,0.9955,False,none,4,0,0
2,1,0.1475,Manager,160.2,0.021,12,False,0.9258,False,none,15,0,0
1,87,0.8883,Director,3333.33,0.1592,409,True,0.5189,True,medium,95,2,1
3,37,0.0,Employee,265.6,0.0859,4,True,0.9703,False,none,15,0,0
2,2,0.8676,Director,2110.6891524511884,0.2866,1,True,0.8725,False,none,12,0,0
30,0,0.2645,Contractor,51.35,0.0611,3,False,0.677,False,none,8,1,1
0,-1,0.0947,Director,302.89,0.0148,0,True,0.0,False,none,6,0,0
3,20,1.0432,Employee,386.21496912212024,0.174,5,True,0.9619,False,none,12,0,0
0,-1,0.3218,Manager,417.87,0.0444,2,False,0.0,False,none,0,0,0
2,60,0.9291,Director,3266.28,0.1543,212,True,0.624,True,medium,80,3,1
2,52,0.1365,Contractor,33.67,0.0318,4,False,0.9438,False,none,3,0,0
4,55,0.1776,Employee,116.72,0.0656,1,False,0.8913,False,none,2,0,0
2,17,0.5095,Employee,200.64131301537373,0.0671,0,False,0.8795,False,none,8,0,0
2,106,0.5758,Director,1996.08,0.0869,386,False,0.5295,True,medium,48,3,1
3,56,0.0,Contractor,83.06,0.0698,6,False,0.8759,False,none,8,0,0
3,47,0.6523,Employee,369.81,0.1585,0,True,0.9415,False,none,0,0,0
5,37,0.4202,Director,1433.35,0.0838,3,False,0.9514,False,none,12,0,0
6,8,1.491,Employee,777.09,0.2497,0,True,0.4444,True,medium,196,4,1
0,-1,0.0592,Employee,31.46,0.0086,7,False,0.0,False,none,7,0,0
1,11,0.1199,Employee,57.07,0.0233,13,True,0.8902,False,none,2,0,0
3,40,0.5043,Employee,204.93940654695746,0.0698,8,True,0.9715,False,none,4,0,0
1,14,0.0716,Director,227.97,0.013,0,True,0.9042,False,none,11,0,0
3,20,0.5755,Manager,517.0711559615645,0.1018,1,False,0.9972,False,none,8,0,0
0,-1,0.3123,Executive,1986.68,0.0301,1,False,0.0,False,none,2,0,0
0,-1,0.5207,Employee,261.82,0.0691,4,True,0.0,False,none,9,0,0
1,9,0.2621,Employee,127.18,0.0478,0,True,0.9397,False,none,9,0,0
1,57,0.1694,Manager,186.97,0.0229,2,False,0.8846,False,none,4,0,0
3,36,0.1956,Employee,119.91,0.0512,2,False,0.9588,False,none,5,0,0
2,32,0.0858,Employee,42.92,0.0123,3,False,0.9912,False,none,0,0,0
3,18,0.6717,Employee,360.33676503255316,0.1768,1,True,0.8903,False,none,9,0,0
3,12,0.0361,Contractor,7.84,0.0093,6,False,0.9369,False,none,8,0,0
4,38,0.4086,Manager,493.4,0.0517,14,False,0.9054,False,none,14,0,0
1,8,0.6234,Director,1907.12,0.0816,5,False,0.9616,True,low,37,1,0
6,12,0.2238,Employee,104.25,0.0356,4,False,0.8781,False,none,14,0,0
5,11,1.0093,Employee,501.9364454144236,0.1336,0,False,0.8923,False,none,13,0,0
4,27,2.5436,Employee,917.62,0.2971,9,True,0.63,True,high,318,7,1
34,2,0.1623,Employee,82.02,0.0309,1,True,0.6108,False,none,11,1,1
2,10,0.4188,Employee,215.54,0.1089,3,False,0.8793,False,none,2,0,0
2,55,0.1322,Manager,81.95,0.0108,0,True,0.9939,False,none,0,0,0
4,28,8.8295,Manager,9283.48,0.9299,12,False,0.5944,True,high,307,8,1
1,12,0.5187,Employee,186.81651023693928,0.0685,4,False,0.9761,False,none,14,0,0
2,7,0.1168,Contractor,32.84,0.0321,4,True,0.968,False,none,10,0,0
2,70,0.8677,Employee,336.41,0.1106,205,False,0.5351,True,medium,40,4,1
1,3,0.7108,Employee,332.9600657599605,0.132,4,False,0.8532,False,none,14,0,0
3,8,0.7607,Employee,342.98,0.1478,0,False,0.906,True,low,35,1,0
2,23,0.5692,Director,1343.8097226744476,0.0833,2,False,0.9421,False,none,3,0,0
2,14,4.518,Manager,5167.99,0.7025,19,False,0.5144,True,high,185,3,1
1,53,0.1071,Director,308.99,0.0114,5,False,0.935,False,none,10,0,0
4,32,0.9101,Contractor,219.81,0.2104,10,False,0.8577,True,low,15,1,0
1,26,0.3758,Manager,435.57,0.0489,2,False,0.9722,False,none,3,0,0
0,-1,0.1012,Employee,60.53,0.0,2,False,0.0,False,none,13,0,0
2,15,0.1776,Director,702.07,0.0357,21,True,0.9313,False,none,10,0,0
1,34,0.4556,Director,1571.32,0.085,3,False,0.964,False,none,8,0,0
1,43,0.4155,Director,1103.69,0.0525,8,True,0.9371,False,none,12,0,0
3,51,0.3211,Employee,192.91,0.0698,11,False,0.9176,False,none,0,0,0
2,58,0.5591,Employee,276.23417762643237,0.1124,4,False,0.9115,False,none,8,0,0
3,47,0.4461,Employee,295.1,0.1267,2,False,0.8971,False,none,3,0,0
2,29,0.5495,Employee,287.15,0.1292,10,False,0.9397,False,none,12,0,0
1,24,0.0,Director,308.71694478521164,0.0187,1,False,0.9404,False,none,6,0,0
34,0,0.0048,Executive,14.68,0.0003,0,False,0.6978,False,none,17,3,1
4,28,3.1432,Employee,2231.82,0.8586,10,False,0.5996,True,high,104,5,1
2,22,0.2569,Director,929.11,0.0706,1,False,0.9346,True,low,37,1,0
3,7,0.3074,Employee,89.75,0.0281,5,False,0.9162,True,low,30,1,0
1,32,0.0,Director,309.16346255085523,0.0128,14,False,0.8934,False,none,6,0,0
0,-1,0.4162,Contractor,104.59,0.0744,16,False,0.0,False,none,7,0,0
2,27,0.1474,Employee,101.23,0.0246,9,False,0.9276,False,none,15,0,0
3,46,0.9586,Manager,676.83,0.0784,15,False,0.9441,True,low,48,1,0
4,8,0.519,Manager,521.17,0.0716,4,False,0.9196,False,none,5,0,0
1,54,0.5283,Director,1791.28,0.0987,5,True,0.9433,False,none,14,0,0
1,33,0.0361,Director,106.34,0.0074,14,False,0.9789,False,none,14,0,0
3,9,0.5242,Manager,461.75,0.0678,3,False,0.9707,False,none,13,0,0
5,20,0.0942,Contractor,24.12,0.0249,12,False,0.9696,False,none,11,0,0
17,2,0.2748,Employee,108.51,0.0283,0,False,0.7762,False,none,10,1,1
1,48,0.1321,Manager,126.68,0.0135,2,True,0.9885,False,none,11,0,0
2,48,0.3481,Director,799.1,0.0387,0,False,0.8826,False,none,1,0,0
1,55,0.3161,Employee,115.77,0.036,2,False,0.8885,True,low,25,1,0
1,7,1.0027,Executive,4980.15,0.0792,1,True,0.7134,True,medium,83,2,1
2,15,0.3004,Manager,250.27,0.0275,7,False,0.8991,False,none,1,0,0
1,27,0.1174,Employee,61.57,0.0228,2,False,0.9123,False,none,7,0,0
5,29,0.0,Director,423.04033777489644,0.0214,9,False,0.876,False,none,2,0,0
2,42,0.2491,Employee,89.47,0.0329,1,False,0.9691,False,none,0,0,0
2,30,4.0169,Executive,20003.84,0.3951,6,True,0.283,True,high,157,8,1
0,-1,1.0839,Director,2838.36,0.1073,412,True,0.6634,True,medium,58,4,1
2,21,0.3829,Manager,451.59,0.0576,0,True,0.9775,False,none,14,0,0
2,55,0.3071,Manager,294.59,0.0463,0,False,0.8855,False,none,3,0,0
0,-1,0.6394,Director,1806.0911890871487,0.0686,3,False,0.0,False,none,2,0,0
2,9,0.6141,Employee,200.18938498803848,0.0808,20,False,0.8741,False,none,1,0,0
0,-1,0.7676,Contractor,144.25,0.1323,0,False,0.0,False,none,10,0,0
3,52,0.9937,Employee,320.4041475290881,0.0994,3,True,0.963,False,none,6,0,0
3,37,0.2492,Manager,332.96,0.0429,0,False,0.957,False,none,10,0,0
4,49,0.0505,Director,174.66,0.0062,0,True,0.9567,False,none,14,0,0
3,24,0.1615,Employee,112.7,0.038,3,False,0.9535,False,none,14,0,0
0,-1,0.2434,Employee,114.64,0.0397,1,False,0.0,True,low,18,1,0
0,-1,0.6272,Executive,2684.92,0.062,14,False,0.0,False,none,7,0,0
1,23,0.385,Manager,340.38,0.0412,1,False,0.9874,False,none,14,0,0
1,40,0.5734,Employee,251.37043406142394,0.0818,0,False,0.8743,True,low,49,1,0
0,-1,0.1872,Employee,107.4,0.0371,4,False,0.0,False,none,3,0,0
3,16,0.3475,Contractor,50.91,0.0359,3,True,0.8613,False,none,3,0,0
0,-1,0.7355,Manager,711.69,0.1106,203,False,0.6756,True,medium,83,5,1
3,39,0.3428,Employee,183.71,0.0574,7,False,0.9037,False,none,4,0,0
1,48,0.1038,Manager,145.72,0.0279,4,True,0.9401,False,none,5,0,0
2,27,0.4811,Employee,217.56,0.0781,9,False,0.9398,False,none,14,0,0
0,-1,1.0294,Employee,630.5552248738237,0.3325,0,False,0.0,False,none,3,0,0
1,22,0.345,Employee,141.92,0.0368,10,False,0.9526,False,none,2,0,0
3,35,0.2776,Employee,132.04,0.0394,2,True,0.9521,False,none,5,0,0
4,18,0.3452,Manager,511.63,0.0564,3,False,0.9181,False,none,9,0,0
0,-1,0.0936,Manager,125.81,0.0215,12,False,0.0,False,none,2,0,0
1,38,0.2346,Employee,110.54,0.0551,0,True,0.864,False,none,15,0,0
3,22,5.805,Employee,3266.74,0.9505,8,True,0.3058,True,high,190,7,1
1,22,0.581,Employee,308.1420036078746,0.1199,5,False,0.9587,False,none,14,0,0
3,56,0.1635,Executive,945.19,0.0253,8,True,0.9501,False,none,14,0,0
0,-1,0.6404,Employee,309.0702888798058,0.0859,5,False,0.0,False,none,15,0,0
1,49,0.8297,Director,1717.0193541420533,0.0951,5,False,0.9489,False,none,5,0,0
3,57,0.1261,Manager,119.29,0.0227,1,False,0.9877,False,none,9,0,0
1,8,0.6743,Director,1859.96,0.0833,1,False,0.9019,False,none,4,0,0
1,5,0.5674,Employee,345.98,0.1102,10,False,0.9204,False,none,5,0,0
2,8,0.3986,Director,624.44,0.0643,6,False,0.9938,False,none,13,0,0
0,-1,0.3102,Executive,1446.02,0.0427,4,False,0.0,False,none,1,0,0
1,80,0.8456,Employee,476.55,0.1749,325,False,0.7399,True,medium,46,2,1
0,-1,0.318,Employee,162.24,0.0385,2,False,0.0,False,none,3,0,0
1,4,0.4796,Employee,166.51,0.0805,3,False,0.9331,False,none,0,0,0
4,11,0.4354,Manager,387.3,0.0362,11,False,0.9576,False,none,15,0,0
3,53,0.2879,Director,1020.04,0.0418,4,False,0.952,False,none,5,0,0
1,2,0.1149,Employee,66.07,0.0175,5,False,0.9499,False,none,15,0,0
0,-1,0.6325,Employee,286.43,0.1085,2,False,0.0,False,none,11,0,0
4,13,0.1671,Manager,152.94,0.0298,8,True,0.8578,False,none,6,0,0
2,31,0.3886,Employee,146.14,0.0485,0,False,0.9452,False,none,0,0,0
3,47,0.066,Contractor,14.55,0.0133,2,False,0.8891,False,none,15,0,0
2,7,0.5336,Director,1766.7,0.0953,7,False,0.9095,False,none,10,0,0
6,19,0.0,Employee,95.66,0.0299,0,True,0.9698,False,none,6,0,0
2,51,0.1805,Contractor,35.94,0.0305,7,True,0.9367,False,none,4,0,0
2,27,0.8911,Director,1891.7226876200145,0.0697,1,False,0.9815,False,none,3,0,0
3,19,6.4768,Manager,6883.32,1.0736,11,True,0.357,True,high,154,8,1
2,28,0.5741,Employee,296.53,0.1214,6,False,0.9743,False,none,14,0,0
1,30,9.2207,Manager,9564.17,0.9207,16,True,0.2916,True,high,175,7,1
2,39,0.2933,Contractor,40.7,0.0493,12,False,0.9865,False,none,2,0,0
2,61,0.3865,Employee,209.7,0.0803,363,False,0.5512,True,medium,87,4,1
2,7,0.2154,Manager,182.63,0.0178,3,False,0.889,False,none,14,0,0
3,26,0.6778,Employee,394.3443658355682,0.1341,5,False,0.9415,False,none,3,0,0
3,26,0.2745,Employee,127.01,0.0486,2,False,0.9332,True,low,40,1,0
2,60,0.4471,Manager,601.55,0.0614,9,False,0.9373,False,none,3,0,0
1,57,0.4954,Director,1651.87,0.1296,0,True,0.9252,False,none,12,0,0
1,29,0.167,Director,520.07,0.0169,6,False,0.892,False,none,14,0,0
5,16,0.5504,Director,1568.73,0.069,1,False,0.9096,False,none,3,0,0
5,9,0.1999,Director,619.9,0.0309,5,False,0.8966,False,none,15,0,0
5,48,0.1001,Employee,57.5,0.0158,12,False,0.8806,True,low,15,1,0
3,28,7.7022,Manager,7330.64,1.0457,7,False,0.2383,True,high,122,3,1
1,17,0.3697,Contractor,85.1,0.0745,10,True,0.955,False,none,15,0,0
3,13,0.335,Contractor,80.91,0.1207,3,True,0.9668,False,none,5,0,0
1,48,0.222,Director,653.31,0.0266,3,False,0.8513,False,none,1,0,0
3,13,0.2308,Employee,138.8,0.0362,0,False,0.9115,False,none,5,0,0
4,7,0.2504,Manager,303.13,0.0747,1,False,0.9444,False,none,12,0,0
7,45,0.6952,Manager,639.58,0.0875,15,False,0.8761,False,none,7,0,0
2,57,0.173,Manager,161.26,0.0183,1,False,0.9115,False,none,9,0,0
2,57,0.3554,Employee,177.02,0.0584,0,True,0.857,False,none,0,0,0
0,-1,0.5864,Executive,3126.86,0.0413,14,False,0.0,True,low,18,1,0
1,27,0.4215,Employee,128.3,0.0465,0,False,0.9538,False,none,8,0,0
3,30,0.1571,Employee,103.09,0.0386,0,False,0.9399,False,none,2,0,0
1,2,0.3666,Director,733.43,0.0532,4,False,0.9755,False,none,4,0,0
4,41,0.0,Employee,170.13,0.0653,3,False,0.8758,True,low,50,1,0
0,-1,0.2871,Manager,240.76,0.0346,1,False,0.0,True,low,19,1,0
27,2,0.0026,Executive,12.92,0.0002,2,False,0.8458,False,none,4,1,1
0,-1,0.2217,Employee,116.88,0.0316,7,False,0.0,False,none,1,0,0
2,35,0.3473,Employee,182.59,0.0569,0,False,0.9376,False,none,5,0,0
0,-1,0.1834,Employee,115.22,0.0269,4,False,0.0,False,none,12,0,0
39,2,0.1643,Employee,66.0,0.0202,1,False,0.8721,False,none,20,1,1
1,12,0.2288,Director,754.6,0.0383,0,False,0.8621,False,none,9,0,0
3,34,0.2241,Employee,133.29,0.0417,4,False,0.9862,False,none,15,0,0
3,44,0.6888,Manager,555.913360447533,0.0505,5,False,0.979,False,none,8,0,0
0,-1,0.1248,Director,437.46,0.0259,1,False,0.0,False,none,7,0,0
27,2,0.0532,Contractor,10.62,0.0105,5,False,0.674,False,none,14,3,1
3,33,0.8009,Executive,4223.13,0.1172,1,False,0.9034,False,none,2,0,0
1,22,0.6245,Director,1366.512230251087,0.057,4,False,0.9994,False,none,1,0,0
3,19,0.4508,Employee,234.48,0.061,5,True,0.9672,False,none,9,0,0
2,48,0.133,Employee,66.9,0.0254,1,True,0.9829,False,none,1,0,0
3,52,0.4893,Manager,568.08,0.0601,6,True,0.9421,False,none,4,0,0
4,29,0.635,Employee,290.47552652688125,0.1135,5,True,0.8727,False,none,0,0,0
8,8,1.7665,Employee,982.38,0.3292,1,True,0.592,True,high,61,2,1
1,51,0.0827,Employee,54.01,0.0153,11,False,0.9408,False,none,15,0,0
1,48,0.2457,Manager,201.47,0.0243,9,True,0.9568,True,low,20,1,0
2,47,0.3443,Executive,1644.93,0.0379,3,False,0.8503,False,none,7,0,0
1,46,0.7162,Director,2039.06,0.0895,0,False,0.8969,False,none,6,0,0
1,60,0.1015,Employee,45.42,0.0143,1,False,0.8515,False,none,3,0,0
3,37,0.5222,Employee,223.66,0.0796,0,False,0.9054,False,none,8,0,0
1,50,0.2166,Employee,122.07,0.0461,2,False,0.9425,False,none,14,0,0
3,34,0.1323,Manager,120.23,0.0193,4,False,0.8558,False,none,7,0,0
0,-1,0.2498,Manager,316.85,0.0419,5,False,0.0,False,none,13,0,0
2,13,0.1874,Employee,84.0,0.0289,4,False,0.9862,False,none,12,0,0
3,30,0.5953,Director,1644.05,0.054,2,False,0.9474,False,none,13,0,0
5,35,0.3375,Director,828.7,0.0472,1,True,0.9027,False,none,5,0,0
2,48,0.1272,Executive,632.41,0.011,0,False,0.8654,True,low,41,1,0
4,15,3.7102,Employee,2611.99,0.728,20,False,0.2791,True,high,188,8,1
1,43,0.2821,Employee,143.44,0.0409,3,True,0.8721,False,none,8,0,0
2,11,0.6286,Contractor,151.3276962506098,0.1492,0,False,0.9127,False,none,14,0,0
1,61,0.7214,Employee,390.41,0.1198,360,True,0.7107,True,medium,80,4,1
2,4,0.2989,Employee,112.24,0.0383,3,False,0.9421,False,none,13,0,0
2,26,0.4049,Employee,282.64,0.087,2,False,0.9683,False,none,15,0,0
4,39,0.378,Employee,228.61,0.0773,3,False,0.8503,False,none,2,0,0
9,4,0.0,Contractor,283.08,0.2549,0,True,0.7968,True,medium,102,5,1
4,14,0.148,Employee,82.79,0.0247,4,True,0.9867,True,low,42,1,0
5,5,2.0838,Employee,1017.77,0.3011,1,True,0.506,True,high,122,4,1
0,-1,0.7998,Director,1652.56,0.0813,7,False,0.0,False,none,14,0,0
3,2,0.3657,Manager,310.99,0.0339,1,False,0.9112,False,none,8,0,0
7,10,1.2696,Contractor,262.73,0.3191,0,True,0.4764,True,high,193,2,1
5,25,9.3398,Executive,54139.43,0.8405,20,True,0.5001,True,high,228,4,1
0,-1,0.4748,Employee,137.0,0.0441,5,False,0.0,False,none,3,0,0
2,11,0.0,Employee,356.9127274462912,0.1604,1,False,0.9564,False,none,6,0,0
2,19,0.9759,Employee,235.61092126003552,0.0733,0,False,0.8845,False,none,5,0,0
3,23,0.0,Employee,131.31,0.0426,2,True,0.9829,True,low,25,1,0
1,8,0.5153,Employee,293.56,0.0763,1,False,0.873,False,none,13,0,0
1,7,0.4691,Manager,523.01,0.0611,18,False,0.9235,False,none,6,0,0
2,44,0.9876,Employee,698.5958685463924,0.2783,3,False,0.9303,False,none,9,0,0
2,55,0.2085,Employee,121.53,0.0404,3,True,0.9999,False,none,10,0,0
6,4,1.6704,Employee,814.66,0.2698,1,True,0.4365,True,high,145,2,1
4,38,0.2987,Employee,213.87,0.0977,6,False,0.9771,True,low,16,1,0
3,3,1.4766,Employee,666.82,0.2394,1,True,0.589,True,high,82,2,1
3,11,0.1814,Employee,98.66,0.0357,3,True,0.9829,False,none,11,0,0
2,41,0.3697,Employee,255.69,0.105,3,False,0.8518,False,none,10,0,0
1,16,0.7422,Employee,163.65945159111342,0.0579,11,False,0.9428,False,none,6,0,0
2,1,0.2361,Executive,749.87,0.0165,7,True,0.9101,False,none,9,0,0
4,8,2.0857,Manager,1652.45,0.1768,0,True,0.4679,True,medium,149,5,1
4,23,0.3153,Contractor,68.3,0.0599,2,True,0.8956,False,none,2,0,0
3,48,0.0477,Manager,71.84,0.0,9,False,0.9284,True,low,50,1,0
3,26,0.4964,Employee,293.22,0.0905,4,True,0.8551,False,none,7,0,0
1,33,0.665,Director,1448.8090911932613,0.0637,5,True,0.9452,False,none,1,0,0
3,51,0.2624,Employee,115.98,0.0642,3,False,0.977,False,none,3,0,0
2,5,1.0111,Manager,594.8243666809814,0.0946,1,True,0.982,False,none,8,0,0
1,44,0.3534,Employee,163.26,0.0668,1,False,0.9387,False,none,13,0,0
3,22,0.4578,Employee,202.67,0.0562,0,False,0.9258,False,none,15,0,0
0,-1,0.7306,Director,2290.921126506104,0.173,0,False,0.0,False,none,10,0,0
5,5,1.5736,Employee,809.31,0.2541,1,True,0.4777,True,medium,171,2,1
2,58,0.2191,Executive,1120.54,0.0224,2,False,0.9216,True,low,12,1,0
1,43,0.1576,Manager,180.56,0.0207,7,False,0.8786,False,none,13,0,0
5,24,0.3379,Director,947.05,0.031,0,False,0.8962,True,low,30,1,0
2,23,0.0904,Employee,63.83,0.017,0,False,0.9725,False,none,12,0,0
1,9,0.092,Manager,89.75,0.008,2,False,0.9176,False,none,1,0,0
3,50,0.2264,Employee,86.81,0.021,1,False,0.8916,False,none,12,0,0
1,16,0.2599,Employee,143.48,0.047,6,False,0.9227,False,none,6,0,0
0,-1,0.5489,Employee,366.5120348733943,0.1185,13,False,0.0,False,none,11,0,0
1,60,0.3193,Employee,156.77,0.0514,0,True,0.9942,True,low,35,1,0
4,50,0.9035,Employee,390.12,0.1684,1,False,0.8632,True,low,44,1,0
2,26,0.0,Contractor,12.3,0.0099,0,True,0.9114,False,none,12,0,0
2,26,0.726,Employee,335.08,0.0932,2,True,0.9959,False,none,15,0,0
3,60,0.4025,Employee,176.38,0.0553,1,False,0.9647,False,none,4,0,0
0,-1,0.7262,Director,2281.61,0.1156,413,False,0.796,True,medium,91,3,1
27,0,0.0927,Employee,50.41,0.0146,4,False,0.657,False,none,0,3,1
18,1,0.0906,Manager,74.54,0.0097,2,False,0.6059,False,none,9,1,1
2,1,0.2829,Director,1132.01,0.0547,0,False,0.9184,False,none,3,0,0
1,15,0.8138,Executive,4041.38,0.0695,0,False,0.8909,False,none,15,0,0
5,23,0.2515,Manager,132.51,0.0116,13,True,0.8657,False,none,13,0,0
2,40,0.0986,Employee,50.34,0.0185,3,False,0.9577,False,none,4,0,0
2,54,0.2106,Employee,125.4,0.0377,0,False,0.9667,False,none,11,0,0
4,39,0.4198,Manager,485.93,0.0528,0,False,0.9506,True,low,47,1,0
2,24,0.2217,Employee,110.08,0.0629,10,True,0.8855,False,none,12,0,0
1,56,0.3911,Employee,199.72,0.0555,0,False,0.8935,False,none,3,0,0
4,49,0.0908,Employee,38.27,0.0,2,False,0.8807,False,none,14,0,0
0,-1,0.971,Director,3399.9,0.1292,214,True,0.7869,True,medium,30,2,1
1,26,3.1065,Employee,1531.04,0.5762,14,False,0.3569,True,high,188,4,1
0,-1,0.2686,Employee,87.87,0.028,10,True,0.0,False,none,1,0,0
4,6,0.1537,Manager,138.92,0.0146,9,False,0.8527,False,none,6,0,0
0,-1,0.6757,Employee,199.55,0.0766,7,False,0.0,False,none,14,0,0
2,46,0.1083,Director,333.87,0.0186,3,False,0.8861,False,none,6,0,0
4,6,0.2476,Manager,254.82,0.0246,4,False,0.9193,False,none,9,0,0
2,29,0.3041,Contractor,45.78,0.057,1,False,0.9086,False,none,5,0,0
2,36,0.3913,Employee,256.71,0.0895,3,False,0.8851,False,none,5,0,0
2,14,0.2706,Employee,178.05,0.0705,0,False,0.9183,False,none,4,0,0
3,17,0.0,Employee,510.94291312978714,0.1397,12,False,0.9136,False,none,0,0,0
0,-1,0.337,Contractor,98.15,0.0867,4,False,0.0,False,none,5,0,0
37,0,0.1055,Employee,48.68,0.0126,2,True,0.6108,False,none,18,1,1
0,-1,0.2193,Director,446.09,0.0175,2,True,0.0,False,none,13,0,0
1,33,0.3334,Contractor,59.75,0.0525,0,False,0.8938,False,none,9,0,0
2,30,0.5431,Employee,235.29,0.1114,6,False,0.9003,False,none,9,0,0
3,39,0.2505,Employee,148.22,0.0493,16,False,0.8815,False,none,13,0,0
1,12,0.6805,Employee,372.16,0.1163,1,False,0.8635,False,none,11,0,0
2,5,0.8011,Employee,471.7967879217394,0.1747,0,True,0.9534,True,low,24,1,0
4,17,0.1954,Employee,83.18,0.0303,2,False,0.8576,False,none,6,0,0
3,23,0.1779,Manager,160.4,0.0206,1,False,0.8806,False,none,9,0,0
2,46,0.1207,Executive,610.93,0.0149,1,False,0.9931,False,none,4,0,0
2,51,0.5117,Director,1240.05,0.0735,5,False,0.9083,False,none,2,0,0
3,41,0.143,Manager,205.2,0.0274,4,False,0.8867,False,none,10,0,0
1,57,0.6769,Director,1699.15,0.0651,5,False,0.9464,False,none,6,0,0
1,21,0.3649,Employee,141.31,0.0354,3,True,0.9094,False,none,11,0,0
1,35,0.8042,Contractor,83.85,0.0908,6,False,0.8684,False,none,12,0,0
1,5,0.22,Contractor,58.0,0.0646,3,False,0.9601,False,none,14,0,0
2,42,0.7789,Director,2416.211371596019,0.1163,0,False,0.8675,False,none,8,0,0
0,-1,0.163,Employee,81.56,0.0266,6,True,0.0,False,none,15,0,0
1,26,0.3161,Contractor,84.69,0.0883,0,False,0.9814,False,none,2,0,0
3,45,0.2888,Director,828.62,0.0471,5,False,0.8696,False,none,3,0,0
1,83,0.1621,Director,582.77,0.037,499,True,0.5361,True,medium,60,3,1
2,49,0.2795,Director,1217.13,0.0551,1,True,0.9735,False,none,8,0,0
1,6,0.3536,Employee,182.21,0.0454,2,False,0.9606,False,none,12,0,0
2,57,0.0661,Director,225.01,0.0142,5,False,0.9595,False,none,15,0,0
3,19,0.1422,Director,423.75,0.022,9,True,0.9042,False,none,7,0,0
0,-1,0.66,Employee,229.48,0.0718,16,False,0.0,False,none,8,0,0
4,18,0.0781,Employee,39.72,0.0128,2,False,0.9539,False,none,8,0,0
1,9,0.4992,Employee,255.4,0.068,8,False,0.9445,False,none,3,0,0
4,40,0.6286,Employee,292.054540669483,0.1211,4,False,0.8922,False,none,4,0,0
2,57,0.118,Director,394.77,0.0327,25,False,0.902,False,none,9,0,0
1,3,2.4113,Employee,913.59,0.3638,0,True,0.6216,True,medium,161,5,1
2,47,0.5103,Employee,165.6,0.0538,2,False,0.9726,False,none,3,0,0
1,5,0.8524,Employee,557.7077550029804,0.2444,2,True,0.9599,False,none,6,0,0
2,1,2.6163,Employee,940.08,0.289,1,True,0.4668,True,high,119,4,1
1,37,0.8786,Employee,296.5860061942745,0.1007,4,True,0.978,False,none,13,0,0
2,58,0.5173,Executive,3057.45,0.0858,4,True,0.8791,False,none,7,0,0
1,42,0.3622,Employee,233.93,0.059,2,False,0.9093,False,none,8,0,0
1,57,0.1496,Employee,72.14,0.0258,10,False,0.9241,False,none,10,0,0
1,11,9.8416,Employee,3404.54,0.9732,14,True,0.5169,True,high,269,4,1
0,-1,0.3072,Employee,142.82,0.0774,0,False,0.0,False,none,6,0,0
1,51,0.5413,Employee,259.62,0.0947,0,True,0.8581,False,none,13,0,0
0,-1,0.3566,Employee,158.49,0.0493,2,True,0.0,False,none,12,0,0
0,-1,0.1277,Director,354.37,0.0221,16,False,0.0,False,none,3,0,0
3,21,0.4634,Manager,712.53,0.0791,8,True,0.8871,False,none,15,0,0
0,-1,0.3827,Director,1286.84,0.0465,13,False,0.0,False,none,12,0,0
0,-1,0.478,Executive,3438.07,0.0648,442,True,0.681,True,medium,73,2,1
3,30,0.2244,Employee,94.97,0.0341,0,False,0.8509,False,none,3,0,0
6,5,1.7254,Manager,1305.74,0.119,1,True,0.5587,True,medium,158,3,1
1,2,0.8284,Manager,926.033092043514,0.1574,3,False,0.9187,False,none,6,0,0
0,-1,0.2429,Employee,131.06,0.0425,0,False,0.0,False,none,10,0,0
3,57,0.1771,Employee,115.46,0.0315,3,True,0.882,False,none,9,0,0
1,53,0.1575,Contractor,32.48,0.0266,12,False,0.9046,True,low,27,1,0
4,7,0.3241,Employee,140.38,0.0466,7,False,0.8968,False,none,12,0,0
7,11,0.1688,Manager,166.23,0.0146,15,True,0.9772,False,none,7,0,0
2,40,0.2994,Executive,1677.89,0.0417,20,False,0.8572,True,low,15,1,0
2,53,0.368,Manager,351.79,0.0544,0,False,0.8895,False,none,13,0,0
2,6,0.2259,Director,396.54,0.0,0,False,0.9963,False,none,3,0,0
2,43,0.4293,Executive,1528.94,0.0302,18,False,0.8623,False,none,1,0,0
2,53,0.7433,Employee,203.0,0.0615,4,False,0.8531,True,low,14,1,0
2,39,0.175,Director,515.03,0.0345,13,False,0.9301,False,none,3,0,0
3,29,0.44,Employee,247.69,0.0977,14,False,0.8965,True,low,20,1,0
1,37,0.1802,Employee,94.21,0.0368,24,False,0.9465,False,none,0,0,0
3,59,0.4274,Contractor,86.55,0.071,5,False,0.8631,False,none,0,0,0
2,49,0.2592,Director,1048.17,0.0443,0,False,0.8681,False,none,11,0,0
4,58,0.4301,Manager,505.7,0.0922,1,False,0.8768,False,none,10,0,0
23,2,0.6062,Contractor,118.36,0.1011,5,False,0.8476,False,none,19,2,1
5,3,1.1444,Employee,673.5,0.1981,0,True,0.4889,True,high,178,6,1
3,6,0.1563,Employee,56.78,0.0169,13,False,0.9307,False,none,9,0,0
1,6,1.2355,Employee,703.35,0.258,0,True,0.7029,True,medium,87,5,1
3,14,0.1533,Employee,86.99,0.0301,1,True,0.9072,False,none,15,0,0
5,18,8.7806,Employee,3244.23,1.3321,20,False,0.6581,True,high,226,7,1
3,18,0.287,Manager,209.03,0.0188,13,False,0.9063,False,none,11,0,0
1,59,0.2904,Contractor,59.22,0.0534,1,False,0.9641,False,none,10,0,0
2,40,0.428,Employee,180.34,0.0664,12,False,0.8814,False,none,2,0,0
1,51,0.1943,Employee,105.89,0.0361,0,False,0.9313,False,none,3,0,0
3,9,0.657,Manager,718.7371178392015,0.1071,0,False,0.9801,False,none,12,0,0
1,30,0.255,Employee,144.13,0.045,3,False,0.8609,False,none,0,0,0
3,54,0.1783,Executive,1150.05,0.04,4,False,0.9121,False,none,13,0,0
1,46,0.167,Manager,189.81,0.0197,10,False,0.9328,False,none,4,0,0
1,19,0.2186,Director,713.61,0.0422,3,True,0.9952,True,low,41,1,0
3,20,0.6188,Executive,3008.47,0.0561,3,False,0.9464,False,none,6,0,0
1,50,0.5911,Contractor,124.11,0.1571,17,False,0.9171,False,none,6,0,0
5,12,0.2451,Manager,235.14,0.0278,0,False,0.9401,False,none,4,0,0
2,19,0.508,Director,1262.2832979383934,0.0531,2,False,0.8982,False,none,0,0,0
2,19,0.0,Director,379.93774223419405,0.0342,5,True,0.9403,False,none,7,0,0
2,48,0.6672,Employee,259.84,0.0828,0,False,0.8968,False,none,13,0,0
2,14,0.2964,Contractor,53.49,0.0574,9,False,0.9909,False,none,13,0,0
1,5,0.1591,Manager,136.86,0.0159,2,False,0.8949,False,none,13,0,0
36,2,0.1012,Employee,54.74,0.0208,0,False,0.7936,False,none,12,1,1
2,58,0.1454,Manager,148.01,0.0204,2,True,0.969,False,none,2,0,0
2,46,0.1592,Employee,49.8,0.0174,4,False,0.9515,False,none,4,0,0
15,1,0.0,Director,32.16,0.0014,1,False,0.6425,False,none,15,3,1
5,57,0.1701,Manager,106.13,0.0114,21,False,0.9642,True,low,44,1,0
0,-1,0.1581,Manager,145.18,0.0221,3,False,0.0,False,none,9,0,0
1,3,1.7727,Employee,838.88,0.3087,0,True,0.6335,True,medium,64,2,1
3,19,0.2367,Employee,117.83,0.0328,0,False,0.9462,False,none,5,0,0
2,56,0.2773,Employee,135.33,0.0725,1,False,0.8729,False,none,1,0,0
3,11,0.1934,Manager,233.71,0.0263,0,False,0.9136,False,none,2,0,0
2,59,0.9587,Employee,469.4837531797021,0.1506,9,False,0.931,False,none,13,0,0
2,56,0.2216,Employee,88.63,0.0359,7,True,0.853,False,none,11,0,0
2,58,0.6998,Employee,288.83,0.0685,8,True,0.8963,True,low,19,1,0
1,8,0.2771,Employee,117.05,0.0525,0,False,0.9218,False,none,10,0,0
0,-1,0.386,Employee,213.3,0.0768,2,True,0.0,True,low,48,1,0
1,24,0.8101,Director,2046.1972492923176,0.1232,0,False,0.9765,False,none,10,0,0
3,52,0.6426,Contractor,138.19670565308627,0.0,14,False,0.8575,False,none,0,0,0
3,9,0.2454,Director,744.67,0.0359,5,True,0.908,False,none,8,0,0
0,-1,0.1661,Employee,60.2,0.0179,0,False,0.0,False,none,2,0,0
3,27,8.6903,Employee,2918.48,0.7791,9,True,0.3653,True,high,211,3,1
0,-1,0.2204,Employee,122.25,0.0326,1,False,0.0,True,low,42,1,0
1,55,0.1114,Director,492.51,0.0232,2,True,0.8554,True,low,24,1,0
0,-1,0.1957,Employee,96.97,0.0257,11,False,0.0,False,none,4,0,0
2,27,0.5886,Director,1916.95,0.0974,1,False,0.9439,False,none,7,0,0
2,109,0.7509,Director,2418.19,0.134,221,True,0.6081,True,medium,60,4,1
1,54,0.5293,Director,1688.59,0.0676,2,True,0.9303,False,none,8,0,0
1,29,0.2103,Executive,1281.03,0.0242,3,False,0.9902,True,low,49,1,0
3,26,0.1792,Manager,119.54,0.0146,1,False,0.9664,False,none,5,0,0
2,20,0.2107,Contractor,51.04,0.0521,2,False,0.9633,False,none,4,0,0
0,-1,0.2185,Employee,98.2,0.0322,5,False,0.0,False,none,6,0,0
4,11,0.5623,Director,1728.6484892774042,0.0874,2,False,0.8567,True,low,39,1,0
0,-1,0.0474,Employee,32.73,0.0,0,False,0.0,True,low,36,1,0
1,50,0.0,Contractor,40.06,0.041,3,False,0.8665,False,none,9,0,0
4,15,0.3641,Manager,324.48,0.0667,2,False,0.9476,False,none,14,0,0
1,60,0.5722,Employee,175.11340122621516,0.071,1,False,0.9738,False,none,5,0,0
3,21,0.1526,Contractor,39.33,0.0345,4,False,0.9361,False,none,2,0,0
3,48,0.0711,Employee,23.4,0.0057,0,False,0.8901,False,none,15,0,0
2,9,0.6437,Manager,407.32363382257347,0.0419,17,False,0.9873,False,none,1,0,0
0,-1,0.8498,Employee,416.9397413755481,0.1604,2,False,0.0,False,none,9,0,0
1,89,0.5539,Manager,574.28,0.0911,482,True,0.6455,True,medium,55,5,1
3,54,0.3189,Director,1099.35,0.0491,3,False,0.9963,False,none,0,0,0
2,1,0.4341,Director,1508.52,0.0712,16,False,0.8934,False,none,3,0,0
2,34,0.5727,Employee,246.7,0.1334,0,False,0.9206,False,none,15,0,0
2,39,0.1947,Employee,118.8,0.0293,7,False,0.8532,True,low,16,1,0
4,20,0.204,Manager,210.01,0.028,6,False,0.8519,False,none,14,0,0
1,33,0.6182,Employee,301.83548612811387,0.0916,11,False,0.8958,False,none,1,0,0
1,22,0.2487,Employee,122.42,0.0388,7,True,0.9839,False,none,7,0,0
3,15,0.3791,Employee,176.09,0.0631,0,False,0.9921,False,none,10,0,0
4,53,0.4463,Employee,245.7,0.0824,0,False,0.8715,False,none,7,0,0
2,27,0.7859,Employee,371.47415033317077,0.1149,0,False,0.8822,False,none,14,0,0
0,-1,0.0803,Employee,48.55,0.0163,1,True,0.0,False,none,1,0,0
2,19,0.3139,Employee,178.44,0.0538,1,False,0.8543,False,none,10,0,0
4,47,0.6296,Employee,132.40879955170854,0.0405,1,True,0.8872,True,low,32,1,0
2,51,0.2268,Manager,265.79,0.024,1,False,0.8639,False,none,5,0,0
1,38,0.2935,Employee,121.62,0.0515,17,False,0.936,False,none,2,0,0
2,47,0.358,Director,1084.19,0.0449,0,False,0.8803,False,none,1,0,0
1,14,0.184,Director,637.74,0.0276,7,False,0.9027,False,none,7,0,0
2,49,0.3744,Employee,154.98,0.0455,0,True,0.9534,False,none,3,0,0
1,43,0.335,Employee,210.43,0.0754,2,False,0.8666,False,none,8,0,0
2,40,0.3752,Employee,192.03,0.0973,6,False,0.9762,False,none,11,0,0
1,59,0.3536,Manager,400.83,0.0,3,False,0.8771,False,none,14,0,0
0,-1,0.2509,Employee,134.84,0.055,0,True,0.0,False,none,15,0,0
4,27,0.4318,Employee,195.25,0.0943,0,False,0.8933,False,none,7,0,0
2,42,0.7745,Employee,242.52972737432412,0.0943,1,False,0.9796,False,none,6,0,0
0,-1,0.4504,Employee,249.05,0.0709,1,False,0.0,False,none,2,0,0
5,8,2.6159,Employee,1053.97,0.267,1,True,0.6732,True,medium,150,5,1
2,20,0.3931,Employee,240.46,0.0709,9,False,0.8569,False,none,14,0,0
4,14,0.1684,Manager,152.35,0.0164,11,False,0.89,False,none,12,0,0
0,-1,0.0815,Director,252.09,0.0094,4,False,0.0,False,none,12,0,0
4,9,0.9415,Employee,535.0033458747599,0.1913,1,False,0.9747,True,low,43,1,0
2,4,0.1602,Director,568.74,0.03,1,False,0.8635,False,none,13,0,0
5,30,0.1026,Employee,61.53,0.0156,14,False,0.9474,False,none,8,0,0
2,18,0.336,Employee,207.61,0.1111,2,False,0.9012,False,none,14,0,0
4,28,0.5557,Employee,267.481613155137,0.0746,16,False,0.8706,False,none,8,0,0
1,3,0.0237,Employee,12.76,0.0045,3,False,0.9981,False,none,5,0,0
3,5,0.1218,Employee,69.93,0.0239,0,False,0.9211,False,none,11,0,0
2,36,0.5921,Employee,356.34,0.1516,3,True,0.9847,False,none,12,0,0
4,44,0.1786,Director,552.94,0.0256,7,True,0.8676,False,none,14,0,0
2,1,0.322,Employee,150.92,0.051,1,False,0.8555,False,none,8,0,0
2,42,0.3721,Manager,430.2,0.0753,3,False,0.9098,False,none,3,0,0
3,3,0.2773,Employee,118.59,0.0334,4,False,0.9317,False,none,12,0,0
4,48,0.3082,Director,786.53,0.0433,1,False,0.9235,False,none,12,0,0
0,-1,0.3953,Director,1121.92,0.0478,21,False,0.0,False,none,11,0,0
2,26,9.6509,Contractor,2133.12,1.8853,6,True,0.2332,True,high,334,5,1
10,1,1.5396,Employee,931.13,0.2703,1,True,0.5933,True,high,182,2,1
4,11,0.4219,Employee,144.59,0.047,4,True,0.9328,False,none,0,0,0
7,2,1.4819,Director,5829.31,0.2977,1,True,0.5303,True,high,193,4,1
0,-1,0.3016,Employee,125.03,0.051,0,False,0.0,False,none,6,0,0
2,44,0.1565,Employee,78.81,0.0292,2,False,0.9595,False,none,3,0,0
4,37,0.9214,Employee,494.84778305563566,0.1741,5,False,0.9337,False,none,9,0,0
2,4,0.5205,Employee,157.69,0.0661,2,False,0.9519,False,none,0,0,0
1,9,0.1556,Director,452.15,0.0196,8,False,0.915,False,none,10,0,0
5,58,0.9524,Employee,498.05861651690833,0.1529,6,False,0.9207,False,none,2,0,0
3,47,0.0,Employee,175.89,0.0909,4,True,0.9917,True,low,38,1,0
2,11,0.283,Employee,146.2,0.0439,2,False,0.8521,False,none,13,0,0
5,12,0.4523,Employee,245.08,0.0866,2,False,0.8712,False,none,8,0,0
4,48,0.2464,Manager,251.81,0.0249,7,True,0.9824,False,none,0,0,0
5,17,0.0952,Employee,26.99,0.0107,4,False,0.9022,False,none,14,0,0
1,55,0.732,Employee,263.54985441271805,0.1225,2,False,0.9403,False,none,5,0,0
1,32,0.872,Employee,406.8105497658317,0.1437,0,False,0.8729,False,none,6,0,0
2,20,0.2731,Contractor,36.94,0.0441,8,True,0.8854,False,none,11,0,0
2,53,0.361,Employee,148.03,0.0492,1,False,0.9997,False,none,3,0,0
1,20,0.1849,Employee,68.86,0.0222,6,False,0.9368,False,none,7,0,0
2,25,0.4128,Employee,133.82,0.0499,4,False,0.9565,False,none,10,0,0
1,51,0.2144,Contractor,52.8,0.0631,1,False,0.9771,True,low,22,1,0
3,45,0.2158,Employee,117.56,0.0381,0,False,0.9748,False,none,8,0,0
3,37,0.2958,Executive,1121.71,0.0215,1,False,0.9616,False,none,15,0,0
1,17,0.0,Director,247.93,0.0108,1,False,0.9502,False,none,13,0,0
2,51,0.1353,Manager,104.03,0.0143,2,False,0.8512,False,none,6,0,0
1,36,0.0,Director,489.48635673399133,0.0158,0,False,0.9968,False,none,6,0,0
2,55,0.3395,Employee,112.1,0.0528,6,True,0.8751,False,none,14,0,0
2,45,0.224,Employee,95.79,0.0321,14,False,0.8975,False,none,10,0,0
1,15,0.3693,Contractor,72.5,0.0694,0,False,0.8724,False,none,4,0,0
1,18,0.1289,Employee,76.86,0.0285,2,False,0.8573,False,none,1,0,0
29,0,0.1874,Employee,78.51,0.0226,2,True,0.7695,False,none,10,2,1
0,-1,0.3943,Employee,178.57,0.0413,13,True,0.0,False,none,3,0,0
1,42,0.2449,Director,908.48,0.057,2,True,0.9631,False,none,6,0,0
1,5,1.4967,Employee,840.6,0.2673,1,True,0.7152,True,medium,181,3,1
1,9,0.1709,Contractor,43.2,0.0784,12,True,0.9256,False,none,3,0,0
3,20,6.5273,Employee,2932.05,0.904,17,False,0.5122,True,high,130,4,1
5,13,0.3071,Director,505.69,0.023,4,False,0.9954,False,none,14,0,0
1,7,0.2138,Manager,199.55,0.0201,1,False,0.87,False,none,13,0,0
1,8,0.4535,Director,1173.86,0.0498,0,False,0.8658,False,none,10,0,0
4,46,0.6725,Employee,318.95,0.0974,1,False,0.933,False,none,3,0,0
1,41,0.7073,Contractor,137.72,0.1596,4,False,0.9305,True,low,27,1,0
2,29,0.1889,Employee,82.99,0.0303,3,False,0.943,False,none,9,0,0
1,57,0.7974,Contractor,133.5624726650371,0.1246,8,False,0.9004,False,none,1,0,0
2,34,0.0351,Contractor,11.8,0.01,4,False,0.931,False,none,9,0,0
1,49,0.7135,Director,2235.6385611442765,0.1348,0,False,0.9897,False,none,9,0,0
20,0,0.1223,Manager,121.32,0.0216,3,False,0.6582,False,none,16,3,1
1,13,0.0,Employee,57.97,0.0193,8,False,0.993,False,none,1,0,0
4,7,0.7974,Employee,426.9408111222206,0.1499,4,True,0.9558,False,none,14,0,0
2,9,0.5647,Employee,337.29,0.1025,12,False,0.9554,False,none,8,0,0
2,12,0.2441,Manager,251.94,0.0377,2,True,0.9229,True,low,17,1,0
1,101,0.9533,Director,3446.24,0.2008,443,False,0.5046,True,medium,82,4,1
0,-1,0.1651,Contractor,47.93,0.0394,0,False,0.0,False,none,7,0,0
1,40,0.5545,Employee,215.54,0.0465,2,False,0.9451,True,low,29,1,0
1,4,0.0,Manager,385.6894137135357,0.0501,4,False,0.8961,False,none,9,0,0
9,6,0.0,Employee,564.18,0.2745,1,True,0.7851,True,medium,101,4,1
2,2,0.3286,Employee,150.3,0.0616,10,True,0.8877,False,none,13,0,0
2,58,0.2815,Employee,126.92,0.058,0,False,0.9415,False,none,6,0,0
1,48,0.3245,Employee,132.81,0.0445,8,False,0.8642,False,none,2,0,0
1,53,0.023,Director,89.46,0.0,2,False,0.855,False,none,15,0,0
1,15,0.8836,Contractor,164.56453029146843,0.2181,1,True,0.9835,False,none,14,0,0
3,11,0.0824,Employee,45.66,0.0169,8,True,0.9001,False,none,5,0,0
1,28,0.2485,Manager,144.75,0.0207,4,False,0.9777,False,none,14,0,0
2,56,0.2035,Employee,116.83,0.0312,10,False,0.9825,False,none,5,0,0
2,5,0.9267,Employee,405.6,0.1601,2,False,0.9276,False,none,12,0,0
5,6,2.2995,Employee,930.48,0.3613,0,True,0.7696,True,high,141,6,1
3,38,0.2031,Employee,100.59,0.0378,12,False,0.8642,False,none,2,0,0
0,-1,0.8785,Employee,339.33,0.1198,21,True,0.0,False,none,8,0,0
1,7,0.5809,Contractor,130.8305899127496,0.1663,1,False,0.8933,False,none,12,0,0
0,-1,0.1247,Contractor,32.5,0.0327,15,True,0.0,False,none,14,0,0
6,59,0.1005,Employee,69.49,0.0285,4,False,0.9035,True,low,23,1,0
3,25,0.7628,Employee,198.50112814652496,0.0746,0,False,0.969,False,none,15,0,0
2,17,0.4761,Director,1305.79,0.0551,0,False,0.8753,False,none,2,0,0
2,51,0.2652,Employee,140.82,0.0326,13,False,0.8659,False,none,13,0,0
3,36,0.1664,Employee,77.06,0.0305,18,False,0.9192,False,none,9,0,0
1,3,0.5848,Director,1552.97,0.0706,6,False,0.9111,False,none,14,0,0
2,28,0.1529,Executive,885.46,0.0208,2,False,0.9208,False,none,12,0,0
0,-1,0.046,Employee,30.4,0.0085,1,False,0.0,False,none,12,0,0
0,-1,0.3391,Employee,198.63,0.0574,3,False,0.0,False,none,10,0,0
4,26,6.2674,Employee,3769.68,1.6694,18,False,0.4323,True,high,101,6,1
38,0,0.0297,Director,102.88,0.0051,1,False,0.7475,False,none,12,1,1
4,38,0.3447,Employee,171.12,0.0641,0,False,0.8997,False,none,6,0,0
3,2,0.3536,Director,768.9,0.0446,3,False,0.8967,False,none,13,0,0
2,53,0.2689,Employee,142.06,0.0457,7,False,0.9788,True,low,27,1,0
6,42,0.2183,Manager,237.31,0.0285,3,False,0.9072,False,none,1,0,0
2,42,0.1727,Employee,89.21,0.0298,0,False,0.9256,False,none,7,0,0
3,27,0.3566,Director,1015.01,0.0456,2,False,0.9314,False,none,1,0,0
1,55,0.3317,Employee,174.95,0.0583,13,False,0.8641,False,none,11,0,0
3,31,0.4991,Director,1370.98,0.0529,4,False,0.9328,False,none,11,0,0
2,6,0.2618,Manager,363.95,0.0523,25,True,0.9611,False,none,7,0,0
2,38,0.4541,Employee,229.03,0.1042,12,False,0.8795,False,none,1,0,0
4,50,0.2437,Manager,171.74,0.0285,4,False,0.8902,False,none,2,0,0
28,0,0.149,Employee,93.48,0.0398,3,False,0.6173,False,none,16,2,1
0,-1,0.0,Employee,119.29,0.0433,4,False,0.0,False,none,12,0,0
0,-1,0.6251,Director,2071.6363819028757,0.0821,3,False,0.0,False,none,0,0,0
4,1,0.9338,Employee,615.85,0.3659,0,True,0.7295,True,high,199,6,1
4,19,0.1943,Director,696.99,0.0273,10,False,0.9812,False,none,8,0,0
2,45,0.2432,Employee,109.78,0.0311,0,False,0.9336,False,none,8,0,0
2,111,0.6066,Employee,237.38,0.0863,412,True,0.6659,True,medium,73,2,1
3,9,0.1451,Manager,96.04,0.0101,2,False,0.9294,False,none,6,0,0
1,31,0.3646,Employee,181.66,0.0753,1,False,0.9809,False,none,2,0,0
2,50,0.3729,Manager,325.66,0.0385,5,False,0.9733,False,none,12,0,0
1,51,0.5602,Director,893.0303011128565,0.0587,8,False,0.9762,False,none,7,0,0
4,40,0.1229,Employee,62.75,0.0244,5,False,0.9162,False,none,2,0,0
3,18,0.332,Employee,136.22,0.0394,1,True,0.8588,False,none,3,0,0
2,27,0.1522,Director,473.89,0.0256,8,True,0.9885,False,none,7,0,0
1,13,0.1172,Director,244.32,0.0114,0,False,0.8598,False,none,9,0,0
2,3,0.7041,Employee,341.14,0.1163,1,False,0.9146,False,none,5,0,0
0,-1,0.3249,Employee,153.46,0.0423,3,False,0.0,False,none,0,0,0
2,82,1.0857,Manager,1072.34,0.1537,329,True,0.7635,True,medium,65,5,1
3,45,0.2255,Employee,128.9,0.0445,2,False,0.9517,False,none,10,0,0
0,-1,0.8822,Contractor,206.43806600816845,0.26,11,False,0.0,False,none,10,0,0
4,2,0.1324,Employee,59.22,0.0171,14,False,0.9654,False,none,15,0,0
2,6,0.2395,Employee,111.36,0.0474,1,False,0.9261,False,none,9,0,0
4,55,0.8022,Contractor,153.5013271494136,0.1912,1,True,0.9884,False,none,8,0,0
2,43,0.1405,Employee,63.18,0.0217,0,False,0.9705,False,none,15,0,0
5,16,0.2704,Employee,198.05,0.0545,2,False,0.8561,False,none,7,0,0
4,48,0.3438,Employee,225.04,0.092,9,False,0.9512,False,none,13,0,0
2,45,0.1264,Director,411.46,0.0281,7,False,0.8746,False,none,1,0,0
7,2,0.1403,Director,449.43,0.0306,0,False,0.9564,False,none,12,0,0
5,34,0.9911,Manager,711.4130615046873,0.1213,3,False,0.9321,False,none,4,0,0
1,55,0.0,Employee,194.8,0.0619,0,False,0.8954,False,none,3,0,0
2,54,0.4967,Employee,259.63,0.109,9,False,0.9943,True,low,20,1,0
1,59,0.1918,Employee,96.98,0.0229,0,False,0.9514,False,none,12,0,0
2,105,1.4537,Manager,1020.42,0.1735,182,False,0.545,True,medium,34,5,1
1,34,0.0065,Employee,4.21,0.0014,45,False,0.9303,True,low,11,1,0
0,-1,0.2713,Manager,319.53,0.0396,4,True,0.0,False,none,7,0,0
2,63,0.8162,Employee,444.95,0.1171,359,True,0.6434,True,medium,40,2,1
1,12,0.3825,Employee,189.47,0.0722,1,True,0.8779,False,none,10,0,0
1,7,0.3308,Manager,314.68,0.0391,1,False,0.9909,False,none,5,0,0
3,55,0.4482,Employee,254.48,0.0799,7,False,0.8895,False,none,2,0,0
2,38,0.1355,Employee,74.58,0.0352,15,False,0.9236,False,none,12,0,0
2,97,0.544,Employee,215.4,0.0908,240,False,0.5658,True,medium,44,2,1
1,5,0.2194,Employee,84.54,0.0235,1,True,0.9268,False,none,13,0,0
2,4,2.5953,Executive,8251.86,0.0,1,True,0.4896,True,high,100,5,1
1,63,0.8297,Employee,397.14,0.1786,294,False,0.6091,True,medium,53,4,1
1,42,0.1986,Contractor,35.09,0.0279,4,True,0.9614,True,low,26,1,0
0,-1,0.1488,Manager,150.08,0.0221,0,False,0.0,True,low,14,1,0
2,12,0.4785,Employee,277.81,0.085,30,False,0.9553,False,none,2,0,0
0,-1,0.5256,Manager,630.91,0.0839,0,False,0.0,True,low,20,1,0
2,12,0.3953,Contractor,77.08,0.0,0,False,0.8528,False,none,2,0,0
2,54,0.4805,Employee,256.72,0.125,5,False,0.9848,False,none,7,0,0
2,4,0.5921,Manager,635.2727439657589,0.1105,7,False,0.9223,False,none,14,0,0
8,2,0.8769,Employee,553.47,0.2105,0,True,0.7658,True,medium,86,4,1
0,-1,0.1617,Employee,79.0,0.0318,7,False,0.0,True,low,40,1,0
2,57,0.6034,Manager,432.45,0.0488,5,True,0.9185,False,none,11,0,0
21,2,0.1011,Employee,55.17,0.0186,2,False,0.6677,False,none,14,3,1
3,8,0.5892,Employee,215.55,0.1004,2,False,0.9693,False,none,5,0,0
3,42,0.588,Employee,334.99,0.1186,3,False,0.9259,False,none,2,0,0
2,1,1.4721,Employee,680.59,0.1432,1,True,0.5094,True,high,70,3,1
1,19,0.5423,Director,1903.85,0.0999,1,False,0.9511,True,low,38,1,0
1,32,0.1545,Director,466.88,0.0197,3,False,0.8996,False,none,3,0,0
2,31,0.4131,Manager,423.6,0.039,2,False,0.9286,False,none,0,0,0
3,39,0.4709,Manager,458.63,0.0559,1,False,0.928,False,none,9,0,0
0,-1,0.8808,Manager,620.7590712710371,0.0718,5,False,0.0,False,none,11,0,0
1,32,0.3928,Contractor,67.58,0.065,4,False,0.8571,False,none,3,0,0
1,2,0.2868,Employee,191.2,0.0616,9,False,0.9071,True,low,49,1,0
0,-1,0.8842,Employee,414.45,0.1295,343,True,0.5806,True,medium,89,5,1
1,118,0.9698,Employee,455.96,0.1814,281,True,0.7311,True,medium,75,5,1
3,14,0.2004,Employee,75.76,0.0213,10,False,0.8994,False,none,11,0,0
2,46,0.538,Executive,2063.5018040057066,0.048,0,False,0.9899,False,none,8,0,0
2,8,0.6929,Employee,325.4568856722571,0.0938,4,False,0.9128,False,none,6,0,0
2,4,0.5427,Employee,197.15,0.0549,11,False,0.8962,False,none,3,0,0
4,25,0.5611,Employee,342.776897216763,0.1609,3,False,0.9587,False,none,11,0,0
1,2,0.0617,Employee,36.66,0.0139,0,False,0.981,False,none,12,0,0
2,26,0.5002,Employee,168.5091295684911,0.0693,4,False,0.9277,False,none,4,0,0
1,41,0.503,Employee,244.88416948450703,0.0854,1,True,0.9923,True,low,44,1,0
5,2,0.1874,Employee,120.96,0.0421,0,True,0.988,True,low,32,1,0
4,13,0.319,Manager,388.66,0.0486,1,False,0.9305,False,none,1,0,0
4,18,9.5681,Director,29369.44,1.8433,6,False,0.4963,True,high,108,7,1
4,19,0.5145,Employee,240.04,0.0959,1,False,0.9466,False,none,1,0,0
1,19,0.1249,Employee,51.33,0.0207,1,False,0.8596,False,none,10,0,0
2,27,0.6266,Director,953.3160742739583,0.0465,0,False,0.9738,True,low,21,1,0
2,37,0.1384,Employee,100.28,0.0307,3,False,0.9486,False,none,5,0,0
0,-1,0.0651,Employee,38.22,0.012,0,True,0.0,False,none,0,0,0
2,37,0.3934,Manager,427.02,0.0667,5,True,0.9129,False,none,4,0,0
4,59,0.0,Director,408.5913669596554,0.0293,7,False,0.9562,False,none,10,0,0
0,-1,0.9727,Employee,360.4156350702504,0.0922,8,False,0.0,False,none,10,0,0
3,15,0.1306,Director,291.17,0.0113,1,True,0.9906,False,none,8,0,0
3,42,0.2816,Employee,109.45,0.0453,4,False,0.8765,False,none,1,0,0
2,38,0.4639,Director,1276.67,0.0641,1,False,0.8932,False,none,4,0,0
1,32,0.5542,Employee,241.34,0.0744,4,False,0.9601,False,none,11,0,0
1,17,0.2591,Employee,156.8,0.0693,9,False,0.9651,False,none,6,0,0
1,16,0.7056,Employee,316.1219652540509,0.1521,0,False,0.979,False,none,5,0,0
7,1,2.0629,Manager,1956.25,0.4286,0,True,0.6445,True,high,50,6,1
2,15,0.2756,Director,971.51,0.0561,0,True,0.906,False,none,3,0,0
0,-1,0.5312,Director,965.4353552440743,0.0389,1,False,0.0,False,none,12,0,0
1,18,0.2366,Contractor,49.45,0.0503,1,False,0.9396,False,none,14,0,0
0,-1,0.201,Employee,100.62,0.0549,0,False,0.0,True,low,15,1,0
1,41,0.6616,Employee,452.6456315625102,0.1377,9,True,0.8634,False,none,8,0,0
2,3,0.0757,Contractor,13.22,0.0157,13,False,0.9388,False,none,0,0,0
2,36,0.0539,Employee,25.13,0.0139,8,False,0.9481,False,none,15,0,0
1,3,0.3962,Employee,243.8,0.0815,1,False,0.9576,False,none,3,0,0
0,-1,0.1812,Employee,131.06,0.0501,14,False,0.0,False,none,11,0,0
0,-1,0.4251,Director,1244.95,0.052,0,False,0.0,False,none,10,0,0
2,19,0.3584,Manager,424.38,0.059,1,False,0.8872,False,none,15,0,0
2,108,0.0,Employee,246.39,0.2516,387,True,0.6279,True,medium,45,4,1
2,45,0.7877,Employee,479.68,0.164,10,False,0.8575,False,none,6,0,0
1,21,0.5161,Employee,256.57,0.0765,0,False,0.9935,False,none,0,0,0
4,1,0.4659,Employee,180.05,0.058,9,False,0.9441,False,none,5,0,0
1,59,0.5574,Manager,638.78,0.0687,7,False,0.8881,False,none,1,0,0
4,4,0.4548,Employee,245.68,0.0859,7,False,0.9033,False,none,9,0,0
0,-1,0.2656,Employee,134.68,0.0456,1,True,0.0,False,none,5,0,0
0,-1,0.0,Employee,367.64912555630264,0.1153,1,False,0.0,False,none,9,0,0
2,93,1.2044,Director,3171.02,0.1838,201,False,0.6167,True,medium,76,5,1
2,56,0.2107,Employee,93.43,0.0299,8,False,0.9156,False,none,3,0,0
0,-1,0.1381,Director,275.08,0.0139,4,True,0.0,False,none,1,0,0
2,15,0.6024,Employee,143.3995634107578,0.0486,13,False,0.8789,False,none,6,0,0
18,2,0.2347,Employee,144.99,0.0407,0,True,0.7467,False,none,17,1,1
33,2,0.4469,Contractor,66.41,0.0501,3,False,0.8081,False,none,12,2,1
2,6,0.4129,Employee,258.78,0.0931,2,True,0.915,False,none,7,0,0
2,48,0.0716,Contractor,12.92,0.011,3,False,0.8567,False,none,11,0,0
1,39,0.4508,Executive,902.89,0.0274,0,False,0.9282,False,none,9,0,0
1,47,0.6862,Employee,280.66,0.0793,0,True,0.9276,False,none,7,0,0
2,3,0.1398,Employee,77.28,0.0296,10,False,0.8807,True,low,10,1,0
1,2,1.377,Manager,1439.55,0.2052,1,True,0.4916,True,high,143,4,1
0,-1,0.954,Contractor,251.69953183023978,0.3516,6,False,0.0,False,none,12,0,0
4,20,0.5762,Contractor,137.21408864505872,0.2339,4,False,0.884,False,none,0,0,0
2,4,0.0709,Manager,97.25,0.0093,3,True,0.9448,False,none,8,0,0
0,-1,0.2302,Employee,134.19,0.0369,8,False,0.0,False,none,11,0,0
5,6,0.2129,Employee,81.09,0.0226,0,False,0.9165,False,none,0,0,0
3,15,0.1616,Employee,77.41,0.0271,8,False,0.9841,False,none,6,0,0
2,54,0.1821,Employee,101.76,0.0304,7,True,0.9726,True,low,26,1,0
3,51,0.3584,Director,1145.86,0.0601,7,False,0.8542,False,none,4,0,0
3,20,0.4523,Employee,182.71,0.0406,1,True,0.8667,False,none,9,0,0
2,50,0.2607,Employee,133.86,0.0413,1,False,0.985,True,low,49,1,0
0,-1,0.7601,Manager,700.8301377343865,0.0835,0,False,0.0,False,none,2,0,0
3,19,0.7887,Employee,317.38738792039373,0.1129,1,False,0.9639,False,none,2,0,0
1,29,0.2963,Employee,133.78,0.0388,6,False,0.982,False,none,11,0,0
34,2,0.186,Employee,76.72,0.0281,1,False,0.7542,False,none,8,3,1
0,-1,0.1343,Director,477.74,0.0234,12,False,0.0,False,none,7,0,0
5,43,0.2721,Director,883.05,0.038,1,False,0.8942,False,none,13,0,0
2,50,0.5387,Employee,238.97449279183593,0.1113,1,False,0.9059,False,none,2,0,0
3,13,0.4225,Manager,422.56,0.0444,2,False,0.9138,False,none,13,0,0
1,24,0.1006,Employee,59.47,0.0162,1,False,0.8652,False,none,5,0,0
5,2,0.2175,Manager,257.08,0.0299,25,False,0.8814,False,none,3,0,0
3,25,8.7298,Director,28035.55,1.2819,6,False,0.294,True,high,125,7,1
5,18,0.1811,Employee,88.49,0.0262,0,False,0.9563,False,none,11,0,0
1,42,0.1231,Employee,69.59,0.0215,1,True,0.8791,False,none,8,0,0
2,24,0.14,Employee,87.99,0.036,0,True,0.9605,False,none,11,0,0
0,-1,0.9307,Manager,962.3597414348409,0.1138,0,False,0.0,False,none,6,0,0
0,-1,0.0885,Director,327.28,0.0183,12,False,0.0,False,none,5,0,0
2,22,0.1964,Employee,114.67,0.044,0,True,0.8801,False,none,10,0,0
40,1,0.0954,Employee,47.53,0.0153,0,True,0.6975,False,none,16,1,1
0,-1,0.1464,Director,497.33,0.0261,15,True,0.0,False,none,14,0,0
1,41,0.4213,Employee,132.3,0.0432,0,False,0.9423,False,none,13,0,0
2,32,0.1828,Employee,92.42,0.0302,6,False,0.8533,False,none,14,0,0
2,44,0.3721,Contractor,101.76,0.0972,0,False,0.8681,True,low,30,1,0
1,52,0.32,Contractor,48.13,0.042,10,False,0.9745,False,none,13,0,0
3,10,0.4889,Contractor,90.24,0.1394,0,False,0.9482,False,none,1,0,0
36,1,0.0513,Director,141.62,0.0064,3,False,0.7755,False,none,2,2,1
9,8,1.3869,Employee,733.32,0.2044,0,True,0.5087,True,medium,132,6,1
6,8,1.48,Employee,926.45,0.2759,0,True,0.6783,True,high,131,6,1
1,47,0.2184,Employee,96.18,0.0244,3,True,0.8931,False,none,6,0,0
2,15,0.754,Manager,677.333935512283,0.1098,22,False,0.972,False,none,11,0,0
2,41,0.6912,Contractor,127.91237034742478,0.1239,1,False,0.8719,False,none,1,0,0
1,13,0.1716,Employee,83.54,0.0244,1,False,0.8566,False,none,14,0,0
2,57,0.1279,Director,396.39,0.0198,3,False,0.8776,False,none,5,0,0
3,29,0.4,Manager,367.53,0.0414,0,True,0.9139,True,low,46,1,0
1,9,0.2168,Employee,120.44,0.0341,6,True,0.9696,False,none,11,0,0
3,14,0.5524,Director,1180.29,0.0518,7,False,0.9945,False,none,7,0,0
2,33,0.4234,Employee,252.43,0.077,16,False,0.9652,True,low,35,1,0
3,57,0.189,Employee,118.32,0.0502,10,False,0.8577,False,none,15,0,0
33,0,0.1646,Employee,70.06,0.0157,1,False,0.7847,False,none,1,1,1
3,60,0.2993,Director,943.5,0.0419,8,False,0.9306,False,none,14,0,0
4,29,0.5249,Director,1225.7,0.0481,0,False,0.9214,False,none,5,0,0
1,3,0.6368,Employee,377.09643893673893,0.1086,5,True,0.9885,False,none,4,0,0
0,-1,0.5737,Director,2091.68,0.0702,198,True,0.7997,True,medium,63,4,1
32,0,0.1655,Contractor,43.2,0.0403,2,True,0.8744,False,none,9,1,1
1,48,1.0128,Manager,803.593586447628,0.1428,20,False,0.9986,False,none,4,0,0
4,26,0.3344,Manager,295.99,0.0462,2,False,0.9278,True,low,41,1,0
2,17,0.0769,Employee,35.64,0.0152,0,True,0.932,False,none,12,0,0
4,30,0.1158,Employee,80.67,0.0,6,False,0.864,False,none,15,0,0
1,20,0.3792,Employee,165.31,0.0616,3,False,0.9872,False,none,2,0,0
4,52,0.0,Employee,155.95,0.0416,3,False,0.8651,False,none,3,0,0
1,48,0.0917,Employee,44.89,0.0126,1,False,0.8652,False,none,5,0,0
4,2,0.5993,Employee,275.39027783902714,0.0771,0,False,0.8735,True,low,29,1,0
3,19,3.8651,Contractor,598.84,0.521,5,False,0.5987,True,high,279,7,1
1,60,0.1123,Employee,59.03,0.0175,10,False,0.9237,False,none,14,0,0
0,-1,0.2656,Employee,84.67,0.0256,2,False,0.0,False,none,13,0,0
1,60,0.3994,Employee,174.65,0.0,3,False,0.8932,True,low,49,1,0
1,18,8.8974,Employee,5781.54,1.918,9,True,0.2496,True,high,218,3,1
3,53,0.2953,Manager,349.42,0.0458,1,True,0.8969,False,none,15,0,0
2,18,5.9672,Employee,3657.23,1.0908,9,False,0.4447,True,high,270,6,1
2,45,0.5703,Manager,421.21641485028573,0.039,3,False,0.9168,True,low,28,1,0
0,-1,0.6581,Contractor,174.16,0.216,314,True,0.5798,True,medium,76,4,1
2,33,0.1779,Employee,92.49,0.0463,11,True,0.8563,False,none,1,0,0
3,40,0.8502,Employee,353.4329282079602,0.1135,21,False,0.9569,False,none,10,0,0
1,25,0.1823,Employee,64.15,0.0261,2,False,0.9095,False,none,2,0,0
1,51,0.1702,Manager,99.38,0.013,15,False,0.959,True,low,20,1,0
4,23,0.2216,Employee,125.29,0.0316,5,True,0.8799,False,none,9,0,0
3,37,0.2732,Employee,134.77,0.0502,1,False,0.9271,False,none,1,0,0
1,24,0.082,Employee,53.2,0.0204,1,False,0.8613,False,none,10,0,0
3,40,0.2262,Contractor,43.26,0.0519,10,False,0.9186,True,low,39,1,0
3,23,0.1464,Employee,99.67,0.0,7,False,0.8554,False,none,6,0,0
0,-1,0.0517,Employee,18.78,0.0057,0,False,0.0,True,low,48,1,0
1,44,0.524,Employee,273.99150753187206,0.1155,1,False,0.9341,True,low,22,1,0
4,22,0.2263,Contractor,25.41,0.0256,6,False,0.9866,False,none,11,0,0
1,28,0.2065,Employee,116.81,0.0424,1,False,0.9087,False,none,12,0,0
0,-1,0.1217,Employee,76.49,0.0291,22,False,0.0,False,none,7,0,0
2,18,0.694,Employee,354.8,0.1006,0,False,0.9963,False,none,15,0,0
4,55,0.0723,Director,253.31,0.0096,3,True,0.9981,True,low,28,1,0
2,32,0.4245,Employee,199.5,0.0989,6,True,0.8852,False,none,6,0,0
2,21,0.4403,Manager,425.32,0.0535,0,False,0.9441,False,none,7,0,0
38,0,0.0577,Manager,53.44,0.0077,2,False,0.7144,False,none,12,3,1
3,2,1.3754,Manager,1617.65,0.2484,1,True,0.4908,True,high,53,4,1
2,45,0.9003,Contractor,173.95478418145322,0.1776,6,False,0.8697,False,none,8,0,0
3,28,0.3343,Employee,175.88,0.0525,8,True,0.9861,False,none,3,0,0
2,16,0.0826,Director,252.38,0.0117,9,False,0.9928,False,none,14,0,0
4,24,0.6924,Employee,355.6358818509689,0.0903,0,False,0.9303,False,none,7,0,0
2,6,0.1858,Employee,52.53,0.0187,4,False,0.8711,False,none,15,0,0
3,48,0.0,Director,261.5258210761223,0.0124,1,False,0.9395,False,none,8,0,0
2,28,0.2966,Manager,328.61,0.0675,3,True,0.9106,False,none,6,0,0
2,14,0.5322,Manager,364.79,0.0378,4,False,0.9317,False,none,0,0,0
2,112,0.8684,Contractor,142.57,0.1134,277,True,0.671,True,medium,86,3,1
4,57,0.9372,Employee,267.49054773919084,0.0691,6,False,0.9267,False,none,11,0,0
0,-1,0.1061,Manager,108.71,0.0148,0,False,0.0,False,none,14,0,0
1,32,0.2061,Contractor,45.35,0.0406,1,False,0.9284,False,none,4,0,0
1,3,0.2061,Manager,194.63,0.0225,5,False,0.9109,False,none,7,0,0
1,2,0.0615,Employee,40.31,0.0111,3,True,0.9088,False,none,4,0,0
2,48,1.0073,Employee,371.8241768425276,0.1341,1,False,0.9253,False,none,8,0,0
1,43,0.1952,Employee,90.24,0.0355,1,False,0.8683,False,none,13,0,0
1,39,0.1377,Director,381.85,0.0219,3,False,0.9816,False,none,5,0,0
3,58,0.4148,Employee,239.18,0.0563,2,False,0.8695,False,none,11,0,0
2,54,0.1882,Executive,1005.36,0.0196,3,False,0.9585,False,none,14,0,0
5,20,0.3306,Employee,180.88,0.0727,0,False,0.8565,False,none,14,0,0
0,-1,0.1823,Contractor,31.66,0.0333,3,False,0.0,False,none,4,0,0
3,17,0.3851,Director,1140.55,0.0371,1,True,0.9873,False,none,3,0,0
1,6,0.0,Employee,59.98,0.0343,0,False,0.9965,False,none,11,0,0
2,118,0.608,Employee,497.03,0.1505,337,False,0.7789,True,medium,59,5,1
3,20,0.3699,Employee,190.19,0.086,1,False,0.9188,False,none,14,0,0
2,12,0.3723,Manager,474.74,0.0467,8,False,0.8666,True,low,24,1,0
1,60,0.5267,Executive,2165.36,0.0295,31,False,0.9426,False,none,10,0,0
3,5,2.9733,Manager,1748.93,0.2025,1,True,0.4599,True,medium,142,4,1
0,-1,0.1788,Employee,115.63,0.0353,4,False,0.0,False,none,10,0,0
3,31,0.7381,Employee,222.19,0.0778,3,True,0.968,False,none,9,0,0
1,54,0.0159,Director,57.6,0.0023,2,False,0.8557,False,none,14,0,0
3,33,0.6022,Director,1787.4074395489079,0.0999,4,False,0.9485,False,none,14,0,0
4,55,0.1138,Manager,108.06,0.0149,3,False,0.9448,False,none,1,0,0
1,116,0.7603,Contractor,172.69,0.1381,424,False,0.5567,True,medium,45,4,1
3,55,0.481,Employee,264.05,0.1169,5,False,0.9757,False,none,12,0,0
2,27,0.3084,Employee,167.85,0.0651,0,False,0.909,False,none,1,0,0
6,9,1.1123,Manager,1539.87,0.1893,1,True,0.7631,True,medium,107,4,1
1,12,0.8004,Contractor,112.40261643510665,0.0803,1,False,0.878,False,none,3,0,0
1,19,0.1351,Employee,74.01,0.0205,3,False,0.8635,False,none,5,0,0
4,38,0.0871,Employee,30.28,0.0123,8,False,0.9382,False,none,14,0,0
3,28,0.2484,Contractor,51.12,0.0376,2,False,0.8901,False,none,15,0,0
2,27,0.3914,Contractor,75.34,0.0788,12,False,0.866,False,none,10,0,0
0,-1,0.6995,Director,2448.2,0.1516,1,False,0.0,False,none,5,0,0
31,2,0.2441,Employee,135.2,0.0511,4,False,0.6334,False,none,20,2,1
0,-1,0.9421,Manager,939.2388346434362,0.0861,2,True,0.0,False,none,6,0,0
2,2,0.7482,Manager,687.27,0.1397,0,False,0.9531,False,none,6,0,0
2,56,0.2044,Executive,1039.44,0.0269,4,True,0.9341,False,none,13,0,0
0,-1,0.7063,Employee,424.84,0.1601,361,True,0.5264,True,medium,52,3,1
0,-1,0.149,Employee,57.79,0.0257,1,False,0.0,True,low,49,1,0
1,24,4.9096,Employee,2708.03,0.974,11,True,0.6321,True,high,127,6,1
2,5,0.034,Manager,42.01,0.0064,1,False,0.8872,False,none,3,0,0
6,9,1.0058,Manager,1012.72,0.1745,0,True,0.5312,True,medium,111,5,1
5,33,0.7255,Director,2697.902545984601,0.1609,1,False,0.9319,False,none,13,0,0
2,55,0.6086,Executive,2559.68,0.0399,0,True,0.8911,False,none,6,0,0
0,-1,0.5113,Manager,434.69,0.0477,2,False,0.0,False,none,7,0,0
1,39,0.3226,Employee,184.62,0.0987,0,False,0.8883,False,none,9,0,0
1,4,0.2324,Director,516.41,0.0333,2,True,0.9603,False,none,1,0,0
1,25,0.1054,Director,345.95,0.0132,0,False,0.9736,True,low,19,1,0
1,27,0.5865,Contractor,121.72,0.1311,10,False,0.9753,True,low,14,1,0
2,49,0.083,Director,212.89,0.0075,1,False,0.8829,False,none,1,0,0
4,17,0.1353,Contractor,34.01,0.0381,6,False,0.8883,False,none,4,0,0
5,37,0.8819,Employee,520.679461303676,0.1153,0,False,0.952,False,none,2,0,0
5,30,5.5151,Employee,3656.13,1.3603,9,True,0.4033,True,high,122,5,1
1,1,0.452,Employee,219.33,0.0956,8,False,0.93,False,none,15,0,0
1,29,0.3925,Employee,175.32,0.0463,0,True,0.8748,False,none,13,0,0
1,37,0.5326,Executive,3374.08,0.0637,0,False,0.8847,False,none,1,0,0
1,46,0.4725,Employee,135.59,0.0519,4,False,0.9777,False,none,1,0,0
4,11,0.2781,Executive,1546.82,0.033,1,False,0.9727,False,none,14,0,0
2,35,0.2117,Employee,86.1,0.0257,6,False,0.8971,False,none,2,0,0
3,53,0.0,Employee,169.37,0.0613,1,False,0.9147,False,none,14,0,0
1,7,0.073,Director,291.18,0.0124,1,False,0.9287,True,low,13,1,0
2,50,0.1377,Director,416.77,0.0205,2,False,0.9367,False,none,14,0,0
3,30,0.1174,Contractor,22.31,0.0205,2,False,0.9109,False,none,7,0,0
30,0,0.0693,Employee,34.64,0.0099,5,False,0.8859,False,none,4,2,1
6,55,0.3888,Contractor,63.12,0.0533,15,False,0.9763,False,none,13,0,0
1,12,0.3364,Employee,155.28,0.046,0,False,0.9216,False,none,1,0,0
1,19,0.8774,Employee,324.345537894256,0.129,18,True,0.9091,False,none,12,0,0
0,-1,0.3261,Employee,123.78,0.0337,8,False,0.0,False,none,4,0,0
3,19,8.0032,Contractor,1767.8,2.1828,9,True,0.4392,True,high,153,5,1
2,48,0.1507,Manager,170.69,0.0203,3,False,0.8521,False,none,0,0,0
1,58,0.1715,Employee,80.22,0.0294,2,False,0.8645,True,low,34,1,0
3,15,0.5214,Employee,329.93,0.1238,1,True,0.9161,False,none,14,0,0
3,56,0.1706,Employee,76.89,0.0231,2,True,0.951,False,none,0,0,0
2,9,0.5035,Employee,201.2870775422147,0.071,6,False,0.9587,True,low,41,1,0
1,25,4.5663,Director,13188.39,0.542,15,True,0.2089,True,high,340,7,1
1,50,0.5085,Director,1643.47,0.0764,10,False,0.999,False,none,8,0,0
4,4,0.0397,Director,127.23,0.0074,0,False,0.8634,True,low,43,1,0
3,45,0.272,Employee,164.39,0.0838,2,True,0.9083,False,none,5,0,0
1,10,0.6588,Employee,342.93,0.1282,1,False,0.9109,False,none,15,0,0
3,1,1.1175,Employee,647.81,0.2808,0,True,0.7087,True,high,130,6,1
5,6,0.1654,Employee,107.45,0.0403,1,False,0.9551,False,none,2,0,0
1,25,0.1554,Director,485.06,0.0207,0,False,0.9818,False,none,12,0,0
3,56,0.1672,Manager,153.58,0.0156,16,True,0.9514,False,none,2,0,0
2,60,0.2387,Employee,105.0,0.0302,1,True,0.9143,False,none,1,0,0
2,33,0.4971,Manager,336.23,0.031,5,False,0.9786,True,low,49,1,0
1,28,0.4606,Employee,193.68,0.0632,3,False,0.9986,False,none,0,0,0
3,15,0.3861,Employee,165.41,0.0765,8,False,0.9722,False,none,12,0,0
0,-1,0.6376,Employee,326.2,0.0918,0,False,0.0,False,none,3,0,0
0,-1,0.1973,Director,626.57,0.0244,0,True,0.0,False,none,5,0,0
2,27,8.4281,Contractor,1841.3,1.4563,19,True,0.2086,True,high,198,8,1
10,6,3.7192,Employee,858.69,0.2632,1,True,0.4909,True,high,161,4,1
0,-1,0.2415,Manager,158.99,0.0188,3,True,0.0,False,none,9,0,0
1,18,0.1989,Contractor,42.93,0.0351,8,True,0.9616,False,none,9,0,0
0,-1,0.3551,Employee,183.18,0.0388,1,False,0.0,False,none,10,0,0
5,56,0.158,Manager,144.69,0.0178,3,False,0.9432,False,none,10,0,0
0,-1,0.8221,Director,3599.21,0.2545,6,False,0.0,False,none,10,0,0
0,-1,0.433,Employee,243.28,0.0533,3,False,0.0,True,low,37,1,0
36,2,0.0414,Director,107.94,0.0053,3,True,0.662,False,none,15,2,1
4,14,0.2199,Manager,178.98,0.0197,0,False,0.9612,False,none,4,0,0
1,26,7.4698,Employee,4485.59,2.1133,20,True,0.6425,True,high,111,4,1
3,41,0.3887,Director,1570.04,0.0827,14,False,0.9467,False,none,13,0,0
2,10,0.0,Contractor,67.25,0.0541,8,False,0.9343,False,none,3,0,0
0,-1,0.8301,Employee,193.03,0.0513,1,False,0.0,False,none,13,0,0
1,1,0.6735,Employee,302.6,0.1342,3,False,0.9044,False,none,14,0,0
1,36,0.0607,Executive,163.67,0.0032,10,True,0.9242,False,none,13,0,0
1,47,0.1467,Employee,70.53,0.0202,4,False,0.9978,False,none,8,0,0
1,3,1.3685,Manager,1290.71,0.1236,0,True,0.723,True,high,87,4,1
2,36,0.1968,Director,584.01,0.0228,3,False,0.8555,False,none,6,0,0
3,40,0.115,Employee,62.57,0.0189,4,False,0.9087,False,none,3,0,0
1,22,0.6387,Manager,509.2392065266603,0.0778,6,False,0.9945,False,none,6,0,0
6,29,0.6895,Employee,263.2330112438366,0.0695,9,False,0.8587,True,low,40,1,0
2,46,0.2966,Director,958.32,0.0534,17,False,0.8937,False,none,8,0,0
3,31,0.8917,Contractor,164.59411558200097,0.2093,0,False,0.8684,False,none,3,0,0
1,22,0.329,Contractor,58.31,0.0514,3,False,0.9841,False,none,12,0,0
1,38,0.9885,Employee,491.9290478949765,0.142,0,False,0.9672,True,low,29,1,0
2,19,0.2111,Employee,82.58,0.0346,14,False,0.9301,False,none,2,0,0
5,34,0.4209,Employee,195.69,0.0832,1,False,0.9929,False,none,13,0,0
2,31,0.2762,Manager,185.47,0.0314,0,False,0.9915,False,none,1,0,0
1,30,0.1457,Employee,72.33,0.026,3,False,0.8912,False,none,6,0,0
1,22,0.1445,Director,468.01,0.0193,1,True,0.9006,False,none,6,0,0
2,15,0.1128,Director,325.07,0.0137,4,False,0.962,False,none,4,0,0
2,7,0.6999,Employee,343.7,0.1192,7,False,0.9251,False,none,8,0,0
18,1,0.1695,Employee,114.34,0.0742,2,False,0.6457,False,none,5,1,1
1,46,0.3163,Contractor,73.56,0.0855,7,False,0.944,False,none,9,0,0
0,-1,0.3042,Executive,1951.3,0.0559,1,False,0.0,True,low,36,1,0
4,3,0.1588,Employee,85.29,0.026,5,False,0.8619,True,low,46,1,0
1,53,0.42,Manager,440.99,0.0648,2,False,0.9255,False,none,11,0,0
2,38,0.1409,Manager,144.19,0.0187,0,True,0.8906,False,none,4,0,0
1,15,0.1695,Manager,229.98,0.027,14,False,0.9057,False,none,12,0,0
3,54,1.0309,Manager,716.5277827221788,0.0894,2,False,0.92,False,none,14,0,0
1,8,0.3957,Employee,139.21,0.0492,0,False,0.9814,False,none,0,0,0
1,10,0.3339,Employee,175.33,0.0481,11,False,0.9586,False,none,5,0,0
2,45,0.2847,Employee,137.33,0.0446,0,False,0.9909,False,none,10,0,0
1,13,0.1056,Employee,48.35,0.0164,7,False,0.8726,False,none,1,0,0
1,17,0.1443,Employee,76.08,0.0248,3,False,0.958,True,low,10,1,0
3,37,0.0,Contractor,84.84,0.1229,10,False,0.9229,False,none,14,0,0
1,43,0.6176,Contractor,90.63,0.0872,4,False,0.9958,False,none,5,0,0
3,56,0.2476,Employee,138.37,0.0326,1,False,0.9667,False,none,1,0,0
3,41,0.1637,Employee,77.46,0.0263,3,True,0.8774,False,none,7,0,0
0,-1,0.2403,Manager,214.14,0.0241,20,False,0.0,False,none,4,0,0
1,10,0.28,Employee,102.03,0.0347,5,False,0.9573,False,none,12,0,0
1,47,0.9432,Director,2277.43,0.1086,0,True,0.9585,False,none,10,0,0
2,115,0.5284,Employee,305.01,0.0795,464,True,0.7256,True,medium,72,4,1
4,48,0.0,Employee,236.19,0.0796,1,False,0.8724,False,none,14,0,0
3,13,0.1511,Contractor,27.04,0.0216,0,False,0.9514,True,low,17,1,0
1,11,0.4586,Manager,516.87,0.0647,2,False,0.9303,False,none,12,0,0
2,15,0.9046,Employee,305.28,0.0725,1,False,0.9441,False,none,5,0,0
2,37,0.2725,Contractor,67.49,0.058,6,False,0.9519,True,low,34,1,0
22,0,0.0506,Director,99.72,0.0052,5,True,0.8345,False,none,6,3,1
2,40,0.0,Director,334.9174831273095,0.0173,16,False,0.9531,False,none,7,0,0
2,13,0.8395,Director,2497.67,0.1471,5,False,0.8763,False,none,1,0,0
0,-1,0.1243,Manager,114.24,0.0122,5,False,0.0,False,none,3,0,0
5,43,0.704,Manager,557.4961088922416,0.0,3,True,0.9714,False,none,6,0,0
2,24,0.3209,Contractor,54.5,0.0506,1,False,0.976,False,none,4,0,0
1,47,0.4602,Employee,274.29,0.0831,2,True,0.9366,True,low,25,1,0
2,14,0.0988,Director,262.89,0.0109,1,False,0.9354,False,none,10,0,0
4,15,0.1762,Director,570.32,0.0278,8,True,0.8975,True,low,27,1,0
2,49,0.2005,Director,794.11,0.0372,2,False,0.8627,False,none,7,0,0
1,20,0.0,Executive,314.29,0.0069,4,False,1.0,False,none,2,0,0
0,-1,0.3392,Director,941.55,0.0518,1,False,0.0,False,none,9,0,0
2,35,0.3282,Employee,129.73,0.0576,7,False,0.9803,False,none,3,0,0
2,18,0.4913,Manager,492.59,0.0589,3,False,0.9703,False,none,13,0,0
2,1,0.5271,Executive,2690.78,0.0615,3,False,0.9909,False,none,4,0,0
4,41,0.1527,Employee,89.31,0.0302,2,True,0.8545,False,none,5,0,0
0,-1,0.3992,Employee,214.85,0.0557,17,False,0.0,False,none,14,0,0
1,82,0.8624,Executive,4042.46,0.1175,390,False,0.6857,True,medium,84,2,1
3,57,0.1929,Director,532.21,0.0369,0,False,0.9425,False,none,3,0,0
1,16,0.9388,Employee,317.0598341598547,0.1341,0,True,0.9473,False,none,14,0,0
0,-1,0.0634,Employee,30.99,0.011,3,False,0.0,False,none,13,0,0
1,57,0.5063,Employee,186.07,0.0546,2,False,0.8705,False,none,11,0,0
2,25,0.117,Employee,51.34,0.0135,15,False,0.9678,False,none,1,0,0
2,76,0.8736,Manager,983.57,0.1807,445,True,0.6869,True,medium,82,2,1
5,12,7.7986,Employee,4687.42,2.5304,14,False,0.688,True,high,269,5,1
1,10,0.4831,Employee,263.24,0.0818,1,True,0.9372,False,none,3,0,0
1,35,0.6239,Employee,394.9363701829909,0.1147,6,False,0.8947,False,none,4,0,0
1,46,0.1284,Employee,54.48,0.0253,8,False,0.8764,True,low,31,1,0
5,1,0.0968,Contractor,15.42,0.0157,6,False,0.9973,True,low,44,1,0
0,-1,0.2829,Employee,135.75,0.031,0,False,0.0,False,none,7,0,0
1,49,0.2115,Manager,166.88,0.0142,2,False,0.9562,False,none,4,0,0
1,39,0.4275,Contractor,72.3,0.118,10,False,0.863,False,none,3,0,0
3,19,0.3878,Director,1067.46,0.0397,0,False,0.9856,False,none,7,0,0
5,3,1.5563,Manager,1695.64,0.2012,1,True,0.7801,True,high,50,3,1
4,51,0.3919,Manager,444.77,0.0536,5,False,0.9805,False,none,12,0,0
1,33,0.271,Contractor,70.82,0.1054,3,True,0.9505,False,none,10,0,0
1,56,0.3641,Employee,279.54,0.0828,5,False,0.9865,False,none,12,0,0
1,24,0.2897,Executive,1674.3,0.0575,1,False,0.9743,False,none,13,0,0
3,13,0.0982,Contractor,13.91,0.0278,4,False,0.8804,False,none,2,0,0
3,54,0.0,Director,423.1301136345984,0.0173,1,False,0.9975,False,none,9,0,0
2,14,0.0783,Employee,53.2,0.0145,1,False,0.901,False,none,6,0,0
0,-1,0.2261,Director,559.61,0.0316,6,False,0.0,False,none,3,0,0
4,27,0.3262,Employee,142.43,0.0506,16,False,0.9531,False,none,12,0,0
0,-1,0.4077,Employee,177.47,0.0725,2,True,0.0,False,none,1,0,0
1,57,0.1526,Director,574.37,0.0303,9,False,0.9954,False,none,13,0,0
1,33,0.1627,Employee,73.87,0.0295,14,True,0.9863,False,none,6,0,0
1,32,0.3231,Employee,128.04,0.0528,1,False,0.9605,False,none,1,0,0
7,1,2.0361,Executive,8834.4,0.1912,1,True,0.4859,True,high,102,2,1
1,48,0.1294,Employee,73.42,0.0185,2,False,0.9711,False,none,1,0,0
1,51,0.6658,Employee,296.033156359415,0.0973,0,False,0.978,False,none,11,0,0
2,55,0.3829,Director,1332.09,0.0593,9,False,0.9064,False,none,9,0,0
34,2,0.0323,Manager,29.84,0.003,3,True,0.7162,False,none,13,2,1
2,54,0.049,Employee,30.31,0.0122,14,False,0.8566,False,none,15,0,0
4,27,0.6135,Director,1166.17,0.0581,0,False,0.8613,False,none,13,0,0
2,17,0.3196,Director,810.21,0.0358,12,True,0.8542,False,none,4,0,0
2,22,0.2716,Employee,113.52,0.0347,0,True,0.9591,False,none,2,0,0
2,52,0.553,Employee,226.8033585389319,0.121,6,True,0.9288,False,none,10,0,0
2,34,0.6343,Employee,307.67066561629866,0.0948,1,True,0.9457,False,none,7,0,0
4,1,0.1141,Manager,99.97,0.0177,0,False,0.901,False,none,1,0,0
4,4,0.1776,Employee,105.45,0.0363,2,False,0.9096,False,none,11,0,0
4,35,0.0852,Employee,47.52,0.0232,6,False,0.9747,False,none,12,0,0
1,19,0.074,Manager,97.5,0.0111,2,True,0.9655,False,none,12,0,0
2,13,0.3463,Manager,298.62,0.04,0,False,0.8992,False,none,13,0,0
2,110,1.0695,Director,4054.52,0.2688,190,True,0.5943,True,medium,63,5,1
1,46,0.2282,Manager,234.42,0.0246,10,False,0.9992,False,none,5,0,0
2,39,0.3453,Employee,137.98,0.0567,0,True,0.9398,False,none,7,0,0
1,51,0.6478,Employee,327.29995014446575,0.1072,9,False,0.9875,False,none,0,0,0
2,8,0.2164,Manager,250.25,0.0309,1,False,0.9387,False,none,2,0,0
3,54,0.3315,Manager,352.07,0.0435,5,False,0.8943,False,none,7,0,0
2,13,0.1939,Contractor,31.95,0.0297,1,False,0.9746,False,none,2,0,0
2,54,0.348,Employee,176.54,0.0523,8,False,0.9028,False,none,10,0,0
2,44,0.563,Manager,615.0422073472578,0.0702,4,False,0.8551,False,none,3,0,0
1,12,0.2163,Employee,135.76,0.0476,1,False,0.8686,False,none,7,0,0
1,21,0.0993,Employee,44.88,0.0165,12,False,0.9231,False,none,7,0,0
2,50,0.185,Employee,104.78,0.0319,9,False,0.87,False,none,1,0,0
0,-1,0.6364,Employee,397.01,0.1421,241,True,0.6411,True,medium,91,2,1
8,5,0.8366,Manager,1067.21,0.109,1,True,0.4911,True,high,107,6,1
3,44,0.2004,Executive,1053.79,0.0419,2,False,0.8669,False,none,13,0,0
2,45,0.3296,Employee,160.0,0.1018,1,False,0.9509,False,none,6,0,0
3,24,5.7046,Employee,2619.85,0.8722,12,True,0.4712,True,high,252,6,1
1,9,0.0,Employee,257.48,0.0653,1,True,0.8566,False,none,10,0,0
2,22,0.2665,Manager,318.81,0.035,3,False,0.9721,False,none,13,0,0
0,-1,0.0584,Employee,37.79,0.0134,0,False,0.0,False,none,12,0,0
2,44,0.1927,Employee,80.48,0.0441,3,False,0.9964,False,none,15,0,0
1,2,0.0715,Manager,69.52,0.0071,0,False,0.961,True,low,42,1,0
4,15,0.1212,Manager,192.45,0.0218,0,False,0.9261,False,none,5,0,0
0,-1,0.2858,Employee,161.92,0.0529,3,False,0.0,False,none,7,0,0
1,4,0.5162,Employee,226.36,0.0895,0,False,0.9372,False,none,11,0,0
0,-1,0.1831,Manager,215.55,0.031,9,False,0.0,False,none,7,0,0
32,0,0.2139,Employee,118.02,0.0491,3,False,0.8144,False,none,18,1,1
0,-1,0.3146,Manager,341.76,0.0353,0,False,0.0,False,none,13,0,0
2,3,0.3658,Executive,2146.9,0.0579,22,False,0.9385,False,none,10,0,0
4,20,0.2009,Director,547.75,0.068,13,False,0.9448,False,none,0,0,0
2,51,0.6327,Employee,286.26,0.0814,7,True,0.9873,False,none,12,0,0
1,42,0.1245,Contractor,28.79,0.0264,0,False,0.9498,True,low,50,1,0
2,24,0.1548,Manager,117.15,0.0128,0,False,0.9272,False,none,9,0,0
1,33,0.0704,Employee,47.93,0.0129,5,True,0.936,False,none,11,0,0
2,17,0.0778,Employee,34.78,0.0132,4,True,0.9704,False,none,2,0,0
4,36,0.2209,Manager,232.91,0.0355,0,False,0.9513,False,none,3,0,0
4,16,8.8291,Employee,4864.62,1.4386,6,True,0.6694,True,high,332,5,1
1,55,0.728,Manager,943.4545935364057,0.1035,0,False,0.8849,False,none,12,0,0
1,56,0.5388,Employee,270.96,0.1311,1,False,0.8645,False,none,8,0,0
2,33,0.0852,Employee,48.84,0.014,2,False,0.9786,False,none,3,0,0
2,11,0.1084,Employee,57.56,0.0213,13,False,0.9221,False,none,1,0,0
4,1,0.4807,Director,1071.48,0.0734,3,True,0.9962,False,none,0,0,0
1,12,0.259,Manager,346.96,0.0995,2,True,0.8693,False,none,15,0,0
2,9,0.373,Executive,1910.93,0.0389,4,False,0.9016,False,none,14,0,0
2,29,0.3386,Employee,184.52,0.0763,2,False,0.9162,False,none,3,0,0
1,10,0.2931,Manager,409.5,0.0502,3,False,0.9476,False,none,12,0,0
2,36,0.8113,Employee,431.96285858468957,0.1124,11,False,0.8846,False,none,8,0,0
5,27,4.9966,Employee,2086.79,0.595,19,False,0.5171,True,high,195,4,1
2,50,0.6747,Contractor,139.92,0.175,1,False,0.9898,False,none,9,0,0
2,25,0.3643,Employee,165.87,0.0656,4,False,0.9889,False,none,10,0,0
2,22,0.6715,Employee,302.3643146729917,0.068,5,False,0.9999,False,none,4,0,0
2,57,0.2264,Director,647.81,0.0326,5,False,0.8804,False,none,12,0,0
2,19,0.2317,Director,520.95,0.0225,1,False,0.9343,False,none,4,0,0
33,0,0.0629,Employee,23.03,0.0078,3,False,0.7521,False,none,8,2,1
3,11,0.1826,Director,658.75,0.035,12,False,0.8519,False,none,14,0,0
1,108,0.0,Employee,329.81,0.1038,370,True,0.7713,True,medium,46,2,1
4,52,0.29,Employee,135.02,0.0399,2,False,0.873,False,none,1,0,0
3,60,0.2533,Director,591.94,0.031,2,False,0.9456,True,low,22,1,0
1,59,0.0,Contractor,98.03,0.1105,2,False,0.9963,False,none,11,0,0
1,47,0.4475,Executive,2221.99,0.0413,10,False,0.8694,False,none,8,0,0
1,54,0.1255,Employee,52.96,0.0219,2,False,0.9514,False,none,12,0,0
0,-1,0.3985,Manager,247.05,0.044,0,True,0.0,False,none,10,0,0
2,34,0.9336,Employee,525.6820304525907,0.155,0,False,0.9446,False,none,6,0,0
4,31,0.2799,Employee,198.2,0.0628,1,False,0.8619,False,none,5,0,0
0,-1,0.0,Contractor,24.0,0.0,0,False,0.0,True,low,46,1,0
3,52,0.7837,Contractor,154.49025561798624,0.1512,12,False,0.9388,False,none,14,0,0
4,60,0.2295,Director,836.3,0.0715,1,False,0.9975,False,none,2,0,0
5,16,6.0314,Manager,6851.94,0.7657,19,False,0.2689,True,high,128,4,1
1,26,0.2461,Director,877.45,0.0429,22,False,0.9528,False,none,5,0,0
2,9,0.0821,Employee,45.26,0.0129,1,True,0.8578,False,none,9,0,0
4,1,1.247,Employee,679.61,0.1973,0,True,0.6819,True,high,178,3,1
0,-1,0.6507,Employee,358.55,0.1561,366,True,0.5576,True,medium,94,4,1
3,34,0.3546,Employee,178.6,0.0726,3,False,0.9878,False,none,4,0,0
1,8,0.6669,Manager,514.28,0.0664,9,False,0.9586,False,none,15,0,0
4,20,7.1408,Manager,8201.07,0.957,14,True,0.5883,True,high,220,7,1
2,79,0.9493,Director,2811.29,0.177,428,False,0.6056,True,medium,67,3,1
1,31,0.1307,Director,416.04,0.03,3,False,0.8551,False,none,9,0,0
1,56,0.8795,Director,2028.5207458914738,0.1042,7,False,0.8647,False,none,13,0,0
4,18,0.5057,Employee,216.49943553809464,0.0623,12,False,0.975,False,none,9,0,0
1,14,0.2547,Manager,192.89,0.0251,0,True,0.9182,False,none,11,0,0
4,8,0.1269,Employee,78.08,0.0251,5,True,0.8745,False,none,10,0,0
2,11,0.2401,Employee,151.21,0.0692,1,True,0.9887,False,none,4,0,0
2,60,0.2269,Manager,190.0,0.0278,3,False,0.8577,False,none,11,0,0
3,43,0.456,Executive,2385.3,0.0406,0,True,0.889,False,none,15,0,0
2,54,0.2297,Employee,94.22,0.0243,3,False,0.8834,False,none,8,0,0
3,16,0.3591,Contractor,85.73,0.125,5,False,0.8668,False,none,9,0,0
2,45,0.3262,Manager,254.93,0.0335,0,True,0.8992,False,none,0,0,0
2,11,0.327,Contractor,76.25,0.0772,4,True,0.9192,False,none,0,0,0
0,-1,0.3305,Contractor,43.77,0.0366,0,True,0.0,False,none,11,0,0
0,-1,1.0476,Employee,568.4536532648406,0.1513,7,False,0.0,False,none,9,0,0
1,8,0.4063,Employee,156.41,0.0467,3,False,0.9044,False,none,2,0,0
4,34,0.1807,Employee,48.46,0.016,4,False,0.9302,False,none,14,0,0
0,-1,0.2369,Contractor,50.69,0.0359,0,False,0.0,False,none,4,0,0
2,32,0.1224,Manager,89.72,0.0132,12,False,0.9892,False,none,14,0,0
2,45,0.6403,Manager,814.4,0.0917,0,False,0.9887,False,none,13,0,0
0,-1,0.1677,Contractor,36.55,0.0731,2,False,0.0,False,none,1,0,0
2,26,0.1649,Manager,170.31,0.019,1,False,0.8767,False,none,5,0,0
2,46,0.235,Employee,141.98,0.0538,18,False,0.8624,False,none,5,0,0
1,20,0.1988,Employee,116.2,0.0354,2,False,0.9636,False,none,1,0,0
2,21,0.1121,Employee,75.69,0.0327,6,False,0.9464,False,none,14,0,0
3,13,0.6594,Employee,177.53,0.0871,0,False,0.9136,False,none,4,0,0
2,4,0.3999,Employee,172.64,0.047,11,False,0.8561,False,none,3,0,0
4,34,0.1243,Director,421.18,0.0,2,False,0.9908,False,none,2,0,0
3,49,0.3009,Employee,147.41,0.0413,1,False,0.9523,False,none,4,0,0
1,22,0.2441,Contractor,45.71,0.0465,1,False,0.8768,False,none,1,0,0
2,6,2.3285,Director,5418.41,0.3258,0,True,0.6043,True,high,71,2,1
1,43,0.2488,Contractor,40.74,0.0317,12,True,0.955,False,none,10,0,0
6,1,1.3566,Contractor,295.15,0.2872,0,True,0.5581,True,medium,194,3,1
24,2,0.3242,Employee,143.62,0.0393,3,False,0.8917,False,none,2,3,1
40,1,0.1072,Employee,54.53,0.0163,3,True,0.7698,False,none,7,3,1
2,53,0.8279,Employee,430.50927618784823,0.1567,3,False,0.8739,False,none,13,0,0
4,4,0.1004,Employee,62.57,0.0176,3,False,0.9031,False,none,9,0,0
3,58,0.9678,Contractor,141.17111167460587,0.1703,5,True,0.9226,False,none,6,0,0
3,60,0.1356,Employee,76.64,0.0328,1,False,0.9447,False,none,2,0,0
29,1,0.1356,Employee,60.52,0.0233,3,False,0.73,False,none,14,1,1
24,0,0.0406,Director,118.94,0.0087,0,True,0.7418,False,none,11,3,1
2,54,0.626,Employee,351.75,0.1871,1,False,0.9938,True,low,39,1,0
2,28,0.1858,Manager,166.18,0.022,7,True,0.9407,False,none,7,0,0
3,34,0.1414,Employee,65.72,0.0242,3,False,0.8649,False,none,8,0,0
1,14,0.2634,Manager,295.03,0.0359,11,False,0.9395,False,none,3,0,0
5,45,0.1167,Employee,51.44,0.0215,6,False,0.981,False,none,10,0,0
1,30,0.4227,Director,1034.73,0.04,7,False,0.9192,False,none,6,0,0
1,52,0.0656,Manager,63.36,0.0088,8,True,0.9088,False,none,3,0,0
2,29,0.2003,Executive,953.53,0.0209,5,False,0.8601,False,none,14,0,0
2,4,0.3973,Employee,197.48,0.0818,4,False,0.9361,False,none,15,0,0
34,2,0.0279,Employee,10.75,0.0036,3,False,0.79,False,none,18,1,1
6,57,0.0755,Employee,47.68,0.0138,3,True,0.9872,False,none,0,0,0
1,56,0.2115,Director,604.43,0.0426,0,False,0.9258,False,none,6,0,0
1,8,0.0,Employee,94.93,0.0359,0,True,0.9372,False,none,3,0,0
1,13,0.6658,Manager,750.1,0.0997,4,False,0.9918,False,none,7,0,0
1,28,8.201,Director,19712.81,1.2878,10,False,0.2622,True,high,209,7,1
2,11,0.2555,Contractor,53.16,0.0565,0,False,0.8806,False,none,9,0,0
1,4,0.7081,Director,1367.9490787694479,0.065,10,False,0.8827,False,none,0,0,0
2,11,5.7714,Employee,3091.31,0.9815,7,True,0.2172,True,high,350,8,1
2,12,0.3841,Employee,143.58,0.0583,8,False,0.8572,False,none,13,0,0
0,-1,0.3068,Employee,151.98,0.0494,10,True,0.0,False,none,13,0,0
1,28,0.1964,Manager,141.23,0.0322,0,False,0.9774,False,none,14,0,0
4,57,0.3682,Manager,329.12,0.0408,1,True,0.9488,False,none,3,0,0
9,4,1.2371,Director,4075.08,0.1741,0,True,0.7984,True,high,68,5,1
2,47,0.1438,Contractor,28.5,0.0241,4,False,0.8666,False,none,2,0,0
1,25,0.3339,Employee,166.26,0.0616,7,False,0.9966,False,none,14,0,0
6,9,2.5521,Executive,7481.51,0.1427,1,True,0.6295,True,medium,187,5,1
3,13,0.3396,Director,1246.89,0.0512,2,False,0.8905,False,none,8,0,0
2,98,1.0773,Director,3277.9,0.1413,223,True,0.6534,True,medium,43,5,1
2,38,0.2216,Director,518.6,0.0329,5,True,0.8501,False,none,2,0,0
3,47,0.6371,Manager,615.74,0.0647,8,False,0.8806,False,none,9,0,0
2,38,0.5666,Contractor,126.27,0.1375,4,False,0.8768,False,none,4,0,0
3,15,0.2734,Director,835.16,0.0376,1,False,0.8965,False,none,12,0,0
3,5,0.0,Employee,800.0,0.293,1,True,0.4789,True,medium,176,4,1
1,10,8.9974,Director,29356.33,1.1973,17,False,0.4046,True,high,191,6,1
2,54,0.7088,Employee,245.47,0.0783,7,True,0.9904,True,low,38,1,0
2,5,0.4222,Director,1413.06,0.0926,7,True,0.8739,False,none,14,0,0
3,57,0.7364,Director,1923.59,0.1305,5,False,0.9613,False,none,7,0,0
2,25,0.1756,Executive,1463.88,0.045,4,False,0.9288,False,none,1,0,0
3,12,0.2152,Manager,180.37,0.0204,0,True,0.8768,False,none,2,0,0
2,46,0.2417,Manager,262.28,0.048,5,False,0.8841,False,none,9,0,0
4,31,0.416,Employee,132.33,0.0477,7,False,0.8919,False,none,9,0,0
1,24,1.0237,Employee,487.78677536418076,0.2,0,False,0.8907,False,none,8,0,0
9,47,0.0768,Executive,284.32,0.0056,5,False,0.8761,False,none,3,0,0
1,18,0.486,Employee,274.54,0.0902,6,False,0.8965,False,none,12,0,0
2,11,0.1608,Director,495.67,0.0189,9,False,0.9377,False,none,10,0,0
0,-1,0.5568,Manager,655.92,0.0866,1,True,0.0,True,low,24,1,0
2,36,0.7094,Contractor,89.22380511103651,0.0979,1,True,0.8772,False,none,15,0,0
3,40,0.1128,Employee,52.91,0.0208,2,False,0.9352,False,none,15,0,0
4,8,0.3952,Employee,218.54,0.0714,0,False,0.9376,False,none,5,0,0
1,56,0.2537,Director,849.07,0.0366,5,True,0.9293,False,none,8,0,0
1,14,0.0,Contractor,57.16,0.0496,5,False,0.931,False,none,2,0,0
3,2,1.3857,Manager,1397.28,0.1644,1,True,0.4146,True,medium,150,3,1
2,92,0.0,Employee,308.82,0.1237,347,True,0.7266,True,medium,74,5,1
2,24,0.073,Director,312.39,0.0145,13,False,0.9043,False,none,10,0,0
4,2,0.1764,Employee,61.1,0.0182,0,False,0.8614,False,none,6,0,0
2,54,0.0805,Employee,49.55,0.0152,4,False,0.9379,False,none,7,0,0
1,18,0.7146,Employee,422.23,0.1436,5,False,0.9836,True,low,41,1,0
3,17,0.2008,Manager,253.64,0.0419,0,False,0.8818,False,none,12,0,0
3,10,1.7353,Manager,1516.41,0.1566,1,True,0.5094,True,medium,173,4,1
1,33,0.2204,Employee,102.11,0.0301,1,False,0.9796,False,none,7,0,0
0,-1,0.2322,Employee,127.28,0.0308,1,True,0.0,False,none,14,0,0
0,-1,0.2807,Employee,180.85,0.0521,5,False,0.0,False,none,8,0,0
1,33,0.6165,Contractor,98.33,0.122,0,False,0.9703,False,none,2,0,0
3,56,0.2995,Employee,133.98,0.0384,4,False,0.9489,False,none,5,0,0
0,-1,0.1384,Executive,732.92,0.0314,0,True,0.0,False,none,7,0,0
2,95,0.4086,Manager,446.42,0.0559,198,True,0.7464,True,medium,59,3,1
0,-1,0.132,Employee,51.24,0.0357,10,False,0.0,False,none,9,0,0
2,30,0.308,Manager,343.69,0.0484,17,False,0.9882,False,none,6,0,0
2,32,0.516,Employee,310.81,0.108,1,False,0.951,False,none,7,0,0
1,5,0.2919,Employee,73.64,0.0202,11,False,0.8661,False,none,6,0,0
10,7,1.3466,Director,4577.36,0.2192,1,True,0.7642,True,high,140,2,1
3,42,0.325,Director,1127.67,0.0414,7,False,0.931,False,none,7,0,0
3,2,0.0429,Employee,23.12,0.0088,14,False,0.8684,False,none,3,0,0
0,-1,0.4744,Contractor,105.73,0.0987,4,False,0.0,False,none,4,0,0
29,0,0.1136,Manager,144.93,0.017,4,False,0.855,False,none,13,3,1
1,56,0.5512,Contractor,87.23,0.073,5,False,0.9984,False,none,13,0,0
2,19,0.0,Manager,363.61734715726976,0.0522,5,False,0.9316,False,none,14,0,0
0,-1,0.6513,Employee,415.02,0.1343,5,False,0.0,False,none,2,0,0
2,20,6.4452,Contractor,1136.1,0.9739,5,True,0.2732,True,high,194,6,1
0,-1,0.2762,Manager,277.71,0.0401,1,False,0.0,False,none,4,0,0
27,1,0.0444,Director,119.25,0.0073,1,True,0.7802,False,none,19,2,1
17,1,0.1214,Contractor,23.04,0.0227,5,False,0.8487,False,none,8,3,1
1,50,0.3718,Manager,359.45,0.0474,1,False,0.9062,False,none,4,0,0
1,13,0.2235,Contractor,55.92,0.0,14,False,0.8781,False,none,9,0,0
0,-1,0.1575,Manager,174.75,0.0216,2,False,0.0,False,none,3,0,0
4,42,0.2606,Director,607.22,0.0311,0,False,0.949,False,none,0,0,0
1,10,0.1236,Director,407.93,0.0137,2,False,0.8857,False,none,2,0,0
2,12,7.8431,Executive,39543.16,0.7322,9,True,0.2196,True,high,293,5,1
9,5,1.4526,Director,4859.48,0.203,1,True,0.6705,True,high,58,3,1
2,59,0.1079,Manager,112.82,0.0177,13,False,0.914,False,none,1,0,0
0,-1,1.6238,Executive,4837.61,0.0786,248,True,0.6151,True,medium,51,3,1
5,44,0.1516,Employee,70.22,0.0171,0,False,0.9019,False,none,4,0,0
1,3,0.2005,Director,481.79,0.033,7,False,0.9372,False,none,8,0,0
3,19,0.5098,Contractor,95.68,0.107,4,False,0.9621,False,none,13,0,0
7,4,1.1999,Executive,6263.73,0.1598,0,True,0.7706,True,medium,91,5,1
2,16,0.3667,Director,1178.99,0.0795,7,False,0.9104,False,none,1,0,0
15,0,0.1703,Employee,89.66,0.036,3,False,0.638,False,none,6,3,1
2,22,1.0061,Employee,398.91916307630055,0.2608,0,True,0.9295,False,none,4,0,0
2,20,0.5793,Employee,278.54252238749376,0.0879,3,True,0.8614,False,none,4,0,0
3,29,0.2354,Contractor,62.51,0.0677,5,True,0.9178,False,none,3,0,0
3,12,0.6296,Employee,358.49,0.1066,8,False,0.8687,False,none,6,0,0
4,17,0.0551,Employee,32.13,0.01,4,False,0.9085,True,low,19,1,0
4,36,0.1804,Employee,64.01,0.0216,1,False,0.9018,False,none,13,0,0
4,52,0.1464,Executive,478.97,0.0137,0,False,0.9696,False,none,10,0,0
3,11,0.7353,Employee,266.90675323426115,0.0699,10,False,0.9879,False,none,1,0,0
0,-1,0.1056,Executive,587.02,0.0115,4,False,0.0,False,none,8,0,0
3,25,0.3189,Employee,226.17,0.0877,0,False,0.8865,False,none,5,0,0
2,26,5.2154,Employee,2465.02,0.7948,7,True,0.4425,True,high,167,8,1
0,-1,0.7017,Manager,716.6133370333241,0.1126,13,False,0.0,False,none,2,0,0
2,9,0.2864,Manager,143.56,0.0189,0,False,0.9067,False,none,6,0,0
1,3,0.0,Director,263.46401276354896,0.0127,15,False,0.8903,False,none,15,0,0
5,6,0.1654,Director,516.24,0.033,3,False,0.976,False,none,9,0,0
3,8,2.4399,Employee,882.34,0.2384,0,True,0.6229,True,medium,101,5,1
28,1,0.121,Employee,72.99,0.0291,5,False,0.8118,False,none,4,2,1
4,46,0.1159,Manager,112.26,0.0113,0,True,0.9133,False,none,4,0,0
4,31,0.4105,Employee,159.41,0.0856,0,True,0.8556,False,none,9,0,0
1,1,1.4822,Employee,820.29,0.2383,0,True,0.627,True,high,138,4,1
7,4,1.0882,Manager,1355.98,0.3041,0,True,0.606,True,medium,99,3,1
2,42,0.2636,Director,496.8,0.0219,4,True,0.8821,False,none,0,0,0
2,32,0.1194,Executive,538.67,0.0144,4,False,0.8548,False,none,12,0,0
4,29,0.8349,Employee,235.48794324365448,0.0606,0,False,0.9153,False,none,8,0,0
3,16,0.0,Manager,147.03,0.0185,3,False,0.9609,False,none,6,0,0
9,6,0.2603,Employee,165.26,0.0608,0,True,0.9046,False,none,14,0,0
2,21,0.5767,Employee,223.81034377337306,0.0666,0,False,0.9004,False,none,3,0,0
2,34,0.419,Employee,162.35,0.0606,3,False,0.945,False,none,0,0,0
3,25,0.0,Employee,226.79,0.0749,1,True,0.9816,False,none,6,0,0
2,27,4.6861,Director,17047.74,0.9471,5,False,0.533,True,high,145,4,1
3,7,0.5248,Employee,252.7,0.0669,8,False,0.9108,False,none,3,0,0
2,60,0.5624,Director,1662.1565413230846,0.0996,3,False,0.9418,False,none,0,0,0
0,-1,0.2664,Manager,235.0,0.0268,0,False,0.0,False,none,0,0,0
1,23,0.5545,Manager,532.708345742363,0.0695,0,True,0.9159,True,low,49,1,0
1,45,0.2016,Employee,114.39,0.0244,0,False,0.9157,True,low,36,1,0
2,2,0.3599,Manager,301.97,0.0302,7,False,0.9663,False,none,3,0,0
1,27,0.9151,Manager,828.2951213735811,0.126,7,False,0.8955,True,low,29,1,0
3,10,0.0,Employee,174.22,0.0688,5,False,0.8966,False,none,11,0,0
1,15,6.2643,Director,19224.79,1.3479,17,True,0.5934,True,high,145,5,1
3,25,0.122,Director,430.71,0.0199,10,False,0.9379,False,none,6,0,0
2,42,0.0686,Employee,44.85,0.0184,5,False,0.8912,False,none,10,0,0
1,60,0.1339,Executive,805.66,0.0145,0,False,0.9681,False,none,2,0,0
3,3,0.5993,Employee,288.2763508411874,0.1062,1,False,0.9967,False,none,9,0,0
2,12,5.313,Executive,24782.37,0.3722,12,False,0.4926,True,high,107,6,1
2,60,0.4793,Contractor,71.41,0.0799,5,False,0.8692,False,none,10,0,0
1,60,0.2493,Employee,116.7,0.0369,2,False,0.8778,True,low,29,1,0
2,1,0.9791,Director,2476.8304981555666,0.1038,0,False,0.8886,False,none,7,0,0
25,0,0.0262,Director,91.56,0.0,2,True,0.8126,False,none,8,3,1
2,37,0.3047,Manager,316.12,0.0369,5,False,0.8814,False,none,8,0,0
1,34,0.1279,Contractor,22.5,0.0216,4,False,0.9177,False,none,6,0,0
32,2,0.6399,Contractor,132.9,0.094,0,False,0.7255,False,none,20,3,1
1,8,0.2981,Employee,169.56,0.0355,6,False,0.9066,False,none,2,0,0
3,11,0.0,Employee,96.66,0.0289,1,True,0.9873,False,none,11,0,0
1,60,0.0,Manager,245.84,0.0329,0,False,0.9746,True,low,36,1,0
0,-1,0.5398,Employee,209.55,0.0665,0,False,0.0,False,none,0,0,0
2,8,1.6353,Employee,650.28,0.1678,0,True,0.7203,True,high,109,4,1
1,6,0.1746,Director,687.04,0.0352,0,False,0.9548,False,none,2,0,0
6,12,0.1631,Employee,82.33,0.0329,3,True,0.9478,False,none,5,0,0
1,18,0.0668,Employee,35.03,0.0115,0,True,0.9409,False,none,13,0,0
2,27,0.1207,Employee,51.62,0.0198,1,True,0.9664,False,none,1,0,0
4,54,0.0,Contractor,204.15,0.1669,4,False,0.9696,False,none,13,0,0
1,22,0.1116,Employee,62.13,0.0183,1,False,0.9978,False,none,1,0,0
2,30,0.2298,Contractor,54.64,0.0792,3,False,0.9077,False,none,7,0,0
0,-1,0.6007,Employee,292.52,0.0771,9,False,0.0,False,none,6,0,0
2,5,0.4236,Manager,421.56,0.0532,1,True,0.9494,False,none,3,0,0
4,34,0.5652,Director,2023.17,0.0976,2,False,0.989,False,none,2,0,0
8,2,1.1452,Employee,492.49,0.1688,0,True,0.7575,True,medium,64,3,1
0,-1,0.5405,Employee,224.13,0.1032,0,False,0.0,False,none,12,0,0
0,-1,0.2427,Manager,198.3,0.0336,7,False,0.0,False,none,13,0,0
2,13,0.526,Director,1815.5491646940916,0.0912,12,False,0.9801,False,none,11,0,0
1,35,0.0,Manager,267.52863463818284,0.0326,43,False,0.9743,False,none,14,0,0
0,-1,0.304,Director,778.82,0.0315,12,False,0.0,False,none,9,0,0
0,-1,0.1765,Director,448.04,0.0181,0,False,0.0,True,low,12,1,0
3,29,0.19,Executive,1119.77,0.0205,3,False,0.8965,False,none,14,0,0
1,23,0.1888,Employee,69.19,0.0233,18,True,0.8697,False,none,6,0,0
2,5,0.2356,Director,517.81,0.035,8,False,0.95,False,none,13,0,0
4,11,0.0884,Employee,35.93,0.0121,4,True,0.9167,False,none,5,0,0
5,2,0.0885,Employee,40.59,0.0108,4,True,0.972,True,low,43,1,0
0,-1,0.1613,Director,469.57,0.0187,0,False,0.0,False,none,14,0,0
19,2,0.0417,Manager,44.56,0.0054,2,True,0.7989,False,none,18,3,1
5,10,1.065,Director,4081.61,0.1756,0,True,0.6269,True,medium,125,3,1
3,45,0.4291,Director,1567.51,0.0798,0,False,0.9757,False,none,5,0,0
1,15,0.1774,Manager,191.34,0.0369,8,False,0.9692,False,none,14,0,0
1,29,0.3464,Employee,150.27,0.0784,0,False,0.941,False,none,14,0,0
5,14,3.0497,Director,8052.13,0.3772,20,True,0.5571,True,high,203,3,1
6,32,0.0758,Manager,94.36,0.012,4,False,0.9924,False,none,12,0,0
1,6,0.1747,Executive,658.09,0.0128,0,False,0.8628,False,none,5,0,0
3,19,0.0876,Employee,41.24,0.0247,8,False,0.8968,False,none,3,0,0
1,15,0.3363,Employee,196.08,0.0547,0,False,0.9818,False,none,1,0,0
3,44,0.0,Executive,330.5450594514383,0.0073,0,False,0.9885,False,none,15,0,0
39,2,0.0067,Director,25.22,0.0019,3,False,0.7815,False,none,15,1,1
4,60,0.1331,Director,543.32,0.0212,2,True,0.9548,False,none,3,0,0
29,2,0.145,Manager,112.6,0.0141,1,False,0.7277,False,none,5,1,1
2,16,8.3105,Contractor,2149.15,1.9992,17,True,0.5214,True,high,264,3,1
3,60,0.2694,Manager,324.29,0.0436,18,False,0.9801,False,none,6,0,0
8,2,1.8327,Employee,787.61,0.3888,1,True,0.6359,True,high,162,6,1
4,5,0.9167,Employee,323.9461533999594,0.0761,0,False,0.915,False,none,11,0,0
1,59,0.2547,Contractor,46.82,0.0474,4,False,0.8666,False,none,4,0,0
34,1,0.2119,Employee,115.64,0.0392,3,True,0.8386,False,none,6,2,1
1,28,0.0778,Executive,403.76,0.0087,8,False,0.9232,True,low,38,1,0
3,42,0.1879,Employee,74.85,0.0246,0,True,0.8669,False,none,12,0,0
2,40,0.0922,Employee,50.86,0.0,7,False,0.9516,False,none,15,0,0
4,27,8.1952,Manager,9384.81,1.1982,8,True,0.5437,True,high,229,7,1
2,57,0.1961,Manager,222.62,0.03,1,False,0.9586,False,none,13,0,0
3,9,0.2678,Employee,181.78,0.0696,3,False,0.9561,False,none,2,0,0
5,59,0.3878,Employee,175.51,0.0753,14,False,0.9027,False,none,6,0,0
4,11,0.8304,Employee,301.39,0.0877,6,False,0.9132,False,none,5,0,0
3,60,0.2539,Employee,134.91,0.0399,5,False,0.8699,False,none,15,0,0
1,5,1.0091,Manager,590.9350900740493,0.0681,7,False,0.955,False,none,15,0,0
2,28,0.6692,Employee,325.0630115355936,0.0978,0,False,0.8542,False,none,3,0,0
0,-1,0.1984,Manager,262.83,0.0328,1,False,0.0,False,none,15,0,0
1,60,0.6851,Employee,248.72,0.0825,487,True,0.5228,True,medium,96,4,1
2,113,1.0575,Employee,494.02,0.2063,366,True,0.7883,True,medium,57,5,1
4,22,0.454,Employee,187.98,0.0708,16,False,0.9996,False,none,4,0,0
3,58,0.0,Manager,304.16,0.0321,0,False,0.9084,False,none,1,0,0
3,48,0.0842,Manager,76.3,0.0103,11,False,0.9977,False,none,1,0,0
2,48,0.0,Employee,190.18,0.0698,9,False,0.8992,False,none,13,0,0
1,44,0.2413,Employee,153.99,0.0416,1,False,0.8697,False,none,15,0,0
4,42,0.0993,Director,320.2,0.0178,4,False,0.9055,False,none,15,0,0
2,37,0.2414,Employee,99.17,0.0287,4,False,0.8774,False,none,12,0,0
1,13,0.0795,Director,213.1,0.0107,4,False,0.9101,False,none,2,0,0
1,10,0.1206,Director,503.86,0.0227,4,False,0.9141,False,none,13,0,0
3,55,0.1449,Employee,83.75,0.0236,7,False,0.8917,False,none,14,0,0
1,3,0.1004,Executive,387.19,0.0101,2,False,0.9306,False,none,12,0,0
37,0,0.259,Employee,128.68,0.0461,1,False,0.7144,False,none,11,2,1
0,-1,0.1115,Executive,534.19,0.0116,3,False,0.0,True,low,26,1,0
3,43,0.3877,Director,1157.85,0.0463,3,False,0.8595,True,low,12,1,0
0,-1,0.6046,Employee,345.81,0.1172,10,False,0.0,False,none,10,0,0
1,6,0.526,Employee,324.1,0.1245,0,False,0.9393,False,none,2,0,0
1,14,0.143,Manager,113.65,0.0128,0,False,0.9443,False,none,5,0,0
5,36,0.4076,Employee,141.5,0.0416,5,False,0.984,False,none,1,0,0
0,-1,0.0,Manager,146.35,0.022,1,False,0.0,True,low,14,1,0
2,25,0.0,Manager,264.62,0.0296,0,False,0.9816,False,none,8,0,0
1,42,0.3468,Employee,181.99,0.0792,2,False,0.8909,False,none,11,0,0
9,9,2.3535,Employee,1064.16,0.3862,0,True,0.7225,True,medium,132,4,1
4,33,0.3501,Contractor,68.68,0.0608,1,False,0.9938,False,none,12,0,0
5,7,0.76,Contractor,109.28,0.114,3,True,0.8658,True,low,26,1,0
3,39,0.5182,Employee,212.78653819892259,0.0788,2,False,0.8976,False,none,14,0,0
2,49,0.2934,Director,1213.31,0.0504,7,False,0.9234,False,none,4,0,0
2,10,0.5584,Employee,336.44,0.0975,2,True,0.9433,False,none,2,0,0
2,40,0.3934,Employee,155.5,0.0514,11,False,0.9528,False,none,13,0,0
21,1,0.0975,Employee,46.11,0.0154,5,False,0.8058,False,none,4,1,1
3,3,0.4238,Manager,381.66,0.0722,4,False,0.8574,False,none,10,0,0
0,-1,0.066,Contractor,15.23,0.0157,9,False,0.0,False,none,9,0,0
0,-1,0.1762,Employee,107.94,0.0513,8,False,0.0,False,none,14,0,0
3,1,0.4385,Employee,228.71,0.0655,8,True,0.9369,False,none,0,0,0
2,55,0.3822,Employee,180.11,0.0795,0,True,0.8823,False,none,12,0,0
0,-1,0.1648,Employee,110.14,0.0405,1,True,0.0,False,none,0,0,0
2,18,0.2148,Director,492.95,0.0,5,False,0.9115,False,none,13,0,0
1,19,0.2875,Employee,112.02,0.0369,13,False,0.8635,False,none,2,0,0
8,3,1.9191,Manager,2000.17,0.2939,0,True,0.5135,True,high,79,4,1
7,19,0.0,Manager,305.82811476118616,0.0426,1,True,0.9689,False,none,2,0,0
1,41,0.7299,Contractor,141.32,0.1428,0,False,0.8561,False,none,7,0,0
2,41,0.3449,Manager,294.53,0.0343,3,False,0.9232,True,low,23,1,0
4,45,0.9622,Employee,301.91,0.0855,17,False,0.9909,False,none,12,0,0
0,-1,0.3041,Manager,288.88,0.0482,1,True,0.0,True,low,33,1,0
0,-1,0.9481,Employee,393.27,0.1415,400,False,0.5634,True,medium,33,3,1
4,18,0.3196,Contractor,63.36,0.0807,22,False,0.9267,False,none,5,0,0
3,40,0.5836,Employee,264.04,0.0854,6,True,0.8872,False,none,4,0,0
3,8,0.4389,Employee,204.53,0.0647,0,False,0.9051,False,none,15,0,0
2,7,0.2454,Manager,226.02,0.031,1,True,0.9013,False,none,5,0,0
1,32,0.1357,Manager,144.52,0.0155,0,True,0.8559,False,none,11,0,0
2,35,0.0,Employee,197.29,0.0631,5,False,0.9143,False,none,13,0,0
1,31,0.5369,Employee,210.18,0.0908,2,False,0.9802,False,none,10,0,0
2,10,0.3297,Director,1089.31,0.0588,9,False,0.8705,False,none,11,0,0
24,1,0.1386,Contractor,28.53,0.031,1,False,0.6236,False,none,8,2,1
1,76,0.8546,Employee,404.22,0.1049,273,True,0.6092,True,medium,47,3,1
2,18,0.0557,Director,154.75,0.0089,5,True,0.8617,False,none,12,0,0
2,9,0.2656,Director,1232.74,0.0857,15,False,0.9456,False,none,3,0,0
2,52,0.4392,Manager,288.7,0.0278,5,False,0.8586,True,low,11,1,0
3,29,0.1807,Employee,85.76,0.0266,5,False,0.8563,True,low,33,1,0
2,30,0.2219,Employee,106.07,0.0369,1,False,0.9944,False,none,1,0,0
4,19,3.4528,Employee,1997.85,0.6561,10,True,0.2778,True,high,176,4,1
2,15,0.5188,Manager,588.4787946300515,0.0708,3,False,0.9255,False,none,13,0,0
1,10,0.2107,Executive,1366.26,0.0325,6,True,0.9773,False,none,9,0,0
1,36,0.5248,Employee,260.47,0.0858,8,False,0.8883,False,none,11,0,0
1,15,0.2313,Manager,247.09,0.0324,18,False,0.9255,False,none,10,0,0
1,49,0.1653,Employee,103.93,0.04,2,False,0.987,False,none,14,0,0
3,36,0.1612,Employee,100.35,0.0266,7,False,0.9002,False,none,3,0,0
40,2,0.0688,Director,124.84,0.0054,1,False,0.8759,False,none,3,1,1
2,42,0.5189,Manager,507.67,0.072,1,False,0.9838,False,none,2,0,0
3,10,0.0984,Employee,51.43,0.0153,1,False,0.969,False,none,7,0,0
3,33,0.3731,Contractor,57.48,0.0719,3,False,0.8643,False,none,9,0,0
4,31,0.0797,Manager,103.95,0.0152,7,True,0.8613,False,none,9,0,0
16,2,0.1388,Manager,140.54,0.0275,3,False,0.7557,False,none,2,3,1
2,57,0.2906,Employee,175.88,0.0679,1,False,0.9814,False,none,6,0,0
2,28,0.1454,Manager,137.93,0.0147,0,False,0.989,False,none,4,0,0
4,3,1.3524,Employee,897.21,0.2994,1,True,0.5853,True,medium,97,5,1
2,27,0.3218,Manager,235.47,0.0318,3,False,0.9409,False,none,4,0,0
1,25,5.0504,Manager,5271.14,0.7631,5,True,0.2676,True,high,103,3,1
3,11,0.3561,Employee,105.51,0.038,7,False,0.8695,False,none,10,0,0
2,31,0.1533,Employee,82.52,0.0268,3,False,0.9258,False,none,8,0,0
8,8,1.4779,Employee,746.93,0.2946,0,True,0.6703,True,high,163,3,1
1,13,0.2329,Employee,114.93,0.0266,13,False,0.9113,False,none,8,0,0
1,22,0.5641,Manager,413.35,0.0424,1,True,0.9225,False,none,8,0,0
1,20,0.624,Manager,509.33,0.1012,12,True,0.8573,False,none,11,0,0
2,51,0.5592,Employee,307.14,0.0898,9,False,0.9235,False,none,8,0,0
32,2,0.312,Employee,125.12,0.0413,4,False,0.8245,False,none,6,3,1
1,56,0.7116,Employee,346.91,0.1058,3,False,0.8598,False,none,11,0,0
4,41,0.748,Director,2943.54,0.1581,0,False,0.8774,False,none,4,0,0
2,37,0.0,Contractor,46.31,0.0469,4,False,0.9533,False,none,15,0,0
0,-1,0.1152,Contractor,19.04,0.025,4,False,0.0,False,none,7,0,0
2,11,7.2204,Manager,8982.71,0.979,11,True,0.4555,True,high,234,5,1
4,2,0.1567,Employee,81.47,0.0256,9,False,0.8938,False,none,7,0,0
2,29,0.168,Employee,71.18,0.0257,3,False,0.9598,False,none,1,0,0
3,52,0.5358,Employee,153.09742887999994,0.0401,0,True,0.9267,False,none,11,0,0
0,-1,1.0451,Executive,3972.73,0.0823,469,False,0.6344,True,medium,31,3,1
6,35,0.3234,Employee,165.14,0.0387,2,False,0.9962,False,none,1,0,0
0,-1,0.5444,Manager,428.65,0.055,0,False,0.0,False,none,3,0,0
2,36,0.5546,Employee,231.2,0.0593,1,False,0.9263,False,none,13,0,0
3,8,0.1417,Employee,63.49,0.021,0,False,0.9283,False,none,4,0,0
0,-1,0.0993,Director,346.56,0.0217,3,False,0.0,False,none,1,0,0
1,10,1.222,Employee,661.16,0.1819,1,True,0.4476,True,high,100,2,1
35,0,0.0696,Employee,37.72,0.0102,4,False,0.792,False,none,15,2,1
2,53,0.2331,Director,651.93,0.0514,4,False,0.9488,False,none,0,0,0
0,-1,0.2387,Employee,123.88,0.04,9,False,0.0,False,none,13,0,0
2,10,0.3322,Employee,210.85,0.0997,5,False,0.9446,False,none,3,0,0
2,2,0.2347,Employee,111.62,0.0359,4,True,0.9739,False,none,5,0,0
3,6,0.166,Manager,128.89,0.0234,5,True,0.8938,False,none,3,0,0
2,4,0.2055,Executive,1130.15,0.0262,1,False,0.8741,True,low,41,1,0
2,16,0.1827,Employee,106.79,0.0284,0,False,0.8698,False,none,4,0,0
1,44,0.7121,Manager,876.46,0.0941,1,True,0.9249,False,none,3,0,0
2,29,0.398,Executive,2339.94,0.0395,7,False,0.9747,False,none,8,0,0
3,19,0.5765,Employee,327.24909979440093,0.1071,0,False,0.8781,False,none,3,0,0
5,6,1.3377,Employee,739.82,0.2007,1,True,0.78,True,medium,56,2,1
1,23,0.3222,Employee,155.74,0.0716,12,True,0.8687,False,none,13,0,0
2,43,0.0,Manager,196.98,0.0254,8,False,0.9206,False,none,5,0,0
0,-1,0.7093,Employee,451.14668558764123,0.1117,5,False,0.0,False,none,11,0,0
3,4,0.5365,Employee,204.63974710861063,0.0412,1,False,0.8683,False,none,2,0,0
0,-1,0.1741,Employee,83.05,0.0293,3,True,0.0,False,none,7,0,0
2,7,0.1843,Director,629.71,0.0246,2,False,0.9106,False,none,0,0,0
6,57,0.1022,Director,217.32,0.0125,0,False,0.9798,False,none,1,0,0
0,-1,0.0,Manager,263.34486357496564,0.0313,3,False,0.0,False,none,12,0,0
0,-1,0.2022,Director,714.66,0.032,13,True,0.0,False,none,6,0,0
2,75,1.2202,Manager,1093.27,0.1079,367,False,0.6325,True,medium,99,2,1
5,21,0.3394,Employee,139.62,0.0346,6,False,0.9002,False,none,12,0,0
1,15,0.0617,Employee,35.34,0.0114,1,False,0.866,False,none,10,0,0
1,42,0.2781,Employee,141.44,0.0395,9,False,0.9447,False,none,1,0,0
1,2,0.0,Employee,138.98,0.0439,0,False,0.8667,False,none,14,0,0
2,29,0.951,Employee,439.16117332667017,0.1367,10,False,0.8858,False,none,9,0,0
1,56,0.3408,Contractor,59.27,0.0557,3,False,0.9378,False,none,12,0,0
3,25,0.5316,Director,1232.85,0.0654,3,False,0.9353,False,none,3,0,0
3,3,0.4083,Manager,418.32,0.0469,3,False,0.9186,False,none,2,0,0
3,45,0.1057,Director,409.04,0.0242,8,False,0.8818,False,none,13,0,0
1,22,0.304,Employee,144.87,0.0575,5,False,0.9573,False,none,4,0,0
2,24,0.0,Manager,219.91,0.0321,1,False,0.9061,False,none,5,0,0
5,26,0.0,Director,5612.6,0.3599,6,False,0.3367,True,high,333,5,1
6,31,0.1324,Director,420.29,0.0231,5,False,0.9234,True,low,46,1,0
1,15,0.1243,Manager,112.64,0.0134,0,False,0.9447,False,none,15,0,0
2,27,0.1405,Director,347.94,0.0156,0,False,0.9468,False,none,4,0,0
1,49,0.4323,Director,1400.08,0.0,1,False,0.9927,False,none,14,0,0
0,-1,0.9346,Employee,434.25,0.1363,402,False,0.7023,True,medium,72,4,1
1,33,0.6784,Employee,425.52,0.1226,5,True,0.8684,False,none,0,0,0
0,-1,0.8688,Employee,301.79,0.1333,204,False,0.5061,True,medium,55,4,1
3,55,0.5242,Employee,270.02,0.0886,9,False,0.8514,False,none,6,0,0
2,20,0.3133,Manager,289.1,0.0359,0,False,0.8876,False,none,4,0,0
4,32,0.1097,Contractor,25.2,0.0349,4,True,0.9288,False,none,3,0,0
1,44,0.3627,Employee,181.98,0.0578,4,False,0.9556,False,none,8,0,0
2,9,0.3924,Manager,368.06,0.0478,10,False,0.9752,False,none,8,0,0
2,17,0.2931,Director,823.05,0.0427,5,False,0.9803,False,none,6,0,0
2,21,0.2596,Employee,142.16,0.0637,0,False,0.8653,True,low,36,1,0
2,55,0.3054,Employee,146.82,0.0415,0,False,0.9622,False,none,7,0,0
2,14,0.364,Employee,219.64,0.1047,4,False,0.9169,False,none,7,0,0
0,-1,0.5889,Employee,159.27767075606542,0.0454,5,False,0.0,False,none,10,0,0
2,40,0.3102,Employee,121.02,0.0418,0,False,0.9001,False,none,8,0,0
0,-1,0.213,Employee,120.39,0.0481,10,True,0.0,False,none,9,0,0
2,34,0.6944,Employee,311.86,0.0773,9,True,0.9869,False,none,3,0,0
4,13,0.4786,Manager,340.76,0.0495,1,False,0.9453,False,none,7,0,0
4,54,0.2809,Director,999.58,0.0462,2,False,0.8513,False,none,0,0,0
2,37,0.2962,Employee,212.52,0.072,0,False,0.9202,False,none,14,0,0
0,-1,0.3104,Contractor,59.46,0.0451,5,False,0.0,False,none,5,0,0
1,37,0.6553,Employee,442.9924069264561,0.1415,11,True,0.8514,False,none,3,0,0
3,5,0.2072,Manager,182.31,0.0228,1,False,0.9332,True,low,40,1,0
1,70,0.8893,Manager,972.61,0.1147,309,True,0.7772,True,medium,94,4,1
1,37,0.1781,Manager,191.89,0.0232,7,False,0.9948,True,low,12,1,0
2,19,0.1326,Employee,55.88,0.0241,2,False,0.9245,False,none,6,0,0
4,21,4.5271,Employee,2262.93,0.8531,7,True,0.4949,True,high,314,3,1
2,54,0.0958,Manager,97.58,0.0129,0,False,0.8984,False,none,12,0,0
35,2,0.1172,Manager,136.15,0.0152,3,True,0.6558,False,none,14,1,1
5,13,0.5078,Director,1292.05,0.0758,1,False,0.9852,False,none,3,0,0
0,-1,0.3153,Employee,206.31,0.0658,10,False,0.0,False,none,3,0,0
3,21,0.0,Employee,67.81,0.0308,16,False,0.8519,False,none,6,0,0
2,57,0.8705,Employee,404.31,0.1383,1,False,0.9941,False,none,12,0,0
10,10,1.0008,Executive,5070.68,0.0936,1,True,0.6418,True,high,71,3,1
1,1,0.5464,Employee,252.80460236901357,0.0912,2,False,0.9518,False,none,1,0,0
1,1,0.1524,Manager,173.5,0.0208,1,False,0.8538,False,none,11,0,0
2,19,0.5122,Employee,255.94814240620795,0.1059,1,False,0.874,False,none,0,0,0
1,4,0.1219,Employee,78.21,0.0224,2,False,0.9988,False,none,9,0,0
1,34,0.6607,Employee,284.0,0.1173,0,False,0.8976,False,none,14,0,0
1,18,0.3714,Contractor,84.87,0.1308,10,False,0.9492,True,low,18,1,0
1,42,0.6714,Manager,552.07,0.066,8,False,0.9012,False,none,15,0,0
3,1,1.179,Manager,1366.24,0.1445,0,True,0.5828,True,high,99,6,1
2,10,0.4599,Employee,229.91,0.0872,1,False,0.9103,False,none,11,0,0
0,-1,1.0955,Employee,438.85,0.139,292,True,0.7988,True,medium,75,2,1
3,48,0.533,Employee,207.63,0.0,10,True,0.9126,False,none,0,0,0
4,39,0.546,Contractor,121.55,0.1011,2,True,0.9191,False,none,12,0,0
5,36,0.7177,Manager,732.84,0.1217,28,False,0.9311,False,none,6,0,0
2,56,0.188,Employee,116.25,0.0511,0,False,0.8638,False,none,9,0,0
3,11,0.6042,Employee,322.52,0.1023,0,False,0.8584,False,none,9,0,0
4,19,0.4222,Employee,278.09,0.0653,10,False,0.984,False,none,15,0,0
3,7,0.6342,Employee,216.29280062173007,0.0466,0,False,0.9014,False,none,6,0,0
3,29,0.1852,Manager,195.67,0.0197,5,False,0.9031,False,none,7,0,0
1,51,0.5396,Employee,177.95731675142804,0.0561,4,True,0.9362,False,none,8,0,0
5,1,0.3552,Employee,185.58,0.0584,1,False,0.8779,False,none,5,0,0
36,0,0.0631,Employee,31.85,0.0086,5,False,0.7576,False,none,19,3,1
0,-1,0.6682,Manager,651.06,0.0899,3,True,0.0,False,none,4,0,0
0,-1,0.8067,Director,2003.06,0.1012,192,False,0.7283,True,medium,90,5,1
4,13,0.3175,Employee,187.4,0.0737,21,False,0.9497,False,none,12,0,0
2,55,0.1122,Employee,62.9,0.0186,0,True,0.9491,False,none,0,0,0
1,48,0.1458,Employee,76.72,0.0277,13,False,0.8942,False,none,1,0,0
1,6,0.5131,Manager,549.47,0.0622,5,False,0.9284,False,none,15,0,0
1,13,0.2801,Employee,151.43,0.0469,1,True,0.9244,True,low,17,1,0
6,36,0.3013,Employee,147.78,0.0488,12,False,0.9067,True,low,48,1,0
1,17,0.0,Employee,7583.65,2.7685,18,False,0.491,True,high,210,4,1
1,38,0.1214,Employee,69.39,0.0281,7,True,0.9476,True,low,12,1,0
1,32,0.1864,Employee,101.57,0.0345,0,False,0.963,False,none,0,0,0
0,-1,0.5193,Director,1083.24,0.0642,11,False,0.0,False,none,0,0,0
2,13,0.1599,Manager,162.24,0.0147,0,False,0.8852,False,none,6,0,0
37,1,0.0768,Employee,33.33,0.0097,3,False,0.781,False,none,17,1,1
3,7,0.8868,Manager,561.8484858259537,0.052,3,False,0.991,False,none,11,0,0
1,12,0.7706,Employee,332.8469601149781,0.1046,32,False,0.8701,False,none,1,0,0
3,50,0.2772,Director,979.82,0.0444,5,True,0.9377,False,none,9,0,0
3,24,0.0,Employee,138.27,0.0795,0,False,0.9994,False,none,12,0,0
4,20,6.6344,Employee,3795.44,1.5351,18,False,0.5698,True,high,302,3,1
1,8,0.139,Employee,87.93,0.0283,3,True,0.8535,False,none,13,0,0
0,-1,0.0,Employee,322.69,0.1339,2,True,0.0,True,low,36,1,0
3,23,0.0,Manager,333.52,0.0,1,False,0.9984,False,none,14,0,0
0,-1,0.1375,Contractor,25.85,0.0301,11,False,0.0,False,none,14,0,0
1,25,0.1597,Employee,84.12,0.0238,0,False,0.9112,False,none,13,0,0
2,91,0.0,Executive,3635.47,0.1152,434,False,0.6446,True,medium,37,4,1
0,-1,0.075,Employee,44.7,0.0151,4,False,0.0,False,none,2,0,0
1,24,0.6908,Manager,769.7052173918488,0.136,16,False,0.9143,False,none,5,0,0
3,10,0.4756,Employee,259.06,0.0834,5,False,0.8888,False,none,8,0,0
3,38,0.1793,Employee,96.96,0.0219,0,False,0.901,False,none,14,0,0
3,55,0.2042,Executive,1000.55,0.0258,3,True,0.9514,False,none,7,0,0
2,55,0.2504,Executive,913.36,0.0235,1,False,0.897,True,low,11,1,0
3,32,0.7383,Contractor,133.96,0.1634,1,False,0.8845,False,none,7,0,0
0,-1,0.2826,Manager,308.46,0.0555,2,True,0.0,False,none,9,0,0
2,1,0.9807,Manager,822.2628260848097,0.1223,1,True,0.8505,False,none,11,0,0
2,47,0.4395,Contractor,104.92,0.1451,0,False,0.9119,False,none,3,0,0
1,34,0.1547,Employee,81.47,0.0369,6,False,0.8799,False,none,14,0,0
2,3,0.6062,Director,1773.8036868001905,0.0808,0,False,0.9204,False,none,7,0,0
4,31,0.0511,Employee,27.09,0.0092,2,False,0.9686,False,none,0,0,0
2,22,0.5712,Manager,585.5,0.0752,5,False,0.8746,False,none,14,0,0
1,46,0.3885,Employee,216.18,0.0557,3,False,0.8584,False,none,14,0,0
32,1,0.0033,Executive,14.55,0.0003,2,True,0.8983,False,none,12,1,1
1,7,0.0,Employee,267.64,0.0,11,False,0.9057,False,none,4,0,0
2,27,0.1715,Employee,68.33,0.025,12,False,0.984,False,none,9,0,0
40,2,0.0124,Executive,46.62,0.0007,3,True,0.7861,False,none,11,3,1
2,13,0.5295,Employee,267.22,0.1615,3,False,0.9357,False,none,11,0,0
2,8,0.3616,Manager,288.49,0.0479,3,True,0.9412,False,none,12,0,0
1,40,0.225,Employee,134.99,0.0728,13,False,0.9651,False,none,15,0,0
3,45,0.4549,Employee,252.77,0.0959,5,False,0.9395,False,none,1,0,0
0,-1,0.1285,Employee,60.78,0.0166,6,False,0.0,False,none,12,0,0
0,-1,0.1985,Employee,88.61,0.0248,3,False,0.0,False,none,8,0,0
0,-1,0.4571,Director,1312.2,0.0665,1,True,0.0,True,low,28,1,0
1,48,0.3974,Employee,205.27,0.0599,0,True,0.8507,False,none,11,0,0
1,36,0.1438,Employee,59.63,0.0332,1,False,0.9285,False,none,4,0,0
2,59,0.239,Employee,117.94,0.0477,3,False,0.9308,False,none,0,0,0
0,-1,0.0,Manager,234.84,0.0204,0,False,0.0,True,low,40,1,0
0,-1,0.5518,Manager,458.31474106210277,0.0885,15,False,0.0,False,none,1,0,0
1,37,0.2004,Employee,85.71,0.032,23,False,0.9414,False,none,6,0,0
0,-1,0.1493,Manager,138.49,0.025,0,False,0.0,False,none,2,0,0
2,11,0.2607,Executive,1315.31,0.0249,0,False,0.8534,False,none,5,0,0
1,41,0.2601,Employee,163.55,0.0523,5,False,0.8643,False,none,4,0,0
4,46,0.1715,Employee,101.76,0.0294,3,False,0.9003,False,none,13,0,0
2,9,0.9805,Employee,495.49248176795254,0.1735,11,False,0.8887,False,none,13,0,0
2,29,0.2684,Executive,1399.15,0.0221,6,False,0.8916,False,none,6,0,0
1,2,0.4199,Manager,492.14,0.0762,8,False,0.8514,False,none,1,0,0
2,52,0.5117,Director,1273.027409061898,0.0571,1,False,0.9967,False,none,2,0,0
2,11,0.1614,Employee,63.42,0.0279,2,False,0.8851,False,none,8,0,0
1,23,0.1767,Manager,209.36,0.0223,1,False,0.973,False,none,10,0,0
2,23,0.0933,Manager,91.6,0.0116,12,False,0.8532,False,none,14,0,0
1,53,0.1793,Employee,61.37,0.0158,0,False,0.989,True,low,11,1,0
0,-1,0.6604,Employee,304.96984476278556,0.0958,2,False,0.0,True,low,15,1,0
2,54,0.3691,Director,1445.47,0.0876,9,True,0.996,False,none,13,0,0
2,33,0.0,Director,391.35,0.0157,3,False,0.8963,False,none,12,0,0
2,4,0.8804,Manager,587.03,0.0648,1,False,0.9647,False,none,2,0,0
2,41,0.251,Director,549.86,0.0364,4,False,0.9699,False,none,4,0,0
8,3,1.6949,Director,5101.92,0.304,0,True,0.5215,True,medium,188,5,1
0,-1,0.1305,Manager,70.08,0.0077,2,False,0.0,False,none,13,0,0
2,53,0.7446,Employee,345.42831147163696,0.1659,4,False,0.9593,False,none,0,0,0
1,59,0.3345,Employee,124.22,0.0425,9,True,0.9408,False,none,6,0,0
0,-1,0.3397,Employee,113.95,0.0383,6,False,0.0,False,none,0,0,0
2,52,0.0,Employee,367.85,0.1365,3,False,0.974,False,none,12,0,0
1,35,0.2773,Employee,113.32,0.033,4,False,0.9897,False,none,1,0,0
3,28,0.0,Employee,116.05,0.0,7,False,0.9909,False,none,10,0,0
0,-1,1.5421,Director,2864.44,0.1729,203,False,0.5509,True,medium,83,4,1
3,28,8.859,Employee,5362.57,2.0579,12,False,0.6181,True,high,194,3,1
2,51,0.1695,Manager,130.17,0.0247,3,False,0.9195,False,none,3,0,0
0,-1,0.2464,Employee,112.91,0.0403,0,False,0.0,False,none,2,0,0
1,48,0.6162,Employee,148.90440994384605,0.0533,4,False,0.8665,False,none,5,0,0
2,37,0.2217,Manager,201.05,0.0272,1,False,0.9225,False,none,3,0,0
1,23,0.4784,Director,1326.54,0.0618,19,False,0.87,False,none,0,0,0
1,43,0.1346,Employee,70.01,0.0287,24,True,0.9809,False,none,11,0,0
24,0,0.5256,Contractor,103.83,0.1174,4,False,0.6136,False,none,17,2,1
3,38,0.5003,Employee,167.4458187833731,0.0376,2,False,0.9932,False,none,10,0,0
2,10,0.1562,Manager,156.56,0.0178,13,False,0.9909,False,none,2,0,0
3,18,0.2851,Employee,176.98,0.0614,1,True,0.9634,False,none,7,0,0
1,26,0.0964,Employee,48.76,0.0182,0,False,0.8603,False,none,10,0,0
3,53,0.2522,Manager,221.2,0.029,0,False,0.8625,False,none,8,0,0
7,8,0.5879,Employee,295.81,0.0951,18,False,0.8887,False,none,6,0,0
37,1,0.0496,Director,122.4,0.0048,0,False,0.775,False,none,12,2,1
1,30,0.5186,Contractor,142.09,0.1605,1,False,0.991,False,none,2,0,0
2,54,0.3126,Director,851.94,0.042,13,True,0.9137,False,none,10,0,0
3,7,0.2579,Director,757.2,0.0453,1,True,0.9585,False,none,15,0,0
4,35,0.434,Employee,193.51,0.0849,6,False,0.8613,False,none,13,0,0
2,34,0.1786,Employee,96.77,0.0295,6,False,0.9621,False,none,10,0,0
4,15,0.2318,Manager,159.21,0.0168,0,False,0.8809,False,none,6,0,0
1,35,0.2401,Employee,103.95,0.0579,12,False,0.8633,False,none,8,0,0
2,43,0.123,Employee,101.97,0.046,2,False,0.9628,False,none,5,0,0
2,31,0.5469,Manager,599.94,0.0578,6,False,0.9494,False,none,2,0,0
2,28,0.2423,Employee,130.68,0.0422,6,True,0.9933,False,none,0,0,0
1,30,0.2271,Manager,211.02,0.0332,2,True,0.9441,False,none,9,0,0
0,-1,0.4348,Manager,375.34,0.0538,0,False,0.0,False,none,3,0,0
1,26,0.3942,Employee,224.99,0.0714,2,False,0.9628,False,none,13,0,0
3,44,0.104,Executive,528.81,0.0131,2,False,0.961,False,none,2,0,0
2,40,0.1315,Director,419.77,0.0273,4,False,0.9089,False,none,14,0,0
1,10,0.6729,Employee,432.27,0.1719,13,False,0.9878,True,low,25,1,0
3,30,0.3529,Employee,148.28,0.0525,10,False,0.9109,False,none,1,0,0
1,57,0.215,Employee,84.17,0.0198,0,True,0.9518,False,none,12,0,0
3,46,0.2227,Employee,130.05,0.052,9,False,0.9415,False,none,14,0,0
3,51,0.1542,Employee,74.67,0.0237,8,False,0.8896,True,low,36,1,0
1,46,0.2168,Director,927.35,0.0384,8,True,0.8507,False,none,4,0,0
5,1,1.4153,Employee,738.86,0.2097,1,True,0.5633,True,medium,71,5,1
3,53,0.2655,Employee,118.03,0.0275,5,False,0.9667,True,low,46,1,0
6,3,0.6899,Employee,290.43,0.0969,11,False,0.916,False,none,2,0,0
3,18,0.3327,Director,809.54,0.037,2,False,0.8824,True,low,39,1,0
4,53,0.1255,Employee,57.14,0.0197,0,True,0.9712,False,none,8,0,0
1,23,0.5762,Employee,286.4491968041642,0.092,1,True,0.9252,True,low,34,1,0
5,37,0.1094,Contractor,22.26,0.0,4,False,0.9457,False,none,9,0,0
2,56,0.2737,Employee,123.79,0.0437,2,False,0.9862,False,none,1,0,0
0,-1,0.272,Manager,280.6,0.0375,6,False,0.0,False,none,7,0,0
2,1,0.8601,Director,3207.57,0.1847,0,True,0.4572,True,medium,118,6,1
2,100,0.8204,Employee,456.35,0.144,495,True,0.5633,True,medium,99,5,1
4,44,0.3147,Employee,156.83,0.0663,3,False,0.9316,False,none,3,0,0
2,7,0.2537,Manager,208.13,0.0299,4,False,0.9801,False,none,15,0,0
4,55,0.1012,Employee,33.32,0.0084,6,False,0.999,False,none,12,0,0
2,11,0.7612,Employee,384.8,0.125,8,True,0.8771,False,none,15,0,0
1,38,0.0,Employee,189.46,0.0835,1,False,0.9678,True,low,38,1,0
38,2,0.0762,Employee,46.29,0.0126,3,False,0.7162,False,none,4,1,1
3,9,0.7066,Contractor,140.49383939065876,0.141,2,False,0.8609,False,none,2,0,0
4,29,0.2723,Manager,278.98,0.0363,3,False,0.8784,False,none,3,0,0
3,42,1.027,Manager,940.0833734343553,0.1484,2,False,0.9123,False,none,3,0,0
2,12,2.5471,Employee,1054.16,0.3479,15,True,0.2508,True,high,289,8,1
2,40,0.6708,Contractor,125.17083220320777,0.0991,2,False,0.8732,False,none,9,0,0
2,50,0.4224,Employee,170.35,0.0461,2,True,0.9431,False,none,4,0,0
0,-1,0.0,Employee,121.15,0.04,0,False,0.0,False,none,6,0,0
5,15,0.3256,Employee,174.12,0.0862,4,False,0.9148,False,none,3,0,0
2,24,0.0,Employee,38.67,0.015,2,True,0.9526,False,none,5,0,0
2,47,0.4189,Employee,167.37,0.0572,14,False,0.9515,False,none,3,0,0
1,20,0.1516,Employee,73.02,0.0207,1,False,0.8865,False,none,12,0,0
3,34,0.4603,Manager,471.56,0.0636,2,False,0.958,False,none,13,0,0
3,25,0.1568,Employee,60.84,0.0242,27,False,0.8535,False,none,1,0,0
2,2,0.585,Employee,223.32341947059246,0.059,5,False,0.965,False,none,9,0,0
1,34,0.1675,Employee,104.5,0.0412,0,True,0.9292,False,none,9,0,0
3,21,0.0884,Employee,32.31,0.0098,3,True,0.9464,True,low,35,1,0
1,45,0.0,Director,265.12019411780796,0.0138,7,False,0.9662,False,none,4,0,0
2,53,0.1066,Contractor,15.26,0.0141,5,False,0.8956,False,none,6,0,0
9,5,3.1899,Manager,1992.47,0.2,0,True,0.748,True,high,104,3,1
2,58,0.18,Employee,92.78,0.0329,12,False,0.9394,False,none,14,0,0
1,33,0.2338,Employee,104.32,0.0346,1,False,0.9684,False,none,9,0,0
2,11,0.1682,Employee,84.76,0.0294,7,False,0.909,True,low,48,1,0
1,48,0.0971,Contractor,25.31,0.0292,7,False,0.9111,True,low,17,1,0
3,6,0.5377,Employee,180.51,0.0453,5,False,0.8727,False,none,6,0,0
4,29,0.0,Employee,84.74,0.0316,0,False,0.9401,False,none,2,0,0
2,28,0.1458,Employee,80.54,0.0329,1,False,0.9235,False,none,13,0,0
0,-1,0.2459,Employee,156.36,0.0471,5,False,0.0,False,none,0,0,0
1,39,0.6659,Manager,870.3006884968668,0.1061,2,False,0.8629,False,none,14,0,0
3,41,0.3813,Director,892.08,0.0737,5,False,0.8788,False,none,1,0,0
2,23,0.3742,Employee,120.98,0.044,1,False,0.8614,False,none,5,0,0
0,-1,0.2525,Contractor,57.52,0.0463,6,False,0.0,True,low,34,1,0
7,7,1.0174,Director,3461.53,0.2075,0,True,0.6279,True,high,187,2,1
2,93,0.9768,Executive,4283.48,0.1064,260,False,0.6322,True,medium,87,4,1
3,38,0.1155,Director,430.88,0.0207,10,False,0.8726,False,none,10,0,0
1,60,0.4041,Manager,453.45,0.0473,5,True,0.992,False,none,3,0,0
1,4,0.1977,Contractor,41.35,0.0339,4,False,0.9292,False,none,6,0,0
2,10,0.3861,Executive,1850.77,0.0496,1,True,0.9327,False,none,8,0,0
5,11,0.1628,Director,521.93,0.0231,9,False,0.9453,False,none,8,0,0
4,41,0.2399,Director,792.38,0.0421,3,False,0.9332,False,none,4,0,0
5,40,0.3193,Contractor,70.14,0.0807,4,False,0.8752,False,none,5,0,0
2,43,0.1495,Employee,76.26,0.0357,6,False,0.8983,True,low,15,1,0
4,23,0.5521,Employee,281.9227896766548,0.0984,4,True,0.9963,False,none,11,0,0
1,44,0.0956,Director,381.27,0.0216,1,False,0.9626,False,none,11,0,0
2,41,0.1961,Manager,184.16,0.0214,3,False,0.8657,True,low,44,1,0
3,58,0.4973,Manager,364.59,0.0552,0,False,0.96,False,none,7,0,0
3,8,0.5044,Employee,241.84,0.09,6,False,0.852,False,none,15,0,0
2,25,0.2487,Employee,131.12,0.0402,6,True,0.8797,False,none,3,0,0
5,12,0.3617,Contractor,90.74,0.1815,5,True,0.8653,False,none,1,0,0
1,3,1.1327,Employee,589.65,0.2109,0,True,0.421,True,high,143,4,1
16,2,0.0174,Director,55.48,0.0035,1,False,0.8298,False,none,7,1,1
2,16,4.4326,Employee,2197.24,0.7903,10,True,0.6613,True,high,177,8,1
1,16,1.0023,Contractor,177.9143490044151,0.1389,10,False,0.9539,False,none,7,0,0
23,2,0.0302,Executive,104.32,0.003,3,False,0.6791,False,none,20,2,1
6,2,0.5666,Contractor,93.96490506860425,0.1009,0,False,0.976,False,none,0,0,0
5,20,0.7643,Director,2242.0284446635974,0.1299,0,False,0.9009,False,none,6,0,0
2,3,0.4544,Employee,271.9,0.0966,1,False,0.9672,False,none,1,0,0
2,31,0.1072,Manager,84.75,0.01,5,False,0.9558,False,none,10,0,0
27,0,0.2376,Employee,121.94,0.0366,5,False,0.7436,False,none,11,2,1
3,23,0.0987,Employee,55.86,0.0208,2,False,0.9832,False,none,4,0,0
3,60,0.0,Manager,138.89,0.0191,14,False,0.8693,False,none,14,0,0
2,60,0.0,Employee,489.25,0.1906,188,False,0.5991,True,medium,30,2,1
2,1,0.2312,Employee,92.43,0.0294,2,False,0.9362,False,none,13,0,0
0,-1,0.1492,Director,515.04,0.0224,0,False,0.0,False,none,2,0,0
5,58,0.2284,Employee,85.83,0.031,13,False,0.939,False,none,5,0,0
5,6,0.1843,Employee,79.79,0.0173,11,False,0.9656,False,none,1,0,0
2,25,0.2497,Manager,265.59,0.0279,1,True,0.8502,False,none,6,0,0
2,11,0.234,Employee,112.22,0.0309,12,False,0.8536,False,none,0,0,0
2,28,0.5461,Employee,126.14041204884438,0.0338,0,False,0.8511,False,none,3,0,0
4,1,0.0982,Employee,33.77,0.012,10,False,0.9026,False,none,4,0,0
0,-1,0.0,Employee,94.25,0.0294,3,False,0.0,False,none,5,0,0
3,50,0.7122,Employee,331.1638528246343,0.0943,1,False,0.8888,False,none,3,0,0
1,40,0.61,Director,1433.54,0.097,7,True,0.9918,False,none,2,0,0
0,-1,0.1858,Contractor,42.0,0.0581,0,False,0.0,False,none,11,0,0
2,38,0.2827,Manager,177.3,0.0266,2,False,0.8883,False,none,9,0,0
1,103,0.8207,Employee,348.76,0.1097,293,True,0.5549,True,medium,49,4,1
27,1,0.0,Manager,140.66,0.0202,5,False,0.6279,False,none,11,2,1
1,56,0.106,Employee,61.13,0.02,7,False,0.9754,False,none,0,0,0
2,36,0.0,Employee,94.16,0.0278,4,False,0.9321,False,none,11,0,0
1,45,0.8164,Contractor,149.76291288658237,0.161,12,False,0.8568,True,low,31,1,0
3,18,0.5805,Employee,308.0582084174131,0.0866,6,False,0.9528,False,none,13,0,0
2,53,0.3715,Employee,222.15,0.0772,1,False,0.9717,False,none,2,0,0
1,60,0.2687,Employee,180.4,0.0541,5,True,0.9393,True,low,32,1,0
2,15,0.5542,Employee,290.0779699800055,0.133,4,False,0.8973,False,none,9,0,0
3,20,0.2959,Employee,86.44,0.0236,22,False,0.8507,False,none,12,0,0
38,1,0.1074,Manager,115.96,0.018,0,True,0.8828,False,none,1,3,1
1,33,0.2588,Employee,117.75,0.0382,3,False,0.9095,False,none,0,0,0
2,79,1.2866,Employee,569.14,0.2571,457,False,0.6162,True,medium,63,4,1
1,23,6.9891,Contractor,1444.61,1.6615,7,True,0.5933,True,high,300,4,1
1,10,0.1316,Employee,67.65,0.0151,2,False,0.9531,False,none,4,0,0
2,30,0.2734,Director,928.09,0.0424,4,False,0.9118,False,none,12,0,0
3,38,0.2096,Employee,122.61,0.0788,13,False,0.9586,False,none,2,0,0
5,58,0.2551,Manager,249.66,0.0274,5,False,0.8671,True,low,37,1,0
1,10,0.3241,Employee,108.9,0.0338,2,False,0.9563,False,none,6,0,0
1,43,0.1279,Employee,80.39,0.0299,3,False,0.9598,False,none,15,0,0
0,-1,0.4682,Employee,357.22,0.102,4,False,0.0,False,none,0,0,0
1,27,0.2812,Manager,274.98,0.0225,7,False,0.8772,True,low,25,1,0
2,9,0.5597,Employee,178.1684035732798,0.0524,2,False,0.886,False,none,2,0,0
1,17,0.4503,Contractor,105.04,0.1439,13,False,0.9936,False,none,3,0,0
2,34,0.1698,Employee,88.95,0.0238,9,False,0.9888,False,none,4,0,0
1,24,0.1959,Employee,99.81,0.0325,5,False,0.9388,False,none,4,0,0
4,23,0.2055,Employee,134.07,0.0421,14,False,0.9747,False,none,14,0,0
23,2,0.7847,Contractor,126.52,0.1285,3,True,0.6695,False,none,3,3,1
3,12,0.0,Director,286.2146203289357,0.0146,4,False,0.8773,False,none,14,0,0
1,44,0.9111,Manager,555.3483029765421,0.0819,5,True,0.8658,False,none,9,0,0
2,31,0.0,Manager,290.43,0.0271,2,False,0.9775,False,none,9,0,0
5,13,0.1059,Employee,69.23,0.0206,7,False,0.9989,False,none,15,0,0
2,85,1.0068,Executive,5744.36,0.1015,226,False,0.6223,True,medium,99,5,1
2,2,0.6859,Employee,386.91501300669995,0.135,8,False,0.8927,False,none,0,0,0
3,53,0.1765,Employee,92.32,0.0289,3,False,0.9635,False,none,9,0,0
2,31,0.1747,Employee,92.51,0.0317,8,False,0.9947,True,low,22,1,0
2,15,0.0808,Employee,50.45,0.0175,2,True,0.8865,False,none,15,0,0
2,57,0.1611,Employee,101.71,0.0306,1,False,0.9293,False,none,0,0,0
1,47,0.6315,Employee,340.88828831051876,0.0801,0,False,0.8815,False,none,3,0,0
1,26,0.2449,Executive,1674.51,0.0,1,False,0.9159,False,none,0,0,0
1,54,0.2218,Manager,216.87,0.0207,7,True,0.9573,False,none,12,0,0
3,27,0.0,Employee,181.42,0.0795,3,False,0.8822,False,none,10,0,0
5,27,9.8843,Employee,4832.17,1.401,9,False,0.4705,True,high,284,4,1
5,16,0.1927,Manager,182.22,0.0212,0,True,0.9303,False,none,3,0,0
2,14,0.9094,Manager,798.18,0.1908,4,True,0.9301,True,low,35,1,0
4,23,0.2554,Contractor,50.54,0.0587,2,False,0.8542,False,none,0,0,0
1,39,0.1769,Employee,74.21,0.0204,0,False,0.8589,False,none,7,0,0
0,-1,0.5254,Manager,344.9676248121074,0.0452,7,True,0.0,False,none,4,0,0
1,99,1.0415,Employee,428.37,0.1612,278,True,0.7015,True,medium,80,4,1
0,-1,0.292,Manager,340.25,0.0607,4,True,0.0,False,none,4,0,0
2,11,0.1714,Manager,190.13,0.02,4,False,0.8774,False,none,10,0,0
1,49,0.574,Executive,2372.52,0.0561,14,True,0.9457,True,low,44,1,0
0,-1,0.1356,Manager,157.23,0.0382,5,False,0.0,False,none,14,0,0
0,-1,0.4582,Employee,293.66,0.1289,5,False,0.0,False,none,6,0,0
2,32,0.2995,Employee,160.93,0.0519,10,False,0.8697,False,none,13,0,0
2,23,0.7526,Manager,553.32,0.0784,0,False,0.9159,False,none,7,0,0
1,45,0.3008,Director,875.09,0.0374,0,False,0.9774,False,none,0,0,0
4,14,0.2736,Contractor,55.13,0.0456,1,False,0.9813,True,low,23,1,0
2,19,0.0,Executive,5281.44,0.1292,15,False,0.5931,True,high,184,5,1
1,34,0.2167,Employee,76.07,0.0312,3,False,0.8952,False,none,14,0,0
0,-1,0.1968,Contractor,43.23,0.0486,6,False,0.0,False,none,3,0,0
2,53,0.6272,Employee,350.41386627287335,0.1071,1,False,0.9049,False,none,6,0,0
1,60,0.6804,Employee,291.7753940482241,0.1144,0,False,0.9373,False,none,0,0,0
37,2,0.0237,Director,81.25,0.0047,2,True,0.6559,False,none,11,2,1
3,23,0.3237,Employee,131.54,0.0514,0,True,0.9445,False,none,12,0,0
4,47,0.1371,Employee,83.37,0.0293,3,False,0.9845,False,none,1,0,0
0,-1,0.328,Employee,173.75,0.0511,2,True,0.0,False,none,7,0,0
1,55,0.1489,Contractor,27.7,0.0264,1,True,0.9845,False,none,9,0,0
1,14,0.1121,Contractor,21.05,0.0233,3,True,0.9693,False,none,10,0,0
6,14,0.6072,Employee,256.44,0.1201,3,False,0.9391,False,none,5,0,0
2,43,0.5745,Employee,211.10895202201917,0.0907,9,False,0.909,False,none,3,0,0
4,14,0.3337,Manager,299.96,0.0298,5,False,0.9684,False,none,10,0,0
2,4,0.155,Director,712.08,0.0298,9,False,0.8871,False,none,6,0,0
2,42,0.1699,Employee,94.68,0.0285,6,False,0.8775,False,none,14,0,0
1,35,0.5303,Employee,271.78,0.1335,0,False,0.9242,True,low,19,1,0
1,55,0.2731,Employee,175.94,0.0659,16,False,0.9944,False,none,14,0,0
0,-1,0.4299,Employee,270.44,0.0871,3,True,0.0,False,none,0,0,0
1,3,0.2579,Employee,140.6,0.0605,1,False,0.9786,False,none,8,0,0
1,54,0.1754,Contractor,25.41,0.0208,1,False,0.9978,False,none,1,0,0
3,32,0.0,Employee,166.23,0.0477,12,False,0.8604,False,none,10,0,0
38,1,0.1836,Employee,66.1,0.0221,2,False,0.6316,False,none,6,3,1
2,60,0.9411,Director,2551.2864579909324,0.1194,19,False,0.9932,False,none,0,0,0
10,6,2.062,Director,4735.66,0.2094,0,True,0.7387,True,high,58,5,1
17,1,0.0175,Executive,123.96,0.002,2,False,0.7395,False,none,17,2,1
2,51,0.1425,Contractor,25.18,0.0249,3,False,0.973,True,low,29,1,0
1,27,0.1503,Employee,95.98,0.0629,8,False,0.915,False,none,12,0,0
2,56,0.9368,Employee,669.7606639957462,0.3198,4,False,0.9336,False,none,5,0,0
1,6,0.0719,Employee,45.88,0.0139,6,False,0.9273,False,none,0,0,0
1,64,0.6591,Executive,3548.79,0.074,382,False,0.5247,True,medium,31,5,1
2,21,0.2324,Contractor,46.15,0.054,1,False,0.8837,True,low,18,1,0
4,39,0.2128,Manager,214.24,0.0228,7,True,0.9571,False,none,12,0,0
1,4,0.4569,Employee,233.63,0.0945,1,False,0.9367,False,none,15,0,0
4,23,0.6152,Employee,179.65,0.0575,7,False,0.8591,False,none,6,0,0
0,-1,0.173,Manager,239.69,0.0372,6,False,0.0,False,none,5,0,0
0,-1,0.3132,Contractor,35.4,0.0357,2,False,0.0,False,none,3,0,0
2,21,0.3011,Employee,160.24,0.0423,4,False,0.9799,False,none,4,0,0
4,34,0.0,Contractor,121.18,0.0965,0,True,0.9119,False,none,1,0,0
2,37,0.4959,Employee,169.45,0.0608,1,False,0.9634,False,none,5,0,0
2,40,0.0891,Employee,44.25,0.0136,2,False,0.9247,False,none,6,0,0
2,58,0.0843,Employee,52.55,0.0171,4,False,0.8884,False,none,3,0,0
1,20,0.2025,Employee,142.05,0.0543,3,False,0.8672,True,low,30,1,0
0,-1,0.1225,Employee,61.76,0.0198,4,False,0.0,False,none,4,0,0
2,5,0.6117,Manager,690.63,0.0822,0,False,0.9892,False,none,14,0,0
1,39,0.7662,Director,2404.55,0.09,4,True,0.9715,True,low,12,1,0
4,30,0.2678,Contractor,31.35,0.0273,6,False,0.9193,False,none,13,0,0
1,20,0.2755,Manager,374.03,0.0675,19,False,0.9955,False,none,14,0,0
1,7,0.2056,Employee,85.87,0.0209,6,False,0.9696,False,none,14,0,0
3,20,0.0693,Employee,41.85,0.0159,0,False,0.87,False,none,15,0,0
1,50,0.1487,Employee,88.29,0.0,1,False,0.9204,False,none,0,0,0
1,19,8.2128,Employee,4975.84,2.2468,9,True,0.332,True,high,224,3,1
2,57,0.487,Manager,571.08,0.0668,4,False,0.9225,False,none,13,0,0
2,63,1.1842,Contractor,206.57,0.3423,286,True,0.777,True,medium,61,2,1
1,31,0.1897,Director,688.63,0.0217,6,False,0.8722,False,none,6,0,0
7,3,1.3152,Employee,586.32,0.1544,0,True,0.6011,True,high,186,4,1
2,9,0.0,Employee,806.33,0.2293,0,True,0.4756,True,medium,162,6,1
1,19,0.8353,Manager,1024.96,0.1315,2,False,0.8511,False,none,11,0,0
4,60,0.3119,Employee,121.57,0.0465,22,False,0.8735,False,none,2,0,0
0,-1,0.0,Director,472.38477824627944,0.0229,0,False,0.0,True,low,40,1,0
1,30,0.9605,Contractor,144.08599065417027,0.142,14,False,0.947,False,none,10,0,0
5,28,0.3134,Employee,185.51,0.0669,5,True,0.8684,False,none,9,0,0
1,19,0.2218,Employee,113.08,0.0492,3,False,0.8822,False,none,15,0,0
1,35,0.601,Employee,256.472635562369,0.0703,0,True,0.8612,False,none,3,0,0
1,23,0.3591,Contractor,75.72,0.1514,4,False,0.9253,False,none,6,0,0
0,-1,0.0,Employee,62.35,0.0184,5,False,0.0,False,none,2,0,0
4,20,0.096,Contractor,15.12,0.0209,6,False,0.8583,False,none,8,0,0
1,34,0.418,Manager,327.53,0.0464,0,False,0.972,True,low,47,1,0
2,29,0.2416,Employee,134.43,0.043,2,False,0.8549,False,none,11,0,0
36,0,0.1933,Employee,127.41,0.0385,1,False,0.8852,False,none,3,2,1
0,-1,0.4043,Employee,146.72,0.0501,1,False,0.0,False,none,15,0,0
1,14,0.2095,Director,350.85,0.0169,20,False,0.9966,False,none,5,0,0
3,40,0.0,Employee,157.4,0.046,1,True,0.9164,False,none,2,0,0
2,50,0.2281,Employee,118.2,0.0413,2,False,0.916,False,none,3,0,0
1,9,0.6273,Employee,322.95,0.09,0,False,0.9389,False,none,8,0,0
2,5,0.3893,Manager,551.06,0.0573,1,False,0.9231,False,none,12,0,0
0,-1,0.8095,Employee,383.94,0.116,0,True,0.0,False,none,7,0,0
1,58,0.1149,Employee,64.43,0.0172,1,True,0.8659,True,low,11,1,0
2,15,0.158,Director,465.28,0.0239,4,False,0.9214,False,none,3,0,0
2,37,0.0,Employee,212.27,0.0764,9,False,0.9775,True,low,15,1,0
3,5,0.28,Employee,130.49,0.0418,7,False,0.9878,False,none,3,0,0
2,17,0.1891,Manager,162.58,0.021,1,False,0.8599,False,none,1,0,0
2,49,0.5317,Employee,290.64,0.1055,10,False,0.9285,False,none,9,0,0
5,48,0.3564,Employee,174.63,0.061,0,False,0.9261,False,none,7,0,0
3,27,0.0751,Employee,43.59,0.0132,15,True,0.8995,False,none,13,0,0
3,12,0.0752,Employee,37.06,0.0146,5,False,0.8974,False,none,6,0,0
3,36,0.2829,Contractor,55.05,0.0807,2,False,0.9119,False,none,12,0,0
4,45,0.4268,Employee,242.24,0.0596,5,False,0.9385,True,low,28,1,0
5,12,0.4306,Executive,1847.46,0.0347,3,False,0.9151,False,none,9,0,0
2,1,0.3166,Employee,137.5,0.0522,6,False,0.9867,False,none,6,0,0
2,56,0.214,Employee,87.08,0.033,16,False,0.9104,True,low,50,1,0
1,17,0.1773,Manager,165.73,0.022,0,True,0.8732,False,none,9,0,0
1,31,0.2707,Director,769.86,0.0505,2,False,0.9061,False,none,5,0,0
0,-1,0.6711,Contractor,148.2,0.1452,2,False,0.0,False,none,11,0,0
4,52,0.103,Manager,87.75,0.0111,4,True,0.9668,False,none,6,0,0
2,17,0.2596,Director,692.23,0.0352,17,False,0.9522,False,none,6,0,0
2,5,0.339,Manager,325.08,0.0307,2,False,0.909,False,none,3,0,0
2,45,0.7357,Employee,422.7092968401733,0.0897,9,False,0.8577,False,none,10,0,0
3,9,0.0545,Employee,24.83,0.0088,6,False,0.8981,False,none,6,0,0
2,36,0.397,Manager,392.62,0.0486,0,False,0.9674,False,none,8,0,0
1,29,0.0,Manager,324.28547109527193,0.0518,4,True,0.9197,False,none,14,0,0
1,5,0.4886,Contractor,101.1,0.1073,3,False,0.8945,False,none,9,0,0
1,31,0.1027,Director,356.9,0.0219,6,True,0.8854,False,none,10,0,0
0,-1,0.6363,Employee,425.55,0.1067,4,False,0.0,False,none,1,0,0
2,50,0.2196,Executive,340.83,0.0096,1,False,0.953,False,none,10,0,0
40,2,0.0859,Manager,61.05,0.005,2,False,0.6738,False,none,17,1,1
0,-1,0.8456,Director,2505.24,0.1045,404,False,0.7723,True,medium,42,2,1
3,22,0.6856,Contractor,82.7,0.0633,0,False,0.9906,False,none,3,0,0
0,-1,0.285,Employee,139.03,0.0486,23,False,0.0,False,none,10,0,0
1,17,0.186,Director,562.79,0.0276,2,False,0.9145,False,none,1,0,0
0,-1,0.0786,Manager,85.11,0.0086,0,True,0.0,False,none,5,0,0
1,32,0.1091,Employee,71.94,0.0191,6,True,0.9122,False,none,7,0,0
3,1,0.1526,Contractor,27.97,0.0261,8,False,0.9616,False,none,1,0,0
4,25,0.2412,Director,893.22,0.0464,4,False,0.8905,False,none,4,0,0
2,33,0.6795,Employee,444.52,0.1391,0,False,0.9072,False,none,1,0,0
5,7,0.0,Employee,597.21,0.2074,1,True,0.4805,True,high,136,4,1
0,-1,0.1314,Employee,70.21,0.0199,8,False,0.0,False,none,3,0,0
3,41,0.1594,Employee,97.79,0.0358,0,True,0.9804,False,none,5,0,0
4,39,0.0619,Manager,61.93,0.0077,0,False,0.8597,False,none,8,0,0
3,60,0.2519,Manager,230.54,0.0257,2,False,0.9725,False,none,8,0,0
6,8,0.2088,Manager,235.79,0.032,1,False,0.8762,False,none,3,0,0
1,25,0.1019,Manager,137.15,0.018,1,False,0.9783,False,none,0,0,0
1,41,0.2774,Employee,143.06,0.0428,11,False,0.9408,False,none,12,0,0
1,22,5.04,Manager,5328.26,0.6159,8,False,0.4266,True,high,329,4,1
0,-1,0.665,Contractor,101.62196072344854,0.0939,4,False,0.0,False,none,14,0,0
4,9,0.5497,Manager,475.69,0.0,2,True,0.8745,False,none,5,0,0
0,-1,0.6772,Employee,389.88488218540937,0.1224,2,False,0.0,False,none,2,0,0
34,1,0.0089,Manager,10.9,0.0,2,True,0.7646,False,none,2,2,1
1,23,5.6453,Employee,2979.29,0.8874,12,False,0.22,True,high,327,3,1
1,12,0.488,Contractor,78.92,0.0802,0,False,0.9178,False,none,7,0,0
1,57,0.5754,Employee,196.61388004657474,0.0886,3,False,0.937,False,none,2,0,0
1,53,0.658,Manager,770.6792577960074,0.093,5,False,0.8694,False,none,4,0,0
1,11,0.0,Employee,254.21,0.0799,5,False,0.8951,False,none,15,0,0
3,37,0.4778,Employee,186.09,0.0557,2,False,0.8699,False,none,11,0,0
3,48,0.8908,Employee,531.5898705031062,0.189,13,False,0.9372,False,none,0,0,0
4,27,0.2001,Employee,103.52,0.0342,0,False,0.9994,False,none,7,0,0
1,48,0.6655,Director,1711.7398212671287,0.0961,7,False,0.9824,False,none,15,0,0
3,20,0.2862,Employee,128.95,0.0475,2,False,0.9311,False,none,8,0,0
3,51,0.3202,Employee,202.93,0.0565,3,False,0.994,False,none,2,0,0
2,9,0.2293,Employee,135.71,0.0437,7,False,0.8823,False,none,4,0,0
0,-1,0.255,Manager,290.97,0.0428,3,False,0.0,False,none,5,0,0
0,-1,0.714,Employee,261.86,0.0786,3,True,0.0,True,low,10,1,0
1,18,0.2423,Director,785.63,0.033,5,False,0.8538,False,none,12,0,0
23,0,0.28,Employee,127.99,0.056,4,False,0.6323,False,none,16,3,1
27,0,0.1117,Manager,123.76,0.0122,2,False,0.6191,False,none,0,2,1
25,0,0.0303,Director,94.73,0.0065,2,False,0.8226,False,none,12,2,1
6,15,0.4053,Contractor,70.19,0.0766,0,False,0.975,False,none,8,0,0
2,11,0.5851,Manager,690.1902112088944,0.0912,4,False,0.8812,False,none,7,0,0
4,11,0.8051,Manager,894.17,0.0886,7,False,0.9596,False,none,7,0,0
0,-1,0.2051,Employee,111.91,0.031,1,False,0.0,False,none,6,0,0
22,1,0.1198,Employee,50.16,0.0132,0,True,0.8065,False,none,11,3,1
2,48,0.0,Manager,200.2,0.0236,10,False,0.9934,False,none,14,0,0
1,46,0.2471,Director,755.37,0.0284,0,False,0.897,False,none,4,0,0
8,17,0.2085,Employee,103.52,0.0279,5,True,0.938,True,low,33,1,0
1,4,0.5069,Employee,341.1244807298973,0.1206,3,True,0.9376,False,none,7,0,0
2,13,0.1694,Employee,118.26,0.0409,8,False,0.8535,False,none,1,0,0
3,40,0.1736,Employee,97.31,0.0252,17,False,0.8906,False,none,9,0,0
1,37,0.3234,Director,1136.64,0.0494,3,False,0.8728,True,low,18,1,0
3,59,0.252,Employee,79.17,0.0314,1,False,0.9305,False,none,1,0,0
0,-1,0.4561,Director,1178.13,0.0611,1,True,0.0,False,none,6,0,0
1,1,0.2947,Executive,843.13,0.0189,20,False,0.8597,False,none,15,0,0
4,58,0.3565,Contractor,91.78,0.0832,1,False,0.9866,False,none,4,0,0
2,39,0.2283,Employee,137.25,0.0389,4,False,0.9694,False,none,15,0,0
4,56,0.1322,Employee,57.04,0.0153,0,False,0.9905,False,none,6,0,0
2,6,0.2673,Employee,147.86,0.0535,13,False,0.8974,False,none,1,0,0
3,21,0.1701,Executive,1083.03,0.0171,3,False,0.9295,True,low,33,1,0
3,16,0.6779,Employee,331.46,0.0944,4,False,0.9215,False,none,1,0,0
5,34,0.0,Employee,172.27,0.0662,4,False,0.9241,True,low,43,1,0
2,49,0.2961,Director,598.38,0.0258,1,True,0.8852,False,none,4,0,0
1,24,0.1584,Contractor,28.28,0.0248,2,True,0.9179,False,none,5,0,0
3,19,0.996,Employee,414.14984351347096,0.2033,0,False,0.8716,False,none,6,0,0
2,18,0.544,Director,1537.784417830542,0.0593,12,False,0.8724,False,none,1,0,0
0,-1,0.6904,Contractor,170.23,0.1362,3,False,0.0,False,none,11,0,0
0,-1,0.4438,Contractor,71.35,0.073,4,False,0.0,False,none,9,0,0
5,38,0.6132,Employee,229.20412464884095,0.1098,2,True,0.9589,False,none,7,0,0
3,1,0.524,Contractor,130.83,0.1361,2,False,0.9865,False,none,13,0,0
2,6,0.1033,Manager,118.92,0.0137,3,True,0.9307,False,none,11,0,0
3,55,0.9941,Employee,535.6285730968732,0.1963,3,True,0.9057,False,none,4,0,0
3,13,3.1447,Employee,1351.96,0.5248,16,True,0.4377,True,high,230,4,1
1,1,0.2992,Employee,141.63,0.0619,3,False,0.9446,True,low,19,1,0
4,13,0.8981,Employee,490.41712469264894,0.235,5,True,0.9396,False,none,10,0,0
1,55,1.0284,Contractor,173.51437565760006,0.347,6,False,0.871,False,none,11,0,0
5,29,0.1618,Director,539.33,0.0223,2,False,0.9705,True,low,34,1,0
2,41,0.8868,Contractor,144.65365084819007,0.1494,7,False,0.9716,False,none,5,0,0
4,17,0.3357,Manager,303.15,0.0535,3,False,0.8978,False,none,10,0,0
3,55,0.9852,Manager,1244.0930143992705,0.1131,1,False,0.8758,False,none,5,0,0
0,-1,0.3006,Employee,188.98,0.061,10,False,0.0,False,none,15,0,0
1,10,1.5205,Manager,1530.88,0.1916,1,True,0.6791,True,high,98,6,1
5,48,0.1406,Contractor,22.18,0.0232,0,False,0.919,True,low,43,1,0
1,22,0.6374,Employee,231.26,0.0604,0,False,0.9363,False,none,2,0,0
2,40,0.5341,Manager,552.089898238676,0.0992,6,False,0.8756,False,none,8,0,0
4,11,0.0611,Employee,33.6,0.0,4,False,0.9575,False,none,1,0,0
1,41,0.1859,Employee,106.63,0.0329,21,False,0.8971,False,none,6,0,0
2,45,0.0713,Manager,85.41,0.0115,5,False,0.8899,False,none,13,0,0
1,7,0.4549,Employee,197.9,0.1613,6,False,0.8777,False,none,6,0,0
0,-1,1.0142,Contractor,133.3,0.1272,5,False,0.0,False,none,8,0,0
3,58,0.3694,Manager,370.13,0.0388,1,False,0.8788,True,low,20,1,0
1,35,0.7664,Manager,765.8779960603378,0.1071,10,False,0.8773,False,none,5,0,0
1,3,1.2585,Employee,616.36,0.1709,0,True,0.6345,True,medium,155,2,1
3,43,0.3119,Contractor,69.31,0.1386,0,False,0.8515,False,none,3,0,0
1,59,0.5063,Employee,232.04,0.1186,0,False,0.925,False,none,12,0,0
1,3,0.1956,Employee,60.63,0.0204,5,False,0.949,False,none,12,0,0
3,44,0.8843,Employee,382.6056094484917,0.1084,3,True,0.8902,False,none,4,0,0
1,112,0.5758,Manager,703.7,0.0913,281,True,0.6513,True,medium,74,2,1
1,27,0.0793,Manager,80.7,0.0084,8,False,0.9797,False,none,7,0,0
0,-1,0.0,Employee,152.89,0.0559,6,False,0.0,False,none,0,0,0
1,6,0.6457,Employee,344.3698130882299,0.112,5,False,0.9111,False,none,4,0,0
1,2,1.0163,Manager,1223.8555511847192,0.1283,11,True,0.871,False,none,4,0,0
3,51,0.0,Employee,470.54,0.141,15,True,0.8685,False,none,13,0,0
3,41,0.0,Employee,180.86,0.0522,2,False,0.9268,False,none,4,0,0
1,44,0.2874,Employee,163.04,0.066,16,False,0.8545,False,none,0,0,0
3,13,0.0,Employee,22.65,0.0078,1,True,0.9755,False,none,3,0,0
0,-1,0.7573,Employee,424.94581896928537,0.1431,10,False,0.0,False,none,8,0,0
3,58,0.2834,Employee,159.33,0.0457,1,False,0.9481,False,none,5,0,0
2,47,0.1127,Manager,110.48,0.0162,1,True,0.8991,False,none,9,0,0
2,58,0.4059,Employee,232.51,0.1379,11,False,0.8899,False,none,5,0,0
2,20,0.6131,Employee,318.26,0.0962,0,False,0.9328,False,none,15,0,0
2,33,0.1667,Manager,117.73,0.0131,0,False,0.9035,False,none,1,0,0
4,15,0.1702,Employee,60.9,0.0226,6,False,0.9699,False,none,0,0,0
0,-1,0.1259,Manager,106.44,0.0127,0,False,0.0,False,none,8,0,0
2,27,0.1588,Director,385.14,0.0196,7,False,0.8614,True,low,29,1,0
2,64,0.922,Manager,687.3,0.077,316,True,0.5254,True,medium,43,2,1
0,-1,0.3994,Employee,117.21,0.0476,2,False,0.0,False,none,3,0,0
2,48,0.3842,Executive,1974.97,0.0446,3,True,0.9292,False,none,7,0,0
5,19,0.2041,Employee,95.63,0.0353,1,False,0.9563,False,none,5,0,0
6,35,0.4696,Employee,212.73,0.0681,8,False,0.9785,False,none,4,0,0
19,1,0.4718,Contractor,82.58,0.0658,5,False,0.7427,False,none,13,2,1
0,-1,0.0,Employee,146.64,0.0335,1,False,0.0,False,none,11,0,0
2,7,0.4171,Manager,458.81,0.0613,14,False,0.952,False,none,12,0,0
4,12,0.6116,Contractor,73.81820520777008,0.0895,5,False,0.8703,False,none,12,0,0
1,13,0.4317,Director,1121.63,0.0581,7,False,0.9825,False,none,14,0,0
3,23,0.2036,Manager,161.62,0.0309,0,False,0.9947,False,none,10,0,0
1,55,0.5862,Employee,312.79,0.1034,0,False,0.9286,False,none,14,0,0
2,17,0.6918,Employee,266.81,0.0958,1,False,0.9863,False,none,2,0,0
3,9,1.5039,Director,4677.0,0.198,1,True,0.4196,True,high,89,5,1
1,1,0.1814,Contractor,20.39,0.0177,12,False,0.9568,True,low,40,1,0
3,32,0.6776,Employee,245.05900716280533,0.0847,5,False,0.9619,False,none,14,0,0
2,36,0.1272,Director,350.73,0.0151,1,False,0.9203,False,none,11,0,0
2,55,0.3559,Employee,171.82,0.0655,2,False,0.937,False,none,9,0,0
2,28,0.5757,Employee,277.87,0.1547,6,False,0.9289,False,none,12,0,0
1,1,1.2289,Director,4550.62,0.3065,0,True,0.5019,True,medium,187,4,1
5,43,0.0626,Employee,25.27,0.0074,5,True,0.9759,False,none,14,0,0
3,24,0.7173,Contractor,130.87,0.149,5,True,0.8833,False,none,14,0,0
6,10,0.1829,Employee,115.01,0.0344,0,False,0.9611,False,none,7,0,0
1,4,0.2762,Contractor,68.7,0.0668,4,False,0.868,True,low,41,1,0
4,12,0.5588,Employee,289.5571448386657,0.1276,0,True,0.9588,False,none,13,0,0
2,5,0.1798,Manager,167.27,0.019,19,False,0.9735,False,none,8,0,0
9,3,1.5536,Contractor,345.02,0.3172,0,True,0.7357,True,medium,99,4,1
3,13,0.3352,Employee,142.93,0.0447,11,False,0.9716,False,none,7,0,0
27,0,0.0154,Executive,94.33,0.002,5,True,0.7371,False,none,19,1,1
2,62,0.8909,Manager,980.21,0.1303,407,True,0.7486,True,medium,56,2,1
2,16,0.1494,Employee,81.08,0.0274,10,False,0.9041,False,none,8,0,0
1,50,0.3993,Manager,488.68,0.0553,10,False,0.9562,False,none,13,0,0
7,57,0.9288,Director,2637.6696037737443,0.1893,14,False,0.9085,False,none,5,0,0
0,-1,0.9266,Employee,545.44,0.1535,250,False,0.591,True,medium,91,2,1
3,52,0.6923,Manager,578.8341096228759,0.0785,1,False,0.9881,False,none,5,0,0
0,-1,0.0,Employee,212.98,0.1167,3,True,0.0,False,none,1,0,0
4,10,1.1884,Director,4177.98,0.1657,1,True,0.6244,True,medium,50,4,1
2,54,0.4168,Manager,449.05,0.0,0,True,0.9806,False,none,14,0,0
2,44,0.3367,Director,1328.05,0.0585,0,False,0.9059,False,none,5,0,0
4,19,0.6182,Employee,186.15,0.0557,0,False,0.9442,False,none,15,0,0
1,15,0.197,Employee,100.76,0.0299,1,False,0.8514,False,none,8,0,0
2,14,0.3589,Employee,175.16,0.0797,10,True,0.9578,False,none,6,0,0
0,-1,0.5661,Employee,306.01,0.0835,5,False,0.0,False,none,7,0,0
6,19,0.1029,Employee,57.85,0.0243,6,False,0.9236,False,none,14,0,0
2,5,0.3114,Employee,153.84,0.0809,21,False,0.9888,False,none,8,0,0
0,-1,0.4293,Employee,267.23,0.0878,5,False,0.0,False,none,6,0,0
1,4,0.5529,Employee,266.13,0.0718,14,False,0.866,False,none,1,0,0
0,-1,0.5097,Manager,446.77,0.0575,4,False,0.0,False,none,1,0,0
0,-1,1.1597,Employee,527.21,0.1827,421,False,0.533,True,medium,48,4,1
21,1,0.0057,Executive,24.04,0.0005,1,False,0.8674,False,none,20,3,1
2,46,0.4633,Employee,203.89,0.0539,6,False,0.9833,False,none,11,0,0
1,41,0.3351,Employee,147.77,0.0512,8,False,0.9398,False,none,4,0,0
1,4,1.6103,Director,4814.67,0.2516,0,True,0.5047,True,high,154,3,1
1,4,0.0739,Manager,114.95,0.0249,0,False,0.86,False,none,7,0,0
2,42,0.2323,Contractor,58.58,0.0592,4,False,0.9248,True,low,16,1,0
2,15,0.0,Director,374.2723970158584,0.0207,11,False,0.8952,True,low,42,1,0
5,7,1.0979,Executive,7062.96,0.1103,0,True,0.4543,True,high,164,2,1
2,16,0.6471,Employee,393.58,0.1119,1,False,0.9914,False,none,10,0,0
3,4,0.4151,Contractor,46.82,0.0511,10,False,0.9162,False,none,15,0,0
4,56,0.5791,Employee,185.1,0.0711,18,True,0.8789,False,none,10,0,0
6,50,0.1377,Employee,67.48,0.0227,13,False,0.8571,False,none,5,0,0
0,-1,0.4373,Contractor,87.27,0.0916,2,True,0.0,False,none,11,0,0
1,36,0.0,Director,305.5143945442378,0.0148,0,True,0.8683,False,none,10,0,0
4,10,0.5433,Employee,266.4,0.0799,4,False,0.864,False,none,3,0,0
21,1,0.1204,Manager,126.73,0.0144,3,False,0.7567,False,none,10,3,1
2,25,0.2324,Director,392.98,0.0232,2,False,0.9833,False,none,4,0,0
3,40,0.4486,Contractor,63.77,0.0603,1,False,0.9239,True,low,30,1,0
1,18,0.1794,Director,450.89,0.0352,13,True,0.9498,False,none,5,0,0
3,21,6.9042,Employee,3542.49,1.1359,14,False,0.2219,True,high,181,8,1
3,38,0.1327,Employee,55.53,0.024,2,False,0.9554,False,none,6,0,0
4,26,3.8039,Manager,4556.21,0.4972,8,True,0.3652,True,high,314,3,1
5,4,0.8342,Employee,487.6,0.2002,10,False,0.9616,True,low,50,1,0
1,16,0.149,Employee,88.78,0.0257,2,False,0.9058,True,low,23,1,0
0,-1,0.8457,Contractor,178.23398725697203,0.2026,2,False,0.0,False,none,9,0,0
1,66,0.9022,Employee,507.26,0.1516,407,False,0.6102,True,medium,55,5,1
2,46,0.0,Employee,516.8003354352069,0.1533,1,False,0.8989,False,none,0,0,0
2,57,0.5531,Employee,160.69599322937313,0.0739,0,False,0.9468,False,none,12,0,0
3,35,0.3773,Manager,445.53,0.062,1,False,0.9653,False,none,14,0,0
2,21,0.2713,Employee,86.09,0.0242,9,False,0.8555,False,none,9,0,0
3,54,0.1078,Employee,50.12,0.0149,1,False,0.8813,False,none,0,0,0
39,0,0.355,Employee,108.74,0.0309,2,False,0.684,False,none,11,3,1
1,56,0.5141,Director,1171.27,0.0552,8,False,0.8626,True,low,12,1,0
3,60,0.0,Director,405.50282947329833,0.0209,6,False,0.8574,False,none,7,0,0
0,-1,0.5103,Director,1695.26,0.0759,1,False,0.0,False,none,11,0,0
27,2,0.0907,Manager,92.97,0.0147,0,False,0.6921,False,none,0,2,1
2,39,0.5764,Employee,264.96616789231837,0.1005,0,False,0.9899,False,none,14,0,0
1,37,0.4369,Employee,206.77,0.0719,0,False,0.8933,False,none,14,0,0
0,-1,0.6912,Director,1485.3,0.0981,393,True,0.7271,True,medium,68,4,1
8,9,1.9937,Executive,9780.92,0.1492,1,True,0.489,True,high,130,4,1
3,60,0.4201,Manager,343.76,0.0504,0,False,0.9874,True,low,50,1,0
2,13,0.2699,Employee,133.62,0.0441,3,False,0.8978,False,none,11,0,0
27,0,0.1694,Employee,68.86,0.0203,4,False,0.6521,False,none,10,1,1
2,48,0.1441,Employee,58.4,0.0147,2,False,0.879,False,none,14,0,0
2,10,0.5379,Employee,147.41,0.0429,2,False,0.9058,False,none,14,0,0
2,51,0.0894,Contractor,22.9,0.0249,3,False,0.9306,False,none,3,0,0
20,2,0.1006,Manager,92.53,0.0109,1,False,0.6998,False,none,0,3,1
32,1,0.0748,Manager,73.95,0.0075,4,True,0.7571,False,none,5,1,1
29,1,0.0162,Director,51.01,0.0027,4,False,0.6145,False,none,13,2,1
3,43,0.1761,Employee,128.45,0.0517,3,False,0.9446,True,low,48,1,0
2,54,0.2811,Director,997.98,0.0489,12,False,0.9662,False,none,15,0,0
4,49,0.2465,Director,887.44,0.0,17,False,0.9733,True,low,48,1,0
4,22,0.1039,Employee,70.86,0.0224,9,False,0.9217,False,none,13,0,0
3,47,0.1828,Employee,114.44,0.0886,2,False,0.9548,False,none,12,0,0
1,39,0.5218,Contractor,135.91,0.1904,4,False,0.8743,False,none,14,0,0
3,8,0.1973,Manager,135.72,0.0171,0,False,0.9438,False,none,5,0,0
2,9,0.419,Employee,249.55,0.1571,2,False,0.9039,False,none,10,0,0
2,33,0.0876,Director,288.14,0.0125,14,False,0.8844,False,none,11,0,0
0,-1,0.206,Employee,113.27,0.0397,14,False,0.0,False,none,7,0,0
1,94,0.7621,Manager,955.01,0.1579,286,True,0.7006,True,medium,84,2,1
1,33,0.1724,Manager,247.98,0.028,0,False,0.9787,False,none,10,0,0
2,50,0.2532,Employee,122.55,0.043,2,False,0.9178,False,none,9,0,0
3,7,0.3269,Manager,319.51,0.0398,13,False,0.9936,False,none,7,0,0
1,3,0.3729,Employee,222.32,0.0531,0,False,0.9982,False,none,11,0,0
2,32,0.4667,Contractor,66.73,0.0725,5,False,0.9915,False,none,9,0,0
1,47,0.4094,Employee,275.82,0.118,4,False,0.9143,False,none,6,0,0
3,48,0.7988,Contractor,171.62,0.1936,6,False,0.8872,True,low,40,1,0
1,18,0.0,Employee,8654.3,3.656,7,True,0.4532,True,high,261,6,1
30,2,0.0573,Manager,71.75,0.008,3,True,0.881,False,none,15,2,1
1,30,2.5012,Director,6910.81,0.2993,6,True,0.6409,True,high,116,3,1
3,8,0.515,Employee,188.87,0.0538,17,False,0.8682,False,none,15,0,0
4,11,0.9383,Manager,535.8506695238809,0.0663,10,False,0.8869,False,none,13,0,0
3,17,0.0798,Employee,42.7,0.0202,6,False,0.9661,False,none,9,0,0
3,5,0.2063,Manager,238.66,0.03,10,False,0.9938,False,none,4,0,0
2,14,5.0773,Director,15558.85,0.6654,16,False,0.6643,True,high,230,8,1
0,-1,0.3489,Director,1143.8,0.0648,3,False,0.0,False,none,15,0,0
0,-1,0.2276,Contractor,27.46,0.0211,4,False,0.0,False,none,9,0,0
2,42,0.2417,Employee,107.35,0.0333,0,False,0.8619,False,none,7,0,0
4,11,0.4863,Manager,666.46,0.0786,12,False,0.9508,False,none,2,0,0
1,59,0.2768,Employee,139.68,0.0587,22,False,0.8629,False,none,0,0,0
4,20,7.3067,Manager,8991.52,1.3437,7,True,0.5184,True,high,260,7,1
0,-1,0.202,Contractor,29.1,0.0289,1,False,0.0,False,none,1,0,0
2,79,0.9254,Contractor,172.83,0.1594,266,False,0.708,True,medium,47,4,1
3,46,0.0,Employee,37.87,0.0102,7,False,0.9082,False,none,10,0,0
2,38,0.2374,Employee,113.84,0.039,4,False,0.9373,False,none,4,0,0
3,42,0.2026,Manager,198.61,0.0332,2,False,0.9534,False,none,7,0,0
0,-1,0.7059,Manager,692.18,0.0753,9,True,0.0,False,none,7,0,0
0,-1,0.1748,Executive,799.25,0.0175,2,False,0.0,False,none,5,0,0
1,24,0.3617,Employee,201.85,0.0724,2,False,0.8942,False,none,0,0,0
2,11,0.6067,Director,1564.19,0.0593,3,False,0.8734,False,none,3,0,0
1,32,0.2592,Manager,325.46,0.0451,2,False,0.9983,False,none,4,0,0
1,34,0.2454,Employee,76.43,0.026,7,False,0.9895,False,none,14,0,0
4,7,0.0,Manager,440.5473698939025,0.0819,5,False,0.896,False,none,7,0,0
3,33,0.1408,Manager,130.59,0.0121,4,False,0.9228,False,none,12,0,0
2,38,0.1472,Employee,38.92,0.0175,0,True,0.9317,False,none,11,0,0
1,35,0.2221,Employee,93.3,0.0305,3,False,0.9289,False,none,9,0,0
1,34,0.3238,Employee,174.54,0.0607,0,False,0.9611,False,none,0,0,0
1,43,0.3576,Contractor,60.92,0.0452,3,False,0.87,False,none,3,0,0
2,52,0.2018,Employee,128.76,0.0564,6,False,0.9761,False,none,7,0,0
5,39,0.0,Manager,496.4513208013998,0.0854,3,False,0.9258,False,none,11,0,0
4,7,0.2381,Employee,152.2,0.0473,8,False,0.9198,False,none,15,0,0
3,2,1.2132,Employee,706.59,0.2048,1,True,0.6698,True,medium,50,5,1
1,18,0.4111,Employee,163.16,0.069,15,False,0.9671,False,none,7,0,0
3,5,1.1625,Employee,658.22,0.172,0,True,0.5854,True,medium,122,5,1
1,51,0.1524,Director,357.75,0.0175,0,False,0.967,False,none,8,0,0
1,4,0.3253,Employee,187.2,0.0771,7,False,0.9948,False,none,1,0,0
1,55,0.1498,Director,488.31,0.0259,1,False,0.9927,True,low,38,1,0
1,59,0.3691,Employee,161.47,0.0488,4,True,0.9667,False,none,5,0,0
4,60,0.5478,Employee,278.7580198069999,0.1047,2,True,0.9316,False,none,14,0,0
21,2,0.1653,Employee,91.0,0.0289,1,True,0.8794,False,none,16,3,1
5,22,0.1703,Director,539.27,0.0373,1,False,0.8642,False,none,14,0,0
2,35,0.0,Manager,373.9647364134344,0.0575,4,True,0.9128,False,none,12,0,0
2,32,0.6205,Manager,703.62,0.0,10,False,0.9234,False,none,4,0,0
5,21,0.2861,Director,1029.35,0.0427,2,False,0.8675,False,none,0,0,0
3,25,0.5196,Employee,237.69,0.0867,0,False,0.9869,False,none,8,0,0
0,-1,0.0908,Manager,90.51,0.0097,7,False,0.0,False,none,2,0,0
0,-1,0.1208,Employee,72.62,0.0414,4,False,0.0,True,low,44,1,0
0,-1,0.0773,Manager,108.93,0.0187,19,False,0.0,False,none,11,0,0
2,24,0.5737,Director,1395.1,0.0584,14,False,0.8823,False,none,4,0,0
3,27,0.5483,Manager,665.37,0.0989,6,False,0.8504,False,none,9,0,0
1,56,0.1781,Contractor,29.74,0.0322,21,False,0.9455,False,none,6,0,0
1,56,0.4978,Employee,308.99,0.1178,5,True,0.8635,False,none,14,0,0
2,28,0.1782,Executive,859.94,0.0189,2,False,0.9137,False,none,11,0,0
3,38,0.2159,Executive,1113.45,0.0235,8,False,0.9741,False,none,14,0,0
2,36,0.1025,Employee,52.93,0.0229,1,False,0.9304,False,none,11,0,0
0,-1,0.4979,Manager,534.0,0.0594,4,False,0.0,False,none,13,0,0
1,43,0.618,Contractor,136.5,0.172,12,True,0.8506,False,none,4,0,0
0,-1,0.5666,Manager,606.68,0.0773,3,True,0.0,False,none,13,0,0
1,59,0.1792,Manager,226.47,0.0278,0,False,0.9876,False,none,14,0,0
3,57,0.2519,Manager,260.88,0.0382,19,False,0.8836,False,none,4,0,0
1,26,0.1289,Employee,51.24,0.0183,2,False,0.8915,True,low,31,1,0
2,29,0.6979,Contractor,197.27,0.1582,3,True,0.9484,False,none,0,0,0
2,33,0.4466,Manager,265.17,0.031,4,False,0.9783,True,low,46,1,0
2,31,0.1429,Manager,116.29,0.0169,2,False,0.8839,False,none,15,0,0
7,5,1.2913,Employee,852.85,0.397,0,True,0.7571,True,medium,95,5,1
2,49,0.415,Employee,243.6,0.0953,5,False,0.921,False,none,0,0,0
2,23,0.3944,Employee,158.97,0.0503,15,False,0.997,False,none,6,0,0
3,49,0.0,Manager,479.29,0.0541,5,False,0.951,False,none,0,0,0
2,45,0.2345,Employee,158.33,0.0481,3,True,0.9214,False,none,1,0,0
1,53,0.8602,Employee,347.3,0.1046,0,False,0.9017,False,none,9,0,0
2,53,0.2896,Employee,158.76,0.0503,4,False,0.9485,False,none,6,0,0
1,18,0.8036,Director,2022.4352636038925,0.1274,3,True,0.9171,False,none,12,0,0
1,23,0.3366,Executive,1442.91,0.0258,3,False,0.8526,False,none,6,0,0
39,1,0.269,Employee,125.24,0.0558,3,True,0.87,False,none,16,2,1
5,44,0.6819,Employee,353.5306504491305,0.1215,10,False,0.9313,False,none,14,0,0
4,39,0.3199,Contractor,55.04,0.0723,1,True,0.9542,False,none,10,0,0
0,-1,0.3425,Employee,188.55,0.0475,1,False,0.0,True,low,43,1,0
3,9,0.4295,Executive,1670.86,0.0427,10,False,0.9339,False,none,1,0,0
0,-1,0.9633,Employee,533.21,0.2539,465,True,0.7538,True,medium,33,5,1
4,11,0.2008,Manager,172.89,0.0296,7,False,0.9029,True,low,33,1,0
2,26,0.4311,Employee,159.2,0.0494,12,False,0.884,False,none,1,0,0
2,47,0.2622,Employee,144.23,0.049,0,True,0.9113,False,none,6,0,0
1,36,0.2383,Employee,102.41,0.024,3,False,0.9922,True,low,22,1,0
9,10,1.0043,Employee,570.21,0.2664,1,True,0.7383,True,medium,166,6,1
1,49,0.2544,Manager,314.19,0.0404,1,False,0.8646,False,none,7,0,0
3,46,0.0303,Contractor,4.89,0.0054,8,False,0.9238,False,none,0,0,0
7,45,0.3446,Employee,193.14,0.0575,0,False,0.8777,False,none,15,0,0
1,9,0.0994,Contractor,24.1,0.0,4,False,0.8588,False,none,13,0,0
1,110,1.3828,Employee,482.0,0.1868,211,True,0.6118,True,medium,90,5,1
1,15,8.8918,Employee,5185.46,1.3995,18,False,0.5072,True,high,302,3,1
3,48,0.4095,Manager,244.11,0.0288,6,False,0.9599,False,none,12,0,0
0,-1,0.2088,Contractor,50.01,0.0711,0,False,0.0,False,none,6,0,0
2,25,0.2967,Director,897.71,0.0486,4,False,0.9228,False,none,5,0,0
5,14,2.6656,Director,8593.15,0.5769,13,True,0.6242,True,high,345,5,1
4,42,1.0383,Employee,386.81138510711486,0.1119,2,False,0.9735,False,none,0,0,0
1,18,0.1449,Director,466.19,0.0222,5,False,0.9564,False,none,4,0,0
2,35,0.9458,Director,2391.072178586038,0.1412,6,False,0.9529,False,none,11,0,0
0,-1,0.432,Contractor,125.95,0.1147,7,False,0.0,False,none,4,0,0
5,4,1.402,Employee,866.68,0.2216,1,True,0.4255,True,high,113,3,1
3,4,0.2644,Employee,109.83,0.0428,1,False,0.981,False,none,1,0,0
26,0,0.1215,Employee,74.83,0.0251,3,False,0.8974,False,none,7,1,1
3,29,0.681,Employee,289.29,0.101,2,False,0.9433,False,none,13,0,0
1,25,0.0,Manager,255.25824649800427,0.0311,0,False,0.9258,False,none,3,0,0
0,-1,0.5207,Employee,273.7218605994232,0.1208,7,False,0.0,True,low,12,1,0
3,43,0.18,Director,500.77,0.0222,1,False,0.9674,False,none,13,0,0
0,-1,0.2691,Director,782.72,0.0447,0,False,0.0,False,none,10,0,0
1,16,0.1702,Director,421.55,0.0182,2,False,0.9397,True,low,25,1,0
4,29,0.3888,Executive,2026.92,0.0377,4,False,0.9573,False,none,1,0,0
4,60,0.2658,Manager,347.33,0.0495,2,True,0.9948,False,none,2,0,0
1,42,0.3741,Employee,206.23,0.0874,0,False,0.8632,False,none,12,0,0
2,9,0.0978,Manager,103.3,0.0244,2,False,0.8552,False,none,9,0,0
1,29,0.5349,Employee,200.60243014807887,0.0607,4,False,0.9766,False,none,9,0,0
1,15,0.1162,Employee,80.31,0.028,12,False,0.9119,False,none,7,0,0
2,1,0.2404,Contractor,39.74,0.036,0,False,0.9824,False,none,0,0,0
4,11,6.6844,Employee,3094.11,0.7247,10,False,0.656,True,high,167,4,1
3,12,0.5006,Director,1638.87025165028,0.0834,0,False,0.855,False,none,13,0,0
5,29,5.9394,Director,22188.32,0.9777,20,True,0.6657,True,high,161,4,1
15,0,0.248,Employee,123.42,0.0568,1,False,0.6968,False,none,4,1,1
2,20,0.2132,Contractor,31.57,0.0347,0,False,0.9614,True,low,27,1,0
1,45,0.3724,Employee,157.18,0.0563,5,True,0.9151,False,none,5,0,0
7,38,0.2176,Director,375.53,0.0169,0,False,0.8533,False,none,10,0,0
4,29,8.3031,Executive,49693.35,0.9123,9,False,0.4755,True,high,258,8,1
1,45,0.7154,Director,2159.67,0.1355,3,False,0.9851,False,none,8,0,0
32,1,0.0585,Manager,68.3,0.0105,1,True,0.6028,False,none,19,2,1
2,50,0.6314,Employee,289.86750080567725,0.0958,1,False,0.9298,False,none,1,0,0
1,29,0.1142,Director,306.08,0.0166,12,False,0.8857,False,none,8,0,0
28,0,0.0462,Director,127.02,0.0049,1,True,0.8823,False,none,17,3,1
2,79,0.8245,Manager,1014.58,0.0867,350,True,0.7317,True,medium,75,4,1
0,-1,0.1273,Employee,66.77,0.0198,3,False,0.0,False,none,0,0,0
1,36,0.1916,Manager,246.44,0.0436,4,False,0.9655,False,none,10,0,0
2,1,0.3356,Contractor,53.03,0.0982,1,False,0.956,False,none,14,0,0
1,48,0.2123,Employee,106.71,0.03,6,True,0.9934,False,none,0,0,0
4,34,0.082,Employee,51.66,0.0178,4,False,0.9783,True,low,10,1,0
3,4,0.0,Employee,148.82,0.0371,2,False,0.8576,False,none,5,0,0
9,2,0.0,Executive,9016.66,0.1306,1,True,0.4458,True,high,169,2,1
0,-1,0.3505,Director,1183.31,0.0635,2,True,0.0,False,none,12,0,0
3,24,0.8397,Employee,314.01,0.0995,0,False,0.9052,False,none,15,0,0
1,59,0.1029,Contractor,14.91,0.0185,0,False,0.9565,False,none,6,0,0
4,34,0.7062,Manager,479.33300823503356,0.0884,3,False,0.9873,False,none,12,0,0
3,26,0.7385,Employee,472.01,0.1921,1,False,0.8587,False,none,8,0,0
3,19,0.5039,Director,983.02,0.0432,20,False,0.8836,False,none,2,0,0
2,42,0.5712,Contractor,118.92,0.1295,2,False,0.8567,True,low,27,1,0
0,-1,0.8658,Executive,5320.42,0.0837,437,True,0.6113,True,medium,56,3,1
1,49,1.0266,Employee,449.62539559275905,0.177,12,False,0.9715,False,none,8,0,0
3,18,0.3576,Manager,350.3,0.0287,0,False,0.9162,False,none,0,0,0
3,7,0.4484,Employee,254.37,0.1014,1,False,0.9577,False,none,15,0,0
31,0,0.0774,Manager,69.33,0.0086,5,False,0.7164,False,none,6,3,1
2,6,0.2022,Employee,107.63,0.0394,10,False,0.9195,False,none,10,0,0
1,48,0.3458,Employee,181.33,0.0608,0,False,0.8542,False,none,12,0,0
2,49,0.2247,Employee,72.01,0.0307,3,False,0.9792,False,none,4,0,0
5,50,0.4416,Director,1713.33,0.0693,1,False,0.8949,False,none,1,0,0
2,37,0.0846,Executive,489.42,0.0124,3,False,0.9078,False,none,15,0,0
4,36,0.1844,Employee,88.96,0.0257,18,False,0.9614,False,none,10,0,0
2,20,0.2838,Manager,216.64,0.0325,13,False,0.9356,False,none,5,0,0
2,8,0.1159,Manager,121.47,0.0164,1,False,0.9677,False,none,6,0,0
5,20,3.0002,Manager,4201.78,0.454,20,False,0.238,True,high,160,5,1
2,27,0.8864,Director,2806.65,0.1451,4,False,0.8693,False,none,7,0,0
0,-1,0.4508,Employee,212.87,0.0563,345,False,0.7212,True,medium,45,2,1
1,45,0.2319,Director,927.33,0.0385,8,False,0.8654,False,none,0,0,0
2,35,0.1845,Manager,237.78,0.0259,9,False,0.9907,False,none,10,0,0
21,0,0.1193,Employee,66.17,0.0182,0,False,0.7435,False,none,10,1,1
4,14,0.473,Employee,279.35,0.1061,0,True,0.963,False,none,9,0,0
1,13,0.1354,Director,415.39,0.0168,12,False,0.9128,False,none,0,0,0
5,5,0.3777,Employee,197.97,0.0701,0,False,0.9642,False,none,10,0,0
2,21,0.1067,Executive,693.2,0.0128,10,False,0.9474,False,none,3,0,0
2,4,0.2772,Manager,233.75,0.0251,6,True,0.9412,False,none,3,0,0
3,50,0.2208,Director,680.25,0.0338,1,True,0.8832,False,none,0,0,0
2,42,0.0,Director,346.4940722168029,0.0166,3,False,0.8756,False,none,5,0,0
2,48,0.6965,Contractor,139.24,0.1388,5,False,0.9268,False,none,7,0,0
8,7,1.8695,Employee,763.34,0.344,1,True,0.7646,True,high,66,4,1
0,-1,0.147,Director,522.51,0.0213,4,False,0.0,False,none,4,0,0
4,27,0.1908,Employee,95.86,0.0366,0,True,0.9601,True,low,23,1,0
1,23,0.0671,Contractor,9.87,0.0141,1,False,0.9413,False,none,3,0,0
17,0,0.1641,Employee,105.79,0.0505,5,True,0.6456,False,none,12,1,1
5,13,7.7306,Employee,3594.14,2.0828,19,True,0.2821,True,high,147,8,1
1,60,0.8753,Director,2630.09,0.1203,497,True,0.5839,True,medium,95,5,1
3,14,0.1263,Employee,55.56,0.0324,5,False,0.8541,False,none,12,0,0
1,16,0.2146,Employee,134.66,0.0551,6,False,0.9262,False,none,13,0,0
1,36,0.1635,Executive,631.82,0.011,2,True,0.8696,False,none,8,0,0
2,9,0.4302,Contractor,77.01,0.0795,8,True,0.959,True,low,22,1,0
2,49,0.2178,Employee,100.16,0.0257,3,True,0.9138,False,none,2,0,0
2,10,1.2649,Employee,493.26,0.1142,1,True,0.7304,True,medium,153,3,1
2,10,0.3236,Employee,153.78,0.0573,0,False,0.9211,False,none,11,0,0
1,7,0.1642,Manager,188.48,0.0184,1,False,0.8522,False,none,8,0,0
2,54,1.0383,Director,2001.3141187670171,0.0859,0,True,0.9479,False,none,15,0,0
1,33,0.7578,Manager,842.5988315330505,0.1117,0,False,0.9275,False,none,2,0,0
3,57,0.2072,Employee,95.25,0.046,6,False,0.9412,False,none,9,0,0
1,28,0.3394,Contractor,92.1,0.0723,6,False,0.9604,False,none,3,0,0
2,57,0.3832,Employee,132.66,0.0509,1,True,0.8933,False,none,0,0,0
2,78,1.0044,Executive,4486.28,0.1061,433,False,0.7147,True,medium,45,3,1
1,30,0.7949,Employee,403.6626786868707,0.1893,0,False,0.8649,False,none,9,0,0
3,23,0.7343,Manager,727.3021986351434,0.0706,17,False,0.979,False,none,15,0,0
2,28,0.1777,Executive,780.57,0.0176,10,False,0.972,False,none,11,0,0
3,54,0.0,Employee,311.1197902756494,0.1442,22,False,0.863,False,none,1,0,0
2,4,0.3763,Director,1131.31,0.051,6,True,0.9219,True,low,38,1,0
1,14,0.2971,Contractor,52.59,0.0474,7,True,0.899,True,low,47,1,0
31,1,0.0427,Director,106.93,0.0101,1,False,0.7571,False,none,18,2,1
7,7,1.156,Employee,594.32,0.1744,0,True,0.6334,True,medium,199,2,1
5,28,8.2579,Manager,10875.84,1.0673,16,True,0.336,True,high,257,3,1
4,44,0.3149,Employee,151.88,0.0476,0,False,0.9822,False,none,10,0,0
3,60,0.0,Manager,129.91,0.0131,10,False,0.9566,False,none,0,0,0
3,50,0.3198,Employee,167.12,0.0493,21,True,0.9571,False,none,6,0,0
1,60,0.7975,Manager,651.7801712883996,0.0938,3,False,0.8607,False,none,7,0,0
2,54,0.1786,Contractor,34.5,0.038,5,False,0.894,False,none,8,0,0
1,33,0.481,Employee,189.61,0.0478,2,False,0.9371,False,none,2,0,0
4,48,0.2412,Employee,79.56,0.0407,2,False,0.9788,True,low,11,1,0
2,19,0.1795,Employee,119.31,0.0511,2,False,0.9581,False,none,13,0,0
1,59,0.1495,Employee,83.66,0.0221,5,False,0.9885,False,none,8,0,0
9,4,1.0443,Employee,621.74,0.1938,0,True,0.4746,True,medium,54,2,1
1,68,1.2767,Manager,968.63,0.098,469,True,0.7512,True,medium,42,4,1
1,10,0.5745,Employee,286.85,0.0879,9,False,0.8821,False,none,14,0,0
19,1,0.0473,Employee,28.03,0.0065,0,False,0.6228,False,none,17,2,1
2,31,0.3648,Director,1074.08,0.0566,3,False,0.9519,False,none,9,0,0
2,49,0.5935,Manager,651.67,0.1147,1,False,0.8681,False,none,5,0,0
1,37,0.1331,Employee,77.53,0.0268,0,False,0.8843,False,none,12,0,0
5,3,0.244,Contractor,47.15,0.0458,0,True,0.8547,False,none,10,0,0
0,-1,0.0962,Director,255.18,0.0131,2,False,0.0,False,none,11,0,0
0,-1,0.4607,Employee,212.8,0.0563,2,False,0.0,False,none,7,0,0
2,12,0.4571,Manager,316.35,0.0458,8,False,0.8566,False,none,7,0,0
2,49,0.8587,Employee,423.19,0.1263,1,False,0.9693,False,none,6,0,0
0,-1,0.2736,Employee,116.1,0.0439,0,False,0.0,False,none,2,0,0
2,58,0.1079,Director,309.52,0.0167,14,False,0.9166,True,low,33,1,0
2,57,0.0932,Employee,62.46,0.0204,5,True,0.8618,False,none,0,0,0
0,-1,0.6577,Executive,3939.56,0.0888,2,True,0.0,False,none,6,0,0
1,52,0.4601,Employee,174.49,0.0654,0,False,0.919,False,none,4,0,0
0,-1,0.7643,Employee,423.29,0.1566,8,True,0.0,False,none,14,0,0
3,35,0.8032,Director,1983.05,0.1431,8,False,0.8659,True,low,37,1,0
1,2,0.2235,Manager,213.74,0.0394,4,False,0.8769,False,none,15,0,0
2,51,0.6605,Director,1980.8011696777887,0.0792,0,False,0.9661,False,none,7,0,0
1,3,0.3949,Manager,360.72,0.052,2,False,0.9056,False,none,2,0,0
7,1,0.0,Manager,1515.11,0.1756,0,True,0.6863,True,medium,78,6,1
0,-1,0.663,Employee,411.70967145586826,0.1015,4,True,0.0,False,none,2,0,0
2,59,0.0,Manager,523.2221114360207,0.0902,7,False,0.8803,False,none,13,0,0
0,-1,0.1994,Contractor,45.57,0.0459,1,False,0.0,False,none,4,0,0
4,35,0.6861,Employee,286.02,0.0946,2,True,0.9818,False,none,13,0,0
1,46,0.3703,Contractor,73.64,0.0615,18,False,0.9866,False,none,15,0,0
1,26,0.2639,Manager,257.17,0.0706,4,False,0.9711,False,none,4,0,0
1,36,0.1928,Manager,240.42,0.0352,5,False,0.9305,False,none,7,0,0
4,3,0.7164,Contractor,131.29981557554893,0.1875,0,False,0.877,False,none,1,0,0
0,-1,0.1654,Director,416.91,0.0189,8,True,0.0,False,none,15,0,0
1,55,0.9587,Contractor,276.0436080536483,0.2104,3,False,0.9879,True,low,17,1,0
3,23,0.432,Manager,621.31,0.1013,2,False,0.9494,False,none,0,0,0
4,19,0.2768,Employee,152.93,0.057,0,True,0.9251,False,none,0,0,0
2,88,0.419,Employee,217.1,0.0521,413,True,0.6301,True,medium,98,4,1
1,32,0.1415,Manager,196.3,0.0241,11,False,0.8785,False,none,4,0,0
4,1,0.4809,Employee,186.6,0.0709,11,False,0.9786,False,none,5,0,0
4,7,0.5014,Employee,249.5,0.0863,0,False,0.9673,False,none,0,0,0
1,110,0.9116,Employee,503.98,0.1289,270,False,0.7961,True,medium,36,5,1
4,31,0.9003,Contractor,129.11,0.121,9,False,0.9677,False,none,4,0,0
2,29,9.9534,Employee,3955.4,1.0133,8,True,0.4193,True,high,337,6,1
1,36,0.4698,Employee,228.93,0.1073,2,True,0.9891,False,none,8,0,0
1,15,7.2191,Manager,7810.12,1.6362,9,True,0.5781,True,high,238,5,1
3,34,0.1428,Manager,129.86,0.0172,6,False,0.9191,False,none,9,0,0
1,59,0.4627,Director,1303.15,0.0654,0,False,0.9259,False,none,1,0,0
1,36,0.8885,Employee,399.98035013769106,0.1727,5,False,0.967,False,none,5,0,0
2,37,0.1847,Employee,93.7,0.0209,3,True,0.9407,False,none,8,0,0
2,8,0.1726,Contractor,32.78,0.0332,2,False,0.8666,False,none,15,0,0
2,19,0.427,Employee,218.23,0.0892,11,False,0.9358,False,none,11,0,0
34,1,0.2893,Employee,129.86,0.0574,5,False,0.8411,False,none,11,2,1
4,52,0.1498,Employee,66.95,0.0267,38,True,0.8974,False,none,4,0,0
4,20,0.3731,Contractor,56.65,0.0495,5,False,0.8516,False,none,5,0,0
1,29,0.125,Manager,153.67,0.0196,3,False,0.8739,False,none,7,0,0
2,28,0.1366,Manager,135.21,0.0127,4,False,0.8811,False,none,10,0,0
0,-1,0.6204,Contractor,115.91,0.1229,8,False,0.0,False,none,12,0,0
4,37,0.3585,Manager,328.81,0.045,7,False,0.9261,False,none,0,0,0
1,15,0.6178,Employee,239.85,0.101,8,True,0.9697,False,none,7,0,0
1,48,0.0,Manager,303.90016465650797,0.0476,12,True,0.8665,False,none,7,0,0
4,27,0.1098,Employee,58.92,0.017,2,False,0.9296,False,none,8,0,0
0,-1,0.3478,Employee,225.78,0.1423,1,False,0.0,True,low,20,1,0
1,43,0.0,Contractor,57.38,0.0576,1,True,0.9857,False,none,1,0,0
2,17,0.4623,Employee,253.26,0.0671,4,False,0.8886,False,none,12,0,0
2,27,0.1085,Employee,60.0,0.0201,1,False,0.9165,False,none,11,0,0
4,41,0.0942,Director,249.11,0.0123,9,False,0.8634,False,none,14,0,0
5,7,1.0342,Employee,505.75,0.1694,0,True,0.6125,True,medium,182,3,1
1,40,0.2932,Executive,1108.5,0.0212,7,False,0.9788,True,low,31,1,0
2,18,0.6828,Executive,2701.0343066148866,0.0485,5,False,0.8664,False,none,5,0,0
4,44,0.4966,Employee,309.24,0.0977,16,False,0.9349,False,none,3,0,0
0,-1,0.0,Manager,512.3332006082392,0.0421,0,False,0.0,False,none,15,0,0
2,49,0.5243,Executive,2626.59,0.0546,5,False,0.8686,False,none,1,0,0
2,16,0.5251,Manager,519.04,0.0682,2,False,0.9224,False,none,3,0,0
1,2,0.5493,Manager,453.4032157913637,0.0761,1,False,0.9416,False,none,10,0,0
2,56,0.3249,Contractor,67.96,0.0688,0,False,0.9394,False,none,3,0,0
2,5,0.17,Employee,95.77,0.0332,7,False,0.8586,False,none,12,0,0
2,40,0.2866,Employee,172.87,0.0782,3,True,0.8684,False,none,15,0,0
2,57,0.3322,Executive,2080.52,0.0377,3,False,0.9465,False,none,1,0,0
4,43,0.1632,Manager,164.52,0.0363,18,False,0.9535,False,none,2,0,0
2,30,0.6745,Executive,3943.2257787862354,0.0774,4,False,0.9068,False,none,0,0,0
2,43,0.5446,Manager,689.6976635226916,0.0666,4,False,0.9623,False,none,2,0,0
2,10,0.0,Employee,500.5730922302907,0.1374,0,True,0.9651,False,none,13,0,0
1,34,0.3522,Employee,131.2,0.0535,26,False,0.9141,False,none,1,0,0
6,1,0.7201,Employee,382.857538037305,0.1188,8,False,0.8892,False,none,13,0,0
2,3,0.386,Contractor,82.74,0.0791,8,False,0.8816,True,low,25,1,0
1,2,1.3784,Employee,582.7,0.1566,0,True,0.4049,True,high,128,6,1
2,1,0.6905,Contractor,108.91952278880635,0.0771,2,False,0.9526,False,none,7,0,0
3,53,0.5831,Contractor,97.6050310446389,0.098,5,True,0.9691,False,none,7,0,0
2,13,0.271,Employee,132.76,0.0432,0,False,0.9647,False,none,15,0,0
1,59,0.7014,Employee,309.07,0.0907,8,False,0.9474,False,none,15,0,0
2,37,0.2072,Employee,116.99,0.0351,11,False,0.907,False,none,14,0,0
3,19,0.3282,Employee,169.13,0.0593,5,False,0.9596,False,none,7,0,0
3,54,0.8774,Employee,296.61543143230097,0.108,4,False,0.9234,True,low,30,1,0
1,26,0.1819,Employee,101.17,0.0401,0,False,0.8579,False,none,1,0,0
38,0,0.0376,Director,96.08,0.0055,4,True,0.7662,False,none,7,1,1
0,-1,0.3264,Employee,116.02,0.0539,2,False,0.0,False,none,2,0,0
1,6,0.6465,Manager,583.78,0.084,0,True,0.897,False,none,5,0,0
0,-1,0.5112,Employee,92.08,0.0315,7,False,0.0,False,none,12,0,0
1,35,0.2068,Employee,85.17,0.0355,1,False,0.8712,False,none,14,0,0
2,23,0.2999,Contractor,49.27,0.06,7,False,0.9254,False,none,9,0,0
0,-1,0.238,Director,863.89,0.0596,12,True,0.0,False,none,14,0,0
3,24,0.2261,Director,566.13,0.0213,2,False,0.8881,False,none,13,0,0
1,14,5.6002,Employee,2264.45,0.7393,10,True,0.2317,True,high,192,4,1
3,55,0.1542,Manager,180.17,0.0173,12,False,0.9526,False,none,11,0,0
3,58,0.5565,Employee,259.3,0.0887,1,False,0.9934,False,none,10,0,0
3,52,0.4626,Director,1555.35,0.0601,21,True,0.9364,False,none,14,0,0
3,7,0.9424,Employee,505.175212252077,0.1418,7,True,0.9032,False,none,8,0,0
1,50,0.0,Contractor,44.52,0.0553,8,False,0.8555,True,low,38,1,0
4,15,0.7562,Manager,730.7500487766453,0.0751,8,False,0.9017,False,none,8,0,0
1,31,0.7797,Director,2047.43945945915,0.0915,1,True,0.9735,False,none,4,0,0
1,35,0.2875,Manager,277.66,0.0392,1,False,0.9765,False,none,1,0,0
3,50,0.3541,Employee,220.45,0.08,11,False,0.9096,False,none,4,0,0
10,7,2.6157,Director,5491.91,0.2542,0,True,0.6635,True,high,58,2,1
2,64,0.0,Employee,347.87,0.1288,411,True,0.6951,True,medium,99,4,1
1,37,0.5633,Employee,258.5887500002393,0.0985,18,False,0.9266,False,none,9,0,0
0,-1,1.062,Employee,449.89,0.173,377,True,0.6897,True,medium,69,5,1
0,-1,0.6845,Director,1686.57,0.0,2,False,0.0,False,none,2,0,0
2,28,0.1239,Manager,98.61,0.0101,3,False,0.9554,False,none,4,0,0
1,16,0.2334,Director,689.33,0.0386,2,False,0.9264,False,none,4,0,0
6,37,0.201,Employee,106.03,0.0368,0,False,0.8897,False,none,13,0,0
2,20,0.1246,Employee,72.02,0.0232,6,False,0.9006,False,none,14,0,0
2,40,0.158,Employee,95.93,0.0477,8,False,0.9922,True,low,42,1,0
2,27,7.4808,Executive,50166.33,0.9551,6,False,0.3375,True,high,334,7,1
2,60,0.5248,Executive,3251.933103957586,0.0915,0,True,0.8704,False,none,3,0,0
4,16,0.3336,Employee,146.31,0.0365,9,False,0.961,True,low,39,1,0
5,45,0.5462,Manager,401.03,0.0448,4,False,0.9227,False,none,15,0,0
2,49,0.0,Employee,427.36,0.1389,1,True,0.8553,False,none,2,0,0
5,15,0.0,Employee,5472.8,1.7662,15,True,0.4293,True,high,263,3,1
2,113,0.8544,Director,2230.9,0.0946,255,False,0.7652,True,medium,85,4,1
3,12,0.3656,Director,940.52,0.0594,10,False,0.9637,False,none,14,0,0
3,14,0.2321,Director,760.39,0.0,2,False,0.878,False,none,9,0,0
1,85,0.7867,Contractor,131.82,0.0973,274,True,0.65,True,medium,94,3,1
4,15,4.4679,Employee,2163.54,1.1653,5,False,0.6317,True,high,302,7,1
3,52,0.6361,Employee,388.01,0.1302,9,False,0.8719,False,none,11,0,0
3,32,0.3263,Employee,174.68,0.0493,0,False,0.9024,False,none,15,0,0
3,37,0.5445,Director,1248.83,0.0639,1,True,0.8875,False,none,0,0,0
16,1,0.0123,Director,30.55,0.0014,2,False,0.7944,False,none,18,2,1
3,52,0.0642,Employee,32.24,0.0077,0,False,0.9856,False,none,9,0,0
2,22,0.2332,Director,778.54,0.0348,20,False,0.9103,False,none,0,0,0
1,58,0.403,Manager,377.8,0.0516,1,True,0.8857,False,none,4,0,0
1,52,0.9536,Employee,420.57953642949605,0.1129,7,False,0.9399,False,none,9,0,0
2,77,1.2359,Employee,528.62,0.1328,477,False,0.5669,True,medium,77,2,1
2,30,0.6818,Director,2407.6157441420833,0.0989,0,False,0.8961,False,none,0,0,0
2,24,0.5857,Employee,262.4,0.0801,1,False,0.9493,False,none,12,0,0
1,45,0.1557,Contractor,46.37,0.0574,8,True,0.9283,False,none,14,0,0
1,2,0.134,Employee,70.97,0.0205,1,False,0.859,False,none,13,0,0
2,10,0.0,Executive,487.8430554365459,0.0088,0,False,0.9065,False,none,5,0,0
3,9,0.2185,Contractor,40.41,0.0441,2,False,0.9666,False,none,14,0,0
1,24,0.1344,Employee,81.82,0.0275,8,False,0.9006,False,none,9,0,0
2,59,0.5819,Employee,341.68,0.1275,7,False,0.959,False,none,4,0,0
2,25,8.7438,Employee,4907.95,1.9999,16,False,0.5455,True,high,349,4,1
4,52,0.1828,Employee,109.73,0.0478,7,False,0.9921,False,none,11,0,0
6,4,1.604,Executive,7991.78,0.1677,0,True,0.7268,True,medium,185,6,1
2,18,0.2923,Director,1051.77,0.06,2,False,0.9251,False,none,11,0,0
1,13,0.1715,Employee,85.43,0.0512,0,True,0.9041,False,none,6,0,0
25,1,0.4524,Employee,130.72,0.0449,3,True,0.8253,False,none,4,2,1
1,40,0.0505,Contractor,12.65,0.0154,3,False,0.9078,False,none,13,0,0
2,5,0.2785,Director,771.5,0.069,0,False,0.8859,False,none,5,0,0
2,48,0.4102,Manager,394.09,0.0364,0,False,0.8538,False,none,1,0,0
2,3,0.3589,Manager,273.45,0.0327,5,True,0.8729,False,none,1,0,0
1,27,0.2202,Employee,126.14,0.0359,18,False,0.9533,False,none,0,0,0
18,0,0.0,Employee,96.23,0.0447,4,False,0.6491,False,none,15,1,1
2,3,1.0924,Manager,1030.61,0.1022,1,True,0.6256,True,high,175,6,1
3,56,0.1071,Director,467.43,0.0225,1,False,0.9537,True,low,17,1,0
0,-1,0.7875,Employee,421.44,0.1574,355,False,0.5117,True,medium,57,2,1
1,36,0.8215,Director,2431.75,0.1212,5,False,0.9265,False,none,8,0,0
1,33,0.6644,Employee,389.75395287964886,0.1218,6,False,0.9492,False,none,12,0,0
1,50,0.7229,Manager,496.015578427825,0.0512,1,True,0.9536,False,none,8,0,0
0,-1,0.2721,Employee,173.16,0.058,11,False,0.0,False,none,4,0,0
1,35,0.7528,Employee,350.0387771635809,0.153,2,True,0.9547,False,none,9,0,0
1,28,0.4626,Employee,191.51,0.0597,3,False,0.8834,False,none,9,0,0
0,-1,0.2735,Employee,174.77,0.0502,7,False,0.0,False,none,6,0,0
1,71,1.225,Employee,632.63,0.1858,301,True,0.7597,True,medium,87,3,1
5,2,1.351,Employee,794.43,0.0,0,True,0.5,True,medium,134,2,1
3,1,0.0,Manager,342.2,0.0567,6,False,0.9468,False,none,13,0,0
5,21,4.8011,Manager,4045.92,0.6772,9,False,0.542,True,high,255,4,1
0,-1,0.0,Director,276.24900978560834,0.0278,7,True,0.0,False,none,5,0,0
0,-1,0.1916,Manager,195.68,0.0197,0,False,0.0,False,none,5,0,0
15,0,0.4648,Contractor,80.07,0.081,0,False,0.769,False,none,19,1,1
27,1,0.1704,Employee,103.31,0.0367,0,True,0.6248,False,none,5,3,1
2,13,0.5602,Manager,505.34,0.063,17,True,0.8914,False,none,4,0,0
3,22,0.2669,Contractor,56.02,0.0624,0,True,0.9376,False,none,0,0,0
2,16,0.1525,Employee,66.01,0.0313,2,True,0.9061,False,none,8,0,0
1,50,0.5585,Contractor,93.17,0.1246,0,False,0.9225,False,none,6,0,0
2,13,0.2925,Contractor,40.4,0.0434,5,True,0.9783,False,none,12,0,0
1,44,0.4189,Director,1299.26,0.0717,8,False,0.8613,False,none,10,0,0
3,12,0.1676,Employee,105.43,0.0515,2,True,0.906,False,none,0,0,0
3,4,0.2034,Manager,297.82,0.0476,3,False,0.958,False,none,14,0,0
2,28,0.2029,Employee,73.39,0.0228,4,False,0.8531,False,none,15,0,0
1,15,0.3069,Manager,165.53,0.0185,5,False,0.9916,True,low,18,1,0
2,55,0.119,Director,403.24,0.0285,12,False,0.9591,False,none,15,0,0
4,22,0.2871,Employee,142.78,0.0381,0,False,0.8514,False,none,5,0,0
4,28,0.1508,Employee,86.08,0.0176,5,False,0.9132,False,none,15,0,0
0,-1,1.1491,Executive,5230.29,0.0895,182,True,0.5212,True,medium,74,4,1
4,15,0.4582,Employee,171.94,0.0678,2,False,0.9907,False,none,2,0,0
2,42,0.2322,Employee,115.92,0.032,8,False,0.9226,False,none,4,0,0
1,45,0.0,Director,280.70567234195636,0.0149,2,True,0.9257,False,none,10,0,0
18,2,0.0481,Director,148.81,0.0075,1,False,0.6695,False,none,18,1,1
2,5,0.0307,Employee,18.81,0.0052,17,False,0.9986,False,none,14,0,0
3,23,7.7098,Manager,7680.35,1.0736,17,True,0.5193,True,high,112,3,1
1,41,0.2147,Contractor,35.75,0.0306,7,False,0.9623,False,none,1,0,0
4,6,0.0,Director,408.156111241585,0.0204,0,False,0.9821,False,none,6,0,0
3,14,0.4547,Manager,413.99,0.0394,8,False,0.9923,True,low,29,1,0
2,21,0.5187,Employee,243.45423847457803,0.0658,6,True,0.9653,False,none,8,0,0
3,2,0.0709,Contractor,20.16,0.0212,5,False,0.9683,False,none,2,0,0
2,116,1.0771,Employee,445.19,0.1753,265,True,0.628,True,medium,91,3,1
0,-1,0.4756,Employee,228.25,0.1044,6,False,0.0,False,none,5,0,0
1,8,0.664,Contractor,105.56,0.0919,0,False,0.9261,False,none,10,0,0
2,37,0.0175,Employee,8.21,0.0029,6,True,0.8863,False,none,3,0,0
1,9,0.321,Executive,1840.28,0.0525,4,False,0.987,True,low,30,1,0
2,14,0.0846,Contractor,17.81,0.021,10,False,0.8717,False,none,3,0,0
17,1,0.2445,Employee,118.99,0.0292,0,False,0.7345,False,none,3,1,1
1,46,0.7436,Director,2265.0556236882617,0.102,7,False,0.9087,False,none,3,0,0
1,59,0.6543,Employee,322.589968664679,0.1175,18,False,0.8712,False,none,5,0,0
2,52,0.5323,Contractor,101.45,0.0852,2,True,0.9861,False,none,14,0,0
2,15,0.2975,Employee,147.05,0.0598,10,False,0.9567,False,none,11,0,0
1,58,0.1423,Employee,69.96,0.0219,0,False,0.9815,True,low,31,1,0
1,30,0.1336,Employee,74.36,0.024,3,True,0.9871,True,low,17,1,0
2,37,0.2867,Director,852.43,0.0305,8,True,0.9742,False,none,12,0,0
3,55,0.1096,Employee,51.79,0.0182,3,False,0.9489,False,none,4,0,0
0,-1,0.6572,Employee,379.22,0.1137,0,False,0.0,False,none,6,0,0
4,49,0.5461,Director,1834.26,0.112,6,False,0.8591,False,none,3,0,0
4,27,0.6711,Executive,3462.18,0.0498,0,False,0.9188,False,none,4,0,0
8,4,2.1283,Employee,939.57,0.2961,1,True,0.6659,True,high,76,3,1
2,28,0.551,Employee,263.39,0.1095,8,False,0.948,False,none,10,0,0
1,47,0.3176,Contractor,58.72,0.0469,2,False,0.9534,False,none,14,0,0
3,15,0.0838,Employee,37.12,0.0146,3,False,0.8912,False,none,14,0,0
3,55,0.0995,Employee,65.11,0.0208,2,False,0.8845,False,none,3,0,0
1,45,0.1639,Manager,160.11,0.0384,2,False,0.9379,False,none,10,0,0
5,51,0.8,Employee,362.27,0.1477,1,False,0.9562,False,none,9,0,0
1,17,0.055,Employee,32.16,0.0121,3,False,0.8858,True,low,16,1,0
2,38,0.7416,Manager,582.5466045047704,0.0634,3,True,0.8535,True,low,28,1,0
3,16,0.3908,Employee,234.17,0.0745,6,False,0.9526,False,none,7,0,0
3,15,0.3535,Contractor,63.7,0.0639,7,False,0.9168,True,low,42,1,0
2,9,0.1619,Director,518.68,0.0243,1,True,0.9718,False,none,4,0,0
1,28,0.1037,Manager,124.44,0.013,5,False,0.8922,False,none,15,0,0
1,18,0.2047,Employee,83.49,0.032,4,False,0.9096,False,none,11,0,0
2,51,0.1644,Employee,103.92,0.0387,0,False,0.8705,False,none,0,0,0
2,37,0.1389,Contractor,27.34,0.03,21,False,0.9979,True,low,38,1,0
2,33,0.3113,Director,741.55,0.0322,2,False,0.9414,True,low,20,1,0
2,6,0.2706,Contractor,63.3,0.0732,3,False,0.8971,False,none,15,0,0
4,1,0.7831,Employee,342.49,0.0906,0,False,0.9759,False,none,6,0,0
3,26,0.2951,Director,1250.34,0.0661,3,False,0.8605,False,none,15,0,0
3,31,0.5517,Employee,283.37,0.0927,8,False,0.9022,False,none,7,0,0
2,32,0.1618,Employee,79.9,0.0264,4,True,0.9601,False,none,3,0,0
1,27,0.1926,Contractor,61.12,0.0545,1,False,0.9289,False,none,10,0,0
0,-1,0.2241,Director,670.71,0.034,1,False,0.0,False,none,9,0,0
2,14,0.0748,Employee,52.89,0.0175,8,False,0.98,False,none,8,0,0
2,5,0.1747,Contractor,31.91,0.028,4,True,0.9566,True,low,10,1,0
2,37,0.3287,Manager,318.85,0.0396,7,False,0.9525,False,none,9,0,0
2,45,0.6904,Employee,326.93,0.1186,1,False,0.9074,False,none,2,0,0
3,32,0.5614,Employee,299.95,0.0,13,False,0.9607,False,none,5,0,0
1,32,0.7725,Manager,794.8336338515081,0.1062,8,False,0.9026,False,none,15,0,0
0,-1,0.723,Employee,365.7144446574448,0.164,0,False,0.0,True,low,11,1,0
3,3,0.7876,Employee,452.6208853704197,0.164,6,False,0.9753,False,none,4,0,0
2,41,0.1365,Employee,85.08,0.0236,2,False,0.9903,False,none,4,0,0
2,49,0.1248,Manager,172.56,0.0182,3,False,0.8935,False,none,15,0,0
2,37,1.0412,Contractor,194.5549661078685,0.1486,4,False,0.8622,True,low,22,1,0
1,32,0.8531,Director,2821.9739357190365,0.1247,0,False,0.9381,False,none,4,0,0
1,51,0.0,Employee,94.43,0.0321,16,False,0.9498,False,none,13,0,0
2,23,0.2427,Director,858.7,0.0398,2,False,0.8895,False,none,6,0,0
5,50,0.1996,Contractor,40.24,0.0391,0,True,0.8947,False,none,7,0,0
2,37,0.1642,Employee,84.49,0.0232,10,True,0.9804,False,none,1,0,0
4,36,0.1045,Employee,50.94,0.0168,14,False,0.9266,False,none,0,0,0
1,31,0.3658,Employee,118.1,0.0461,4,False,0.8708,False,none,6,0,0
2,48,0.8228,Employee,387.63222870900734,0.1174,6,True,0.9892,False,none,9,0,0
1,56,0.2611,Manager,261.47,0.0259,1,False,0.9509,False,none,3,0,0
2,44,0.2207,Employee,139.23,0.0606,1,False,0.951,False,none,11,0,0
1,57,0.3064,Contractor,75.18,0.0,2,False,0.8732,False,none,10,0,0
2,27,0.1282,Manager,141.71,0.0165,11,True,0.9346,False,none,2,0,0
1,5,0.5702,Employee,234.15486916796084,0.0702,3,False,0.9902,False,none,4,0,0
2,49,0.848,Manager,911.02,0.1076,1,False,0.9317,True,low,16,1,0
3,45,0.4308,Manager,503.15,0.0627,3,False,0.994,False,none,6,0,0
5,26,0.0,Employee,35.69,0.0125,0,True,0.9505,False,none,5,0,0
4,40,0.1491,Manager,186.23,0.0283,3,False,0.8907,False,none,12,0,0
5,26,8.4938,Manager,6090.71,0.6202,14,True,0.4376,True,high,345,4,1
0,-1,0.6697,Employee,417.32,0.1036,426,False,0.6961,True,medium,91,2,1
0,-1,0.0,Executive,476.9452239307441,0.0092,2,False,0.0,False,none,3,0,0
3,39,0.1875,Contractor,47.87,0.0535,6,True,0.9604,True,low,36,1,0
1,57,0.5352,Employee,196.70481213636268,0.0559,4,False,0.9715,False,none,11,0,0
1,49,0.7329,Manager,715.15,0.0991,1,False,0.9133,False,none,15,0,0
3,24,0.5334,Contractor,100.94,0.1001,4,False,0.8681,False,none,10,0,0
0,-1,0.4416,Employee,359.9,0.0976,5,False,0.0,False,none,12,0,0
3,56,0.2291,Employee,106.42,0.0481,1,False,0.9306,False,none,14,0,0
1,12,0.1961,Contractor,42.01,0.0371,2,True,0.877,False,none,0,0,0
2,112,0.8833,Director,2332.05,0.1178,449,False,0.7628,True,medium,43,5,1
4,29,0.1625,Employee,86.69,0.0267,4,True,0.918,False,none,12,0,0
1,14,0.2791,Employee,146.14,0.0477,6,False,0.9093,False,none,3,0,0
1,29,0.4609,Employee,164.12,0.0832,2,False,0.9987,False,none,8,0,0
0,-1,0.1041,Manager,106.89,0.0106,10,False,0.0,False,none,6,0,0
2,15,7.1289,Employee,4080.75,1.4746,10,True,0.4926,True,high,226,8,1
3,59,0.1496,Employee,97.27,0.0341,1,False,0.9649,False,none,12,0,0
0,-1,0.0568,Employee,33.42,0.0102,13,False,0.0,False,none,1,0,0
0,-1,0.4048,Director,1031.48,0.0369,5,False,0.0,False,none,5,0,0
2,9,0.2137,Executive,945.9,0.0182,0,False,0.9607,False,none,11,0,0
2,60,0.2645,Manager,236.85,0.0422,16,True,0.8806,False,none,8,0,0
4,35,0.174,Manager,167.93,0.0338,3,True,0.9843,False,none,13,0,0
34,0,0.0633,Employee,36.27,0.0105,0,False,0.7484,False,none,12,1,1
3,23,0.3403,Employee,144.9,0.048,1,False,0.8849,False,none,4,0,0
3,24,0.778,Manager,804.33,0.1233,6,False,0.9712,False,none,4,0,0
4,38,0.7061,Employee,378.6383878311496,0.1207,0,False,0.8788,False,none,3,0,0
0,-1,0.2623,Employee,131.28,0.0453,0,False,0.0,False,none,10,0,0
1,21,0.1789,Director,678.75,0.0346,16,False,0.8846,False,none,6,0,0
2,8,0.7011,Employee,298.8659775961714,0.0874,1,False,0.894,True,low,15,1,0
0,-1,0.6676,Manager,773.92,0.1295,267,True,0.7366,True,medium,61,2,1
1,29,5.319,Employee,1997.17,0.8098,16,False,0.3614,True,high,191,5,1
1,40,0.0,Employee,247.82,0.0772,0,False,0.9239,False,none,8,0,0
1,60,0.4608,Director,1672.13,0.0839,427,False,0.7892,True,medium,42,4,1
2,25,0.4447,Contractor,71.73,0.0693,10,True,0.8792,True,low,46,1,0
2,58,0.1855,Employee,92.45,0.0381,4,False,0.9558,False,none,15,0,0
3,56,0.5529,Employee,273.280670264757,0.0959,5,False,0.9958,False,none,15,0,0
5,11,3.5933,Employee,1648.86,0.52,7,False,0.6609,True,high,300,4,1
1,4,0.5614,Employee,250.64,0.1279,1,False,0.931,True,low,16,1,0
2,42,0.5426,Director,1622.8190581362915,0.0735,4,False,0.8927,False,none,13,0,0
0,-1,0.3681,Employee,167.44,0.0533,0,False,0.0,False,none,8,0,0
2,24,0.2669,Manager,280.8,0.0303,2,True,0.8715,False,none,9,0,0
2,51,0.2054,Executive,1139.36,0.0228,18,False,0.9069,False,none,9,0,0
3,32,0.1821,Employee,92.57,0.0394,4,False,0.8669,False,none,8,0,0
1,24,0.585,Employee,336.54816822394463,0.1103,0,False,0.8869,False,none,11,0,0
1,13,0.5977,Contractor,100.01998054452459,0.1232,3,False,0.9277,False,none,3,0,0
2,60,0.8462,Manager,648.5289847234685,0.0755,2,False,0.8537,False,none,3,0,0
2,16,0.6884,Manager,655.7559603155362,0.0594,4,True,0.8883,False,none,1,0,0
3,11,0.3904,Contractor,65.0,0.0529,2,False,0.9791,False,none,12,0,0
2,31,0.1339,Director,504.72,0.0311,1,False,0.9888,False,none,5,0,0
3,35,0.5347,Director,1515.53,0.0617,4,True,0.9823,False,none,14,0,0
2,32,0.2198,Manager,261.45,0.0284,4,False,0.8851,False,none,12,0,0
2,47,0.0717,Manager,96.4,0.0099,4,False,0.9375,False,none,11,0,0
2,51,0.3654,Employee,152.11,0.0381,3,True,0.8522,True,low,25,1,0
0,-1,0.088,Employee,45.02,0.0149,2,False,0.0,False,none,14,0,0
2,12,0.8952,Director,1910.8337932669492,0.1161,6,False,0.958,False,none,13,0,0
3,10,0.3203,Director,898.81,0.0364,4,False,0.9508,False,none,8,0,0
1,48,0.4076,Contractor,78.13,0.0842,7,False,0.944,False,none,3,0,0
1,25,0.3147,Contractor,45.14,0.0481,1,False,0.9465,False,none,5,0,0
5,3,1.4688,Employee,631.29,0.2576,0,True,0.4596,True,medium,60,2,1
3,18,0.1747,Manager,165.15,0.0394,2,False,0.8556,False,none,4,0,0
38,1,0.1135,Manager,94.8,0.0151,5,False,0.6543,False,none,13,3,1
3,39,0.1109,Employee,61.92,0.0181,0,False,0.9408,False,none,9,0,0
3,5,0.0,Employee,72.73,0.026,2,True,0.9473,True,low,31,1,0
2,17,0.6366,Employee,290.99,0.1402,0,False,0.9708,False,none,4,0,0
3,13,0.687,Manager,567.17,0.0785,0,False,0.9841,False,none,12,0,0
0,-1,0.4466,Contractor,69.51,0.056,2,False,0.0,False,none,2,0,0
1,37,0.0695,Manager,60.69,0.0092,5,False,0.8507,True,low,40,1,0
6,1,1.2903,Director,3237.97,0.1461,0,True,0.6035,True,high,112,3,1
4,23,1.0461,Employee,387.470768124399,0.1517,0,False,0.912,False,none,15,0,0
5,41,0.4688,Manager,427.9,0.0501,24,False,0.9604,False,none,6,0,0
1,13,0.1649,Employee,81.29,0.0358,14,False,0.9177,True,low,30,1,0
25,0,0.1845,Employee,75.63,0.0313,5,False,0.8165,False,none,7,2,1
1,20,0.5627,Director,1370.7,0.0637,7,False,0.8745,True,low,48,1,0
2,9,0.4138,Employee,246.09,0.0748,2,True,0.8728,False,none,9,0,0
4,12,0.1043,Director,409.03,0.0166,0,False,0.9971,False,none,5,0,0
1,10,0.0,Employee,254.81,0.0,17,True,0.8837,False,none,8,0,0
1,54,0.4608,Employee,170.94,0.0775,17,False,0.9172,False,none,14,0,0
26,1,0.2555,Employee,113.81,0.033,2,False,0.8452,False,none,8,3,1
0,-1,0.3504,Employee,111.33,0.0517,1,True,0.0,False,none,4,0,0
0,-1,0.366,Employee,216.89,0.0756,3,True,0.0,False,none,7,0,0
2,49,0.1265,Contractor,22.0,0.0188,2,True,0.9715,False,none,11,0,0
1,42,0.5659,Contractor,107.9,0.0952,9,True,0.8633,False,none,9,0,0
1,32,0.1605,Director,676.17,0.0379,2,False,0.8893,True,low,13,1,0
5,47,0.6611,Manager,640.28,0.0783,0,False,0.982,False,none,7,0,0
1,17,5.9196,Executive,35495.99,0.6108,15,False,0.4208,True,high,348,8,1
3,2,0.2896,Manager,254.75,0.0217,4,False,0.9134,False,none,0,0,0
1,57,0.0923,Employee,56.99,0.0152,3,False,0.9186,False,none,3,0,0
5,23,3.4613,Employee,2248.63,0.7913,16,True,0.6966,True,high,303,3,1
1,65,3.4795,Employee,493.69,0.1496,279,True,0.5833,True,medium,50,2,1
3,58,0.3628,Manager,451.25,0.0688,21,False,0.8576,False,none,6,0,0
3,60,0.6599,Manager,638.77,0.072,4,False,0.9744,False,none,12,0,0
5,3,0.045,Employee,23.35,0.0065,5,False,0.9521,False,none,5,0,0
1,73,1.6232,Director,3155.42,0.141,224,False,0.6811,True,medium,49,5,1
5,5,0.0944,Employee,45.51,0.0277,5,False,0.9038,False,none,2,0,0
6,9,1.1837,Contractor,296.07,0.2591,0,True,0.6537,True,medium,108,5,1
2,60,0.8631,Employee,422.24,0.1607,6,False,0.9459,False,none,2,0,0
2,31,0.628,Director,1131.26,0.0549,11,False,0.8927,False,none,10,0,0
1,57,0.6197,Employee,237.51,0.0628,2,False,0.8965,False,none,4,0,0
2,14,0.2765,Employee,166.27,0.0451,8,False,0.9971,False,none,3,0,0
3,2,1.2674,Manager,1381.61,0.2169,0,True,0.7446,True,medium,143,5,1
0,-1,0.2087,Employee,80.87,0.0248,0,False,0.0,False,none,5,0,0
1,44,0.5952,Employee,214.46530010897197,0.0622,10,False,0.9384,False,none,0,0,0
18,0,0.0,Executive,23.34,0.0006,4,True,0.6771,False,none,12,2,1
3,51,0.5156,Employee,195.51,0.0797,3,False,0.9371,False,none,4,0,0
1,11,0.0,Manager,402.03,0.0362,6,False,0.9666,False,none,1,0,0
0,-1,0.4412,Manager,340.26,0.0618,12,True,0.0,False,none,10,0,0
2,15,0.1436,Employee,61.02,0.0176,5,False,0.9413,False,none,1,0,0
1,51,0.2468,Contractor,35.75,0.0427,3,True,0.9918,False,none,10,0,0
2,9,0.3007,Contractor,59.88,0.0658,6,False,0.9055,False,none,0,0,0
0,-1,0.1394,Employee,72.14,0.0258,0,False,0.0,False,none,11,0,0
3,55,0.6072,Employee,278.9120029601842,0.0829,11,False,0.9027,False,none,10,0,0
2,41,0.5969,Employee,243.02,0.0912,1,False,0.8869,False,none,12,0,0
40,0,0.0099,Director,31.52,0.0015,3,False,0.6812,False,none,15,1,1
2,13,0.0,Manager,327.53949504383075,0.0351,0,False,0.9658,False,none,3,0,0
1,36,0.263,Employee,139.49,0.0579,9,False,0.8744,False,none,15,0,0
0,-1,0.1926,Employee,108.58,0.034,10,False,0.0,False,none,7,0,0
2,32,0.1025,Employee,37.21,0.012,6,False,0.9264,False,none,11,0,0
9,8,1.442,Manager,1544.72,0.2228,0,True,0.4269,True,high,116,5,1
1,25,0.1244,Director,298.74,0.0152,3,False,0.8721,False,none,15,0,0
1,65,1.7114,Manager,950.11,0.1174,352,False,0.5179,True,medium,100,3,1
1,27,0.3606,Director,790.91,0.0379,6,False,0.9916,False,none,0,0,0
3,24,0.2024,Director,598.08,0.0476,2,False,0.8975,True,low,17,1,0
1,14,0.3406,Employee,161.92,0.0625,1,False,0.9981,False,none,2,0,0
4,25,0.2185,Employee,112.36,0.0589,3,False,0.9851,False,none,12,0,0
0,-1,0.0,Employee,224.36,0.0675,2,False,0.0,False,none,13,0,0
0,-1,0.6681,Employee,355.682297451479,0.1198,0,False,0.0,False,none,0,0,0
3,46,0.4118,Employee,210.43,0.0697,6,False,0.9145,False,none,8,0,0
3,45,0.1447,Contractor,31.73,0.023,14,False,0.9773,False,none,9,0,0
1,57,0.1592,Employee,86.16,0.0333,0,False,0.9529,False,none,13,0,0
33,0,0.3458,Employee,109.52,0.0392,3,False,0.7146,False,none,14,1,1
4,56,0.5033,Contractor,73.38,0.0581,11,False,0.8668,True,low,13,1,0
17,1,0.2219,Contractor,28.96,0.028,2,False,0.6925,False,none,19,1,1
3,17,4.7689,Employee,1661.52,0.4815,6,False,0.4,True,high,206,7,1
0,-1,0.0,Manager,266.9940349043009,0.0263,1,True,0.0,False,none,1,0,0
1,72,0.9077,Employee,447.59,0.1338,476,False,0.7787,True,medium,78,4,1
1,8,0.26,Employee,124.23,0.0363,1,False,0.9898,False,none,14,0,0
3,1,0.2029,Executive,871.02,0.0159,4,False,0.9258,False,none,14,0,0
2,24,0.1606,Director,433.78,0.0256,18,False,0.928,False,none,4,0,0
1,48,0.3662,Employee,268.11,0.1134,1,False,0.8586,False,none,14,0,0
2,7,0.3434,Director,713.59,0.034,1,False,0.9145,True,low,35,1,0
2,22,0.5955,Employee,345.45711884567237,0.1048,1,False,0.8633,False,none,8,0,0
2,56,0.2164,Employee,102.73,0.0405,0,True,0.8567,False,none,12,0,0
1,36,0.1697,Employee,95.53,0.036,8,False,0.956,False,none,0,0,0
0,-1,0.6449,Employee,388.93,0.1481,4,False,0.0,False,none,15,0,0
1,32,0.1248,Manager,161.43,0.0225,5,False,0.9186,False,none,8,0,0
5,43,0.5254,Employee,117.98571649622522,0.0421,7,False,0.9576,False,none,12,0,0
0,-1,0.3491,Manager,386.64,0.0506,5,False,0.0,False,none,0,0,0
3,15,0.6377,Employee,341.9134457429015,0.0899,0,False,0.8608,False,none,8,0,0
0,-1,0.4433,Manager,398.15,0.0784,4,False,0.0,False,none,0,0,0
3,2,0.633,Employee,303.63,0.088,6,False,0.9168,False,none,7,0,0
2,50,0.764,Director,1595.5050128014443,0.0623,8,False,0.977,False,none,12,0,0
0,-1,0.2696,Manager,247.55,0.0396,5,False,0.0,False,none,2,0,0
0,-1,0.2205,Employee,134.51,0.0426,14,False,0.0,False,none,10,0,0
5,7,1.0743,Manager,1285.46,0.156,1,True,0.4531,True,medium,188,4,1
6,26,0.0168,Manager,21.01,0.0026,4,False,0.8965,False,none,10,0,0
2,56,0.3905,Executive,2061.95,0.0,2,False,0.9536,False,none,13,0,0
1,57,0.6574,Manager,523.9611800336648,0.0598,5,False,0.9678,False,none,11,0,0
3,33,0.3738,Employee,280.87,0.105,4,False,0.9221,False,none,4,0,0
3,21,0.1451,Director,608.37,0.0465,1,False,0.9394,False,none,3,0,0
2,57,0.1953,Employee,100.98,0.029,7,False,0.9812,True,low,10,1,0
2,40,0.1359,Employee,69.69,0.0195,0,False,0.8606,True,low,16,1,0
2,11,8.7169,Employee,3175.21,0.8186,16,False,0.5695,True,high,129,5,1
4,38,0.2278,Manager,281.49,0.0262,7,False,0.9999,False,none,14,0,0
24,2,0.0238,Manager,29.77,0.0031,0,True,0.8614,False,none,13,2,1
6,3,1.4755,Employee,711.21,0.2409,1,True,0.747,True,high,162,2,1
1,19,0.1437,Employee,94.57,0.0347,1,True,0.8908,False,none,4,0,0
2,51,0.4796,Employee,198.7,0.06,8,False,0.9043,True,low,46,1,0
2,120,0.8647,Contractor,163.03,0.2007,457,False,0.6335,True,medium,57,5,1
1,52,0.312,Employee,150.93,0.0426,3,False,0.8645,False,none,9,0,0
2,31,0.1853,Employee,118.83,0.0538,31,False,0.9472,False,none,3,0,0
0,-1,0.5492,Contractor,140.94,0.1226,2,True,0.0,False,none,10,0,0
0,-1,0.4194,Employee,110.58,0.0365,1,False,0.0,False,none,3,0,0
28,2,0.0559,Director,133.83,0.0065,3,False,0.7595,False,none,7,1,1
3,44,0.3652,Employee,172.39,0.0527,3,False,0.8944,True,low,40,1,0
27,0,0.1099,Employee,62.62,0.0,1,True,0.6275,False,none,8,1,1
2,23,0.8132,Employee,275.0579277048561,0.0723,0,False,0.913,False,none,5,0,0
4,55,0.0804,Employee,48.97,0.0136,3,False,0.9973,False,none,15,0,0
1,22,0.4889,Employee,279.09,0.0943,1,False,0.9757,False,none,4,0,0
1,11,0.0,Employee,58.3,0.0186,3,False,0.8785,True,low,48,1,0
2,42,0.2294,Manager,284.39,0.0303,5,False,0.9525,False,none,0,0,0
2,17,6.542,Employee,4088.56,1.7541,8,True,0.2396,True,high,305,8,1
1,16,0.3975,Employee,110.03,0.0427,16,False,0.8593,False,none,6,0,0
2,19,0.3511,Employee,181.29,0.0549,5,False,0.9746,False,none,15,0,0
5,21,7.4435,Manager,8009.89,1.1488,7,False,0.258,True,high,143,6,1
2,41,0.4472,Contractor,91.61,0.0846,1,True,0.879,False,none,6,0,0
2,20,0.1313,Employee,48.95,0.0225,0,False,0.9299,False,none,2,0,0
3,14,0.2383,Employee,126.64,0.0547,2,False,0.8813,True,low,10,1,0
1,39,0.765,Manager,801.018774161469,0.0986,1,True,0.9011,False,none,4,0,0
3,24,0.102,Employee,48.19,0.0159,1,False,0.8891,False,none,0,0,0
3,29,3.7781,Manager,3479.95,0.5674,12,False,0.5508,True,high,218,5,1
24,2,0.2936,Employee,86.88,0.0243,2,True,0.722,False,none,3,2,1
1,57,0.291,Employee,189.47,0.0514,4,True,0.9237,False,none,7,0,0
3,57,0.6318,Contractor,111.35,0.0849,6,False,0.9544,False,none,5,0,0
5,7,1.5701,Employee,763.89,0.2426,1,True,0.7392,True,medium,76,4,1
1,58,0.2989,Contractor,47.48,0.0464,5,True,0.9141,False,none,12,0,0
3,58,0.5665,Employee,193.02,0.0657,0,False,0.9481,False,none,4,0,0
3,15,0.0,Director,324.11888991416856,0.0149,4,False,0.8954,False,none,11,0,0
3,44,0.5691,Manager,707.65,0.0796,1,False,0.9761,False,none,2,0,0
5,50,0.0,Manager,315.07,0.0384,0,True,0.869,True,low,50,1,0
4,7,1.9644,Manager,1447.77,0.2116,1,True,0.5654,True,high,200,5,1
2,36,0.2521,Manager,309.78,0.035,0,True,0.9743,False,none,10,0,0
8,1,1.1296,Manager,1212.99,0.1713,0,True,0.6791,True,medium,191,6,1
4,43,0.5162,Director,1479.44,0.0879,1,False,0.8608,False,none,9,0,0
3,25,0.3065,Director,922.74,0.0647,0,True,0.8527,False,none,7,0,0
3,1,0.222,Employee,121.42,0.0548,4,False,0.8823,False,none,4,0,0
2,1,0.7796,Director,1859.19,0.066,3,True,0.9398,False,none,8,0,0
3,54,0.104,Contractor,22.47,0.0213,1,False,0.9887,False,none,0,0,0
1,23,0.1794,Director,576.32,0.0268,1,False,0.8782,False,none,0,0,0
19,2,0.0286,Director,100.05,0.0102,3,True,0.7979,False,none,14,3,1
0,-1,0.5873,Employee,316.96,0.154,2,False,0.0,False,none,7,0,0
5,3,1.2652,Employee,719.97,0.3683,1,True,0.6595,True,medium,181,2,1
2,33,0.1862,Manager,202.9,0.0241,7,False,0.9884,False,none,1,0,0
4,24,0.3492,Employee,221.7,0.0642,10,True,0.9967,False,none,13,0,0
2,43,0.0,Employee,182.28,0.055,5,False,0.8511,False,none,11,0,0
4,27,0.3447,Employee,169.22,0.0671,4,False,0.9257,False,none,4,0,0
3,24,0.3698,Executive,2019.49,0.0398,1,False,0.8846,True,low,20,1,0
1,31,0.1167,Director,313.12,0.0162,3,False,0.8974,False,none,15,0,0
0,-1,0.0965,Employee,58.03,0.0176,3,False,0.0,False,none,5,0,0
0,-1,0.2054,Employee,82.65,0.0485,1,False,0.0,False,none,13,0,0
0,-1,0.1413,Employee,80.86,0.0487,8,False,0.0,False,none,1,0,0
1,52,0.0982,Executive,569.13,0.0131,6,False,0.9086,False,none,15,0,0
3,41,0.4264,Employee,190.38,0.0657,11,False,0.9623,False,none,4,0,0
2,25,0.2996,Employee,161.82,0.0722,0,True,0.9769,True,low,11,1,0
0,-1,0.5643,Employee,351.64,0.1244,2,False,0.0,False,none,2,0,0
2,9,0.3727,Executive,1581.64,0.0318,3,False,0.9817,False,none,1,0,0
1,26,0.0585,Manager,60.04,0.006,4,False,0.8929,False,none,14,0,0
2,19,0.3675,Employee,254.36,0.0741,11,True,0.9721,False,none,1,0,0
0,-1,0.1603,Contractor,44.47,0.061,8,False,0.0,False,none,5,0,0
8,2,2.088,Manager,1954.66,0.1953,0,True,0.6097,True,high,120,6,1
5,13,0.5702,Employee,260.5229065251396,0.0956,6,False,0.9384,False,none,3,0,0
1,33,0.7596,Employee,363.9870374282979,0.1076,3,False,0.915,True,low,22,1,0
10,10,1.5472,Contractor,299.88,0.3891,0,True,0.7686,True,high,73,5,1
0,-1,0.1091,Employee,40.92,0.0142,1,False,0.0,False,none,3,0,0
5,18,8.8225,Employee,3815.19,1.1916,16,True,0.2717,True,high,280,8,1
5,27,4.8136,Employee,3258.65,1.1506,19,False,0.4728,True,high,288,7,1
3,47,0.416,Employee,207.46,0.0596,13,True,0.9527,False,none,9,0,0
3,11,0.0965,Employee,52.65,0.018,2,False,0.9627,False,none,12,0,0
1,31,0.1326,Contractor,29.39,0.0258,7,False,0.8627,False,none,1,0,0
2,44,0.1493,Employee,72.74,0.0248,0,False,0.8943,True,low,46,1,0
1,35,0.5805,Employee,288.55,0.0934,1,False,0.9119,False,none,12,0,0
2,5,0.3838,Employee,218.89,0.065,2,False,0.9803,False,none,15,0,0
2,6,0.2904,Employee,111.11,0.0488,1,False,0.9037,False,none,6,0,0
1,7,0.1516,Manager,194.93,0.0291,2,False,0.9566,False,none,6,0,0
2,35,0.2212,Director,754.05,0.0375,1,False,0.9008,False,none,6,0,0
4,48,0.4474,Employee,220.49,0.0771,6,False,0.9246,False,none,3,0,0
2,17,0.2437,Manager,233.82,0.0515,3,False,0.9943,False,none,1,0,0
5,32,0.7174,Manager,630.5376267190862,0.0834,1,False,0.8673,False,none,3,0,0
2,25,0.3041,Manager,248.7,0.028,6,False,0.9297,False,none,15,0,0
2,41,0.0304,Manager,35.43,0.0043,0,False,0.9943,False,none,14,0,0
2,16,0.3949,Employee,185.27,0.047,1,True,0.9996,False,none,14,0,0
1,41,0.8328,Director,2415.55,0.1432,9,True,0.987,False,none,9,0,0
0,-1,0.2513,Employee,147.62,0.0425,1,False,0.0,False,none,14,0,0
4,43,0.3357,Employee,123.3,0.0363,8,False,0.8794,False,none,15,0,0
3,46,0.0876,Director,324.02,0.0128,1,False,0.9626,False,none,7,0,0
10,3,1.9743,Manager,1217.42,0.2232,1,True,0.7499,True,medium,62,5,1
0,-1,0.2717,Employee,136.67,0.0378,0,False,0.0,False,none,1,0,0
1,11,0.1071,Employee,56.71,0.0169,7,False,0.9384,False,none,8,0,0
2,43,0.2686,Employee,184.41,0.0572,9,False,0.9405,False,none,9,0,0
1,35,0.6128,Employee,346.52,0.104,1,True,0.9608,True,low,37,1,0
1,36,0.3613,Employee,164.07,0.0512,5,False,0.9346,False,none,6,0,0
3,54,0.5966,Manager,592.6,0.0843,2,False,0.9499,False,none,4,0,0
1,7,0.4721,Manager,639.64,0.0775,0,True,0.9122,False,none,15,0,0
0,-1,0.0479,Contractor,10.35,0.0069,0,False,0.0,False,none,13,0,0
1,39,0.9147,Manager,823.08,0.0887,2,False,0.859,False,none,10,0,0
1,45,0.7202,Manager,521.06,0.0662,0,False,0.9006,False,none,11,0,0
1,4,0.1524,Employee,65.46,0.0226,3,False,0.8715,False,none,0,0,0
1,39,0.2525,Director,901.97,0.0556,3,False,0.9303,False,none,3,0,0
4,45,0.7053,Employee,347.39,0.1467,7,False,0.9329,False,none,8,0,0
1,41,0.0951,Employee,40.11,0.022,3,False,0.9552,False,none,2,0,0
4,14,0.2506,Manager,216.69,0.0263,3,False,0.9976,False,none,14,0,0
0,-1,0.4253,Manager,493.16,0.0452,5,False,0.0,False,none,4,0,0
3,2,0.0,Employee,83.62,0.0189,0,True,0.8622,True,low,13,1,0
3,42,0.2451,Manager,179.11,0.0203,1,False,0.9872,False,none,0,0,0
1,41,0.4705,Contractor,100.61,0.1139,0,False,0.8794,False,none,3,0,0
1,2,0.557,Employee,238.86,0.0998,1,True,0.9876,False,none,2,0,0
2,34,0.5311,Employee,280.64,0.0876,1,False,0.8704,False,none,15,0,0
1,11,0.1216,Employee,77.88,0.0244,6,False,0.9907,False,none,12,0,0
2,19,0.0,Contractor,5193.84,6.0105,8,False,0.2274,True,high,191,6,1
1,21,0.3747,Director,1222.12,0.0397,1,False,0.9225,False,none,13,0,0
3,54,0.5297,Employee,297.28511624126367,0.0879,0,False,0.9543,True,low,18,1,0
5,1,0.3659,Director,1182.66,0.0665,3,True,0.9592,False,none,13,0,0
2,46,0.3558,Employee,152.42,0.0432,0,False,0.9607,False,none,15,0,0
9,3,1.9172,Employee,821.12,0.2021,0,True,0.4474,True,medium,138,3,1
0,-1,0.1068,Manager,119.29,0.0152,2,False,0.0,False,none,15,0,0
7,2,1.7823,Manager,1420.14,0.1541,0,True,0.7053,True,medium,85,2,1
3,54,0.4731,Employee,152.33,0.0508,7,False,0.8635,False,none,4,0,0
1,33,0.6848,Executive,3160.6584782828104,0.0899,10,False,0.9197,False,none,3,0,0
3,46,0.0,Director,321.22016792294613,0.0152,3,False,0.9917,False,none,7,0,0
3,35,0.2043,Employee,128.67,0.0617,6,True,0.9483,False,none,5,0,0
2,37,0.7871,Director,2801.1164767868254,0.2062,5,False,0.974,False,none,7,0,0
4,31,0.0991,Employee,55.59,0.0203,2,False,0.855,True,low,19,1,0
5,6,0.1431,Employee,61.29,0.0296,7,False,0.957,True,low,16,1,0
1,32,0.0,Manager,128.66,0.0145,18,False,0.9845,False,none,3,0,0
2,20,0.0536,Manager,47.33,0.006,3,False,0.9902,False,none,4,0,0
3,11,0.328,Manager,332.69,0.0669,27,False,0.961,False,none,11,0,0
1,34,0.4073,Executive,1932.61,0.038,17,False,0.9543,False,none,8,0,0
9,4,1.6043,Employee,942.53,0.3201,0,True,0.6098,True,medium,66,3,1
6,42,0.1391,Employee,62.45,0.0329,7,False,0.9902,False,none,8,0,0
3,22,0.4473,Contractor,106.99,0.161,0,False,0.9213,False,none,1,0,0
3,25,0.2175,Employee,137.4,0.06,1,False,0.9477,False,none,0,0,0
1,12,0.6663,Employee,245.65,0.0825,0,False,0.8839,False,none,1,0,0
1,1,0.2863,Contractor,49.87,0.0374,2,False,0.9906,False,none,11,0,0
1,13,0.4415,Employee,216.86,0.0654,4,True,0.9519,False,none,10,0,0
4,13,0.6816,Executive,2317.84,0.0511,6,False,0.8726,False,none,8,0,0
1,14,0.3055,Employee,151.29,0.0398,6,False,0.92,False,none,3,0,0
0,-1,0.4792,Contractor,91.67,0.0634,0,False,0.0,False,none,9,0,0
1,30,0.6496,Contractor,137.1919025686841,0.1411,3,False,0.8913,False,none,7,0,0
1,48,0.3623,Contractor,65.73,0.0611,2,False,0.9979,False,none,2,0,0
3,28,0.0722,Employee,30.24,0.0121,1,False,0.8657,False,none,13,0,0
4,3,0.3241,Manager,327.9,0.0399,9,False,0.9602,False,none,5,0,0
1,40,0.5028,Manager,463.97,0.0483,15,False,0.983,False,none,0,0,0
0,-1,0.2062,Director,403.59,0.0567,3,False,0.0,False,none,6,0,0
2,51,0.1479,Manager,122.47,0.0131,0,True,0.9897,False,none,11,0,0
2,31,0.7932,Employee,360.31,0.0811,2,False,0.8549,False,none,6,0,0
0,-1,0.2932,Contractor,53.87,0.0603,0,False,0.0,False,none,15,0,0
1,55,0.275,Manager,142.91,0.0,6,False,0.8801,False,none,11,0,0
4,23,0.1323,Employee,88.44,0.0294,4,False,0.9354,False,none,8,0,0
2,37,0.5382,Director,1163.1711815793938,0.0472,1,False,0.8647,False,none,0,0,0
2,90,0.9846,Employee,431.56,0.1388,218,False,0.5228,True,medium,48,2,1
2,9,0.1044,Employee,68.69,0.0247,28,False,0.9359,False,none,9,0,0
3,20,0.1873,Manager,221.71,0.0275,0,False,0.928,False,none,14,0,0
0,-1,0.5981,Employee,285.36,0.1126,2,False,0.0,False,none,13,0,0
0,-1,0.5206,Employee,241.18,0.0803,1,True,0.0,False,none,15,0,0
5,14,4.0169,Employee,2035.31,0.6204,15,False,0.3706,True,high,210,5,1
3,45,0.3258,Director,975.48,0.0354,1,True,0.925,False,none,4,0,0
1,48,0.4984,Employee,274.94,0.0989,22,False,0.9055,False,none,2,0,0
1,38,0.5052,Executive,2664.02,0.0427,6,False,0.9528,False,none,8,0,0
5,9,0.3974,Manager,453.37,0.0425,1,False,0.8893,False,none,4,0,0
3,15,0.3412,Director,1568.94,0.0769,12,False,0.8837,False,none,6,0,0
2,48,1.0268,Contractor,161.60762930056472,0.1658,1,False,0.9417,False,none,4,0,0
1,41,0.0937,Manager,94.03,0.0141,7,False,0.9682,False,none,10,0,0
1,53,0.0,Executive,401.5013286598034,0.0062,3,False,0.9408,False,none,2,0,0
1,46,0.8311,Employee,388.7915141659559,0.1418,4,False,0.8748,False,none,5,0,0
0,-1,0.4182,Employee,218.89,0.0584,9,False,0.0,False,none,12,0,0
1,37,0.5769,Director,1391.0849298719977,0.0673,1,False,0.9087,False,none,0,0,0
5,10,3.4997,Contractor,850.68,0.9939,14,False,0.3905,True,high,188,6,1
1,112,0.0,Employee,377.47,0.2221,216,True,0.7797,True,medium,62,3,1
1,40,0.1832,Employee,98.53,0.0358,2,False,0.9445,False,none,10,0,0
2,2,1.6639,Employee,771.36,0.19,1,True,0.7112,True,high,146,6,1
3,45,0.1506,Manager,143.27,0.0202,2,False,0.9394,False,none,14,0,0
1,31,0.5622,Employee,287.12,0.1091,4,True,0.895,False,none,11,0,0
0,-1,0.3324,Employee,201.8,0.0628,448,True,0.761,True,medium,30,3,1
2,27,0.2527,Manager,249.49,0.0294,8,False,0.9541,False,none,3,0,0
0,-1,0.1119,Executive,522.61,0.0075,6,False,0.0,False,none,13,0,0
4,55,0.5017,Manager,511.0906947030343,0.0584,6,False,0.9473,False,none,7,0,0
2,22,0.2556,Employee,111.67,0.0341,7,False,0.9566,False,none,0,0,0
0,-1,0.6354,Manager,629.02,0.0682,2,False,0.0,False,none,12,0,0
2,27,7.6586,Employee,4228.14,1.1616,5,True,0.6455,True,high,305,8,1
2,8,2.0255,Director,4759.38,0.2081,1,True,0.6289,True,medium,130,5,1
2,59,0.3816,Employee,186.6,0.0657,3,False,0.9267,False,none,10,0,0
3,36,0.4345,Director,1379.4,0.0678,2,False,0.9381,False,none,4,0,0
3,59,0.5136,Employee,110.10849702480184,0.0544,1,False,0.9864,False,none,7,0,0
2,41,0.5082,Manager,620.4030833085101,0.077,3,True,0.9216,False,none,5,0,0
2,25,0.1877,Director,513.5,0.0313,6,False,0.8758,False,none,3,0,0
6,1,2.6423,Employee,875.86,0.2191,0,True,0.7455,True,high,153,5,1
1,17,0.8048,Manager,1139.6728921473302,0.1166,2,True,0.9559,False,none,2,0,0
2,49,0.6331,Contractor,69.14373422866065,0.0655,2,True,0.9567,False,none,13,0,0
8,10,1.6079,Director,3750.25,0.1935,1,True,0.5412,True,medium,115,4,1
2,17,0.1596,Director,434.43,0.0218,8,False,0.9445,False,none,12,0,0
2,44,0.1824,Director,544.39,0.0363,0,False,0.9258,False,none,15,0,0
2,42,0.0371,Manager,37.88,0.0047,11,False,0.9388,False,none,7,0,0
3,6,0.3772,Director,1019.77,0.0563,1,False,0.9568,False,none,4,0,0
1,47,0.2734,Employee,176.05,0.0476,4,False,0.9662,False,none,0,0,0
2,55,1.039,Manager,937.9677127926485,0.1543,5,False,0.9455,False,none,15,0,0
2,22,0.8251,Employee,368.18,0.1697,2,True,0.9205,False,none,7,0,0
0,-1,0.114,Director,333.72,0.0178,12,False,0.0,False,none,13,0,0
2,48,0.5374,Employee,290.31368896878024,0.0947,4,False,0.9069,False,none,12,0,0
1,24,0.0568,Employee,20.13,0.0064,12,False,0.9234,False,none,14,0,0
4,13,8.1112,Manager,7641.74,0.7418,10,False,0.6171,True,high,227,6,1
2,3,0.0364,Manager,32.81,0.0041,0,False,0.9293,False,none,4,0,0
0,-1,0.3655,Employee,179.92,0.0431,3,False,0.0,False,none,14,0,0
5,54,0.6806,Manager,820.56,0.1223,2,False,0.8768,False,none,1,0,0
0,-1,0.1807,Employee,88.21,0.0,9,False,0.0,False,none,2,0,0
4,25,0.1912,Contractor,47.95,0.06,5,True,0.9469,False,none,13,0,0
1,54,0.2187,Employee,81.01,0.0246,2,False,0.9284,False,none,10,0,0
0,-1,0.5072,Employee,241.39,0.0876,0,False,0.0,False,none,5,0,0
7,58,0.1968,Employee,70.08,0.0379,12,False,0.9795,False,none,2,0,0
1,20,0.0,Employee,130.19,0.0375,1,True,0.9779,True,low,32,1,0
2,5,0.4112,Director,1376.09,0.045,0,True,0.9302,False,none,6,0,0
4,14,7.6371,Employee,3880.18,1.2513,18,False,0.2494,True,high,268,7,1
3,34,0.1687,Employee,73.6,0.0183,25,False,0.8986,False,none,11,0,0
2,19,0.3807,Employee,225.75,0.1217,5,True,0.8721,False,none,6,0,0
1,1,0.4834,Director,1679.54,0.0801,1,True,0.934,True,low,33,1,0
0,-1,0.2767,Employee,109.69,0.0378,12,False,0.0,False,none,7,0,0
1,23,0.3369,Employee,166.05,0.0469,4,False,0.9118,False,none,11,0,0
2,9,0.1756,Employee,77.41,0.0204,1,False,0.9636,False,none,8,0,0
2,19,0.3934,Employee,236.06,0.076,4,False,0.9848,False,none,2,0,0
31,1,0.1234,Manager,147.85,0.0358,5,False,0.8515,False,none,8,1,1
3,36,0.1791,Manager,174.44,0.0254,10,False,0.9964,False,none,9,0,0
3,43,0.2204,Executive,1118.52,0.0178,2,False,0.871,False,none,1,0,0
1,23,0.5605,Executive,1101.2315428722573,0.0248,10,False,0.9569,False,none,13,0,0
1,105,1.6717,Employee,503.22,0.1506,223,False,0.7707,True,medium,65,4,1
0,-1,0.5695,Employee,374.87,0.2126,4,False,0.0,False,none,13,0,0
3,16,0.0,Executive,3906.2,0.1165,13,False,0.612,True,high,223,8,1
2,41,0.2485,Employee,78.14,0.0308,0,False,0.8826,False,none,5,0,0
1,26,0.1347,Manager,132.83,0.024,0,False,0.9179,False,none,15,0,0
2,24,0.5701,Manager,608.36,0.0706,2,False,0.9215,False,none,15,0,0
3,33,0.1056,Employee,57.62,0.0136,2,False,0.896,False,none,9,0,0
3,44,0.0,Manager,191.82,0.0231,5,True,0.9857,False,none,7,0,0
3,7,1.5777,Manager,1700.85,0.1953,0,True,0.6981,True,medium,152,4,1
0,-1,0.1591,Director,547.62,0.0291,6,False,0.0,False,none,12,0,0
1,28,0.1022,Employee,71.14,0.0337,6,False,0.9369,False,none,14,0,0
0,-1,0.0,Manager,117.93,0.0145,4,False,0.0,False,none,7,0,0
19,2,0.0386,Director,148.37,0.0103,1,True,0.8825,False,none,0,1,1
0,-1,0.4006,Executive,1907.97,0.0416,4,True,0.0,True,low,17,1,0
0,-1,0.2982,Employee,125.19,0.0523,1,True,0.0,False,none,0,0,0
1,23,0.414,Employee,190.95,0.05,7,False,0.9754,False,none,12,0,0
4,11,0.1966,Employee,103.09,0.0358,2,False,0.9667,False,none,0,0,0
4,34,0.9516,Director,2543.1673591895933,0.1242,0,False,0.9151,False,none,7,0,0
1,35,0.0575,Employee,23.23,0.0085,4,False,0.9554,False,none,9,0,0
2,27,0.3271,Director,966.57,0.0395,5,False,0.8632,False,none,0,0,0
0,-1,0.4276,Director,1093.43,0.0731,5,True,0.0,False,none,8,0,0
2,67,0.5787,Employee,298.37,0.0838,329,False,0.5697,True,medium,95,5,1
2,16,0.5962,Employee,323.29,0.11,3,False,0.8919,False,none,4,0,0
0,-1,0.5215,Director,1233.29,0.0,3,False,0.0,False,none,12,0,0
2,20,0.0,Employee,7240.65,3.9781,20,False,0.4194,True,high,145,6,1
1,32,0.4672,Manager,518.63,0.0698,0,False,0.9252,False,none,2,0,0
2,46,0.1992,Director,708.71,0.0725,1,False,0.9742,False,none,4,0,0
10,6,1.3472,Contractor,352.59,0.3471,0,True,0.6153,True,high,173,2,1
4,21,0.4391,Director,1476.43,0.0937,5,False,0.9315,False,none,14,0,0
1,6,0.6969,Employee,398.9984995000034,0.1495,6,False,0.9132,False,none,13,0,0
3,14,0.5935,Contractor,144.58,0.1646,13,True,0.9448,True,low,19,1,0
2,6,0.0,Contractor,37.05,0.0287,3,False,0.8851,False,none,1,0,0
2,60,0.4449,Employee,165.05,0.0506,17,False,0.8908,True,low,44,1,0
1,4,0.2795,Employee,105.87,0.0332,2,False,0.9186,False,none,4,0,0
4,11,0.1033,Manager,105.84,0.0107,7,False,0.9341,False,none,10,0,0
1,5,1.4781,Director,3823.83,0.2053,1,True,0.6391,True,medium,194,6,1
3,7,0.235,Executive,1259.96,0.0365,0,False,0.9413,False,none,15,0,0
1,57,0.3336,Contractor,66.75,0.0552,8,False,0.9016,False,none,3,0,0
5,10,2.995,Employee,1067.06,0.3779,1,True,0.6499,True,medium,79,5,1
0,-1,0.3511,Contractor,59.75,0.0735,14,False,0.0,False,none,7,0,0
6,41,0.1195,Contractor,35.45,0.0337,2,False,0.9666,False,none,9,0,0
2,14,0.3638,Employee,92.99,0.0644,9,False,0.9592,False,none,15,0,0
1,20,0.885,Director,2472.77,0.1465,13,False,0.8719,False,none,12,0,0
1,13,0.3128,Employee,171.33,0.0509,4,False,0.867,True,low,27,1,0
1,3,0.0,Employee,348.99,0.0884,7,False,0.996,False,none,9,0,0
4,13,0.6239,Employee,268.98742237599214,0.1136,10,False,0.9284,False,none,0,0,0
2,54,0.6146,Employee,255.07907886824904,0.077,1,False,0.9953,False,none,10,0,0
2,29,0.8082,Employee,433.22,0.0999,1,True,1.0,True,low,40,1,0
3,51,0.507,Employee,190.29,0.06,21,False,0.955,False,none,15,0,0
2,12,0.3452,Employee,210.0,0.0,20,False,0.9492,False,none,0,0,0
2,41,0.1148,Employee,72.45,0.0226,0,False,0.9045,False,none,3,0,0
0,-1,0.6964,Employee,296.47481881222615,0.091,0,False,0.0,False,none,10,0,0
3,9,0.1494,Executive,794.62,0.0174,2,False,0.8833,False,none,14,0,0
2,10,0.2424,Employee,118.07,0.0644,2,False,0.9817,False,none,12,0,0
2,13,0.3718,Employee,188.87,0.0649,1,True,0.8789,False,none,6,0,0
0,-1,0.7207,Employee,225.94,0.0796,6,False,0.0,True,low,22,1,0
0,-1,0.1203,Director,371.08,0.0188,6,False,0.0,False,none,9,0,0
2,36,0.1221,Manager,121.99,0.0169,8,False,0.8784,False,none,1,0,0
1,5,0.1681,Employee,96.73,0.0267,0,False,0.9932,True,low,34,1,0
0,-1,0.5704,Employee,148.35,0.0502,9,True,0.0,False,none,5,0,0
1,48,0.2962,Employee,142.37,0.0341,2,False,0.9138,False,none,5,0,0
1,25,0.1722,Director,513.71,0.0289,1,False,0.9686,False,none,9,0,0
4,23,8.7056,Director,25705.2,1.0064,7,True,0.4446,True,high,314,7,1
2,39,0.1515,Employee,90.75,0.0247,1,False,0.9176,False,none,7,0,0
1,9,1.5253,Employee,724.32,0.236,0,True,0.4083,True,medium,151,5,1
4,46,0.5863,Employee,227.06,0.0889,1,True,0.8658,False,none,10,0,0
2,20,7.8464,Manager,9035.23,1.0296,5,True,0.584,True,high,222,6,1
0,-1,0.2958,Manager,224.74,0.0264,2,False,0.0,False,none,8,0,0
4,34,0.1484,Employee,82.76,0.0189,4,False,0.8868,False,none,15,0,0
1,49,0.1451,Director,489.2,0.0181,10,True,0.9663,True,low,19,1,0
1,43,0.4398,Employee,159.32,0.0399,13,False,0.8551,False,none,3,0,0
3,39,0.1003,Director,263.38,0.0171,0,False,0.9492,True,low,37,1,0
3,38,0.4593,Contractor,64.86,0.0751,7,True,0.955,False,none,5,0,0
3,11,0.2922,Employee,172.05,0.0726,1,False,0.9469,False,none,14,0,0
3,55,0.585,Contractor,135.46,0.1316,5,True,0.8592,True,low,42,1,0
3,18,0.1494,Employee,85.46,0.0271,1,False,0.9892,False,none,11,0,0
4,55,0.2206,Employee,135.43,0.051,0,False,0.9758,False,none,5,0,0
3,4,0.2286,Executive,1318.79,0.0267,7,False,0.9163,False,none,0,0,0
1,50,0.3415,Director,976.37,0.0585,8,True,0.9066,False,none,14,0,0
0,-1,0.7314,Contractor,183.88103773031804,0.1648,0,False,0.0,False,none,13,0,0
3,7,0.2058,Contractor,33.12,0.0278,4,False,0.9316,False,none,12,0,0
0,-1,0.2136,Employee,107.13,0.0335,8,False,0.0,False,none,11,0,0
8,8,1.3269,Manager,1694.24,0.2159,0,True,0.6478,True,high,115,4,1
1,21,0.5077,Employee,114.62,0.0372,10,False,0.9777,False,none,15,0,0
4,5,0.858,Employee,435.14577232192175,0.1346,2,False,0.9146,False,none,1,0,0
5,9,0.9161,Director,2761.11,0.1369,0,True,0.4895,True,high,158,5,1
4,5,1.6645,Employee,711.29,0.1925,0,True,0.4649,True,medium,98,4,1
1,29,0.2889,Employee,73.51,0.0186,1,True,0.9653,False,none,1,0,0
3,33,0.0,Manager,330.07,0.0455,9,False,0.8614,False,none,4,0,0
3,32,0.0889,Manager,116.74,0.015,4,False,0.8822,False,none,4,0,0
3,16,0.0799,Contractor,16.5,0.0152,3,True,0.8732,False,none,8,0,0
0,-1,0.0415,Contractor,9.74,0.0109,2,False,0.0,False,none,2,0,0
3,55,0.1114,Employee,51.7,0.0139,0,False,0.8724,False,none,2,0,0
2,57,0.1198,Employee,51.3,0.0155,0,False,0.9818,False,none,3,0,0
0,-1,0.7269,Employee,339.09,0.112,5,True,0.0,False,none,6,0,0
5,44,0.482,Contractor,148.59,0.1072,12,False,0.9647,False,none,15,0,0
1,44,0.4385,Employee,211.85,0.0666,1,False,0.8859,False,none,15,0,0
2,11,0.6635,Employee,237.71,0.062,2,False,0.9843,False,none,9,0,0
3,10,0.1031,Executive,618.7,0.0103,1,True,0.8921,False,none,14,0,0
2,45,0.3691,Employee,144.5,0.0462,1,False,0.9697,False,none,11,0,0
1,59,0.2812,Executive,1558.91,0.0317,7,False,0.9228,False,none,2,0,0
6,7,1.7396,Director,5148.89,0.2134,1,True,0.7383,True,medium,173,5,1
1,114,1.1596,Manager,1024.86,0.1079,341,True,0.7717,True,medium,100,4,1
3,37,0.2113,Employee,95.44,0.0317,10,False,0.8836,False,none,14,0,0
3,36,0.2643,Employee,138.97,0.041,6,False,0.8796,False,none,13,0,0
2,48,1.0384,Manager,642.7455342591256,0.0782,0,False,0.9183,False,none,4,0,0
2,54,0.677,Employee,244.31389363807745,0.0761,1,False,0.9858,False,none,1,0,0
1,5,1.1264,Employee,644.2,0.185,0,True,0.5058,True,medium,92,3,1
3,60,0.5656,Director,1131.03,0.055,3,False,0.9152,False,none,12,0,0
4,55,0.2507,Executive,1735.51,0.036,4,False,0.9631,False,none,0,0,0
6,9,1.1453,Employee,623.78,0.1842,1,True,0.6017,True,high,149,5,1
1,44,0.6126,Manager,410.5476889275119,0.0672,15,True,0.9454,False,none,11,0,0
1,42,0.8669,Employee,337.559429577717,0.117,2,False,0.8826,False,none,13,0,0
4,18,0.3445,Director,1121.75,0.0486,2,True,0.8845,False,none,2,0,0
0,-1,0.0931,Executive,318.03,0.0048,0,False,0.0,True,low,42,1,0
0,-1,0.2707,Contractor,39.24,0.0374,1,False,0.0,False,none,4,0,0
2,24,0.3421,Employee,144.28,0.0452,4,True,0.8658,False,none,11,0,0
3,40,0.0588,Employee,34.63,0.01,3,False,0.8991,True,low,11,1,0
3,49,0.2296,Director,930.75,0.0561,3,False,0.8548,False,none,7,0,0
1,15,0.6907,Contractor,120.40026380904892,0.1174,2,False,0.9962,False,none,1,0,0
37,2,0.0269,Director,56.92,0.0,5,False,0.6022,False,none,5,3,1
3,11,0.5791,Manager,660.9,0.1164,7,False,0.8858,False,none,9,0,0
3,22,0.1066,Employee,46.6,0.0162,8,True,0.9829,False,none,11,0,0
2,6,0.1945,Manager,218.98,0.024,4,False,0.8633,False,none,0,0,0
35,2,0.0043,Executive,24.44,0.0005,5,False,0.7629,False,none,9,3,1
2,7,0.39,Employee,173.79,0.0755,2,False,0.8716,False,none,0,0,0
3,7,0.2647,Employee,109.92,0.0461,14,True,0.9417,False,none,9,0,0
1,3,0.5184,Manager,486.0558659836663,0.0705,1,False,0.91,False,none,2,0,0
1,18,0.0,Employee,175.12,0.0602,2,False,0.9855,False,none,6,0,0
38,2,0.052,Employee,24.52,0.0059,2,False,0.6224,False,none,2,3,1
1,56,0.3094,Manager,317.75,0.0406,6,False,0.9991,False,none,2,0,0
3,45,0.243,Manager,304.73,0.0323,1,False,0.8799,False,none,0,0,0
1,33,0.0421,Employee,17.65,0.0049,5,True,0.8944,False,none,13,0,0
2,50,0.3683,Manager,308.99,0.0364,3,False,0.9617,False,none,12,0,0
3,46,0.7789,Director,2470.23,0.1348,2,False,0.9958,False,none,4,0,0
3,34,0.5375,Manager,436.69,0.0568,2,False,0.9788,False,none,1,0,0
2,20,0.6756,Manager,629.9559047100882,0.0714,1,False,0.9032,False,none,5,0,0
3,5,0.428,Manager,422.92,0.0637,4,False,0.9179,False,none,9,0,0
0,-1,0.3608,Employee,210.76,0.077,1,False,0.0,False,none,13,0,0
2,113,0.5888,Director,1570.97,0.0717,252,False,0.7792,True,medium,34,5,1
3,30,0.1585,Employee,62.01,0.0254,4,False,0.8734,False,none,1,0,0
2,43,0.1652,Director,514.99,0.0177,6,False,0.9502,False,none,4,0,0
2,35,0.4463,Employee,210.02,0.0723,3,False,0.9116,False,none,0,0,0
6,36,0.7932,Manager,639.8641703972755,0.1061,6,True,0.952,False,none,13,0,0
0,-1,0.6649,Employee,376.53854875405415,0.0,0,False,0.0,False,none,6,0,0
3,33,0.6692,Employee,545.95,0.1698,4,False,0.8571,False,none,5,0,0
1,58,0.928,Manager,973.4903156334248,0.1452,1,False,0.9647,False,none,10,0,0
4,2,0.8432,Employee,441.7527912909876,0.1545,6,False,0.8933,False,none,2,0,0
2,120,1.0776,Employee,596.28,0.2324,442,False,0.5122,True,medium,68,4,1
40,2,0.3975,Contractor,59.01,0.0529,0,False,0.753,False,none,7,2,1
3,48,0.2606,Executive,1190.45,0.0245,9,False,0.9631,False,none,3,0,0
5,43,0.7906,Employee,283.51869610160077,0.0858,6,False,0.8821,False,none,5,0,0
4,3,0.4104,Employee,232.38,0.0608,11,False,0.9815,False,none,0,0,0
2,8,1.0307,Director,2692.3289027844785,0.1595,15,False,0.8572,False,none,1,0,0
3,7,0.374,Employee,179.42,0.0608,3,False,0.9119,False,none,4,0,0
1,22,6.486,Manager,5558.29,0.6171,16,True,0.3296,True,high,261,4,1
2,40,0.585,Employee,226.09,0.0853,3,False,0.8729,False,none,0,0,0
1,20,0.6881,Employee,299.26,0.0939,13,False,0.9174,False,none,8,0,0
3,16,9.3221,Employee,5101.92,1.9776,12,True,0.3011,True,high,343,3,1
0,-1,0.4694,Employee,180.89,0.0605,0,False,0.0,False,none,14,0,0
2,25,0.0,Manager,300.78,0.0364,1,False,0.9232,False,none,0,0,0
6,44,0.2889,Employee,178.98,0.0784,2,False,0.9447,False,none,0,0,0
3,22,0.2879,Employee,181.61,0.0509,27,False,0.8523,False,none,9,0,0
1,6,0.4944,Director,1223.29,0.0609,0,False,0.9114,False,none,11,0,0
1,50,0.6084,Employee,275.94,0.0623,3,False,0.9786,False,none,7,0,0
3,25,0.6757,Employee,166.95644998113804,0.0522,4,True,0.9219,False,none,7,0,0
2,13,0.0653,Director,221.38,0.0091,9,False,0.8624,False,none,11,0,0
3,19,0.1201,Director,301.23,0.0124,5,False,0.9745,False,none,15,0,0
2,14,0.5944,Director,1602.17,0.0555,2,False,0.8614,False,none,13,0,0
3,50,0.1141,Director,271.41,0.0138,2,False,0.8754,False,none,7,0,0
1,10,0.0,Manager,1374.75,0.148,1,True,0.522,True,medium,81,4,1
1,47,0.0,Director,427.76848920899204,0.0161,20,False,0.9527,False,none,11,0,0
2,49,0.4218,Director,1424.34,0.0729,3,False,0.954,False,none,2,0,0
1,36,0.6178,Employee,202.07,0.093,5,False,0.9358,False,none,14,0,0
3,2,0.5181,Employee,258.57,0.0866,8,False,0.9271,False,none,15,0,0
1,20,0.1536,Employee,90.72,0.0396,0,True,0.9822,False,none,9,0,0
3,52,0.2421,Director,583.35,0.0316,1,False,0.9358,False,none,10,0,0
8,4,1.806,Manager,1806.94,0.2599,0,True,0.6087,True,high,146,3,1
0,-1,0.2112,Manager,265.11,0.0369,0,False,0.0,False,none,1,0,0
4,18,7.2835,Employee,2400.35,0.8303,7,True,0.3605,True,high,329,8,1
1,22,0.8244,Manager,585.0530687777855,0.081,1,False,0.8527,False,none,12,0,0
4,41,0.2697,Employee,158.09,0.055,0,False,0.9342,False,none,6,0,0
3,24,1.0488,Manager,996.1951271515029,0.1199,0,False,0.8716,False,none,14,0,0
35,1,0.0122,Director,41.49,0.0021,5,False,0.7373,False,none,2,3,1
1,15,0.0609,Employee,33.28,0.0231,3,True,0.8503,False,none,2,0,0
3,14,0.7361,Contractor,83.81,0.0956,6,False,0.9725,False,none,7,0,0
4,34,0.6493,Executive,1927.22,0.0421,2,True,0.9887,False,none,4,0,0
5,2,1.9439,Director,5565.83,0.28,1,True,0.7092,True,high,118,5,1
0,-1,0.0832,Employee,45.89,0.0208,1,True,0.0,False,none,3,0,0
3,33,0.3086,Manager,173.36,0.0197,19,False,0.9374,False,none,15,0,0
2,43,0.1841,Employee,82.38,0.0352,5,False,0.916,False,none,12,0,0
28,1,0.2064,Employee,112.11,0.0402,5,False,0.8789,False,none,8,3,1
4,27,9.6473,Director,27361.51,1.6183,5,False,0.418,True,high,344,3,1
3,39,0.6022,Employee,337.0336360390291,0.0936,4,False,0.9985,False,none,7,0,0
3,25,0.4201,Employee,157.17,0.0678,1,False,0.9756,False,none,6,0,0
1,1,0.4482,Employee,211.49,0.0629,1,False,0.9498,False,none,6,0,0
2,39,0.6384,Employee,351.39,0.1562,2,False,0.973,False,none,4,0,0
2,44,0.2184,Contractor,44.46,0.035,1,False,0.8749,False,none,10,0,0
3,23,0.4514,Employee,257.55,0.0643,2,False,0.8606,False,none,10,0,0
0,-1,0.2541,Manager,342.67,0.0774,3,False,0.0,False,none,9,0,0
3,53,0.0738,Employee,33.23,0.01,5,False,0.992,False,none,5,0,0
0,-1,0.2598,Employee,163.16,0.0646,7,False,0.0,False,none,2,0,0
2,19,0.7268,Manager,495.4555303449438,0.075,12,False,0.9149,False,none,1,0,0
1,57,0.2317,Employee,105.68,0.0378,8,False,0.9074,False,none,11,0,0
3,7,1.8272,Employee,791.9,0.2891,0,True,0.5461,True,high,80,5,1
3,57,0.2387,Manager,236.2,0.0295,3,False,0.9493,True,low,46,1,0
1,32,0.3884,Employee,201.92,0.0783,1,False,0.9449,False,none,3,0,0
5,2,0.5783,Employee,279.64,0.0765,15,False,0.8735,False,none,15,0,0
3,15,0.2869,Director,758.0,0.0431,2,True,0.9093,False,none,13,0,0
2,51,0.0,Director,313.3359372531966,0.0134,0,False,0.9214,False,none,3,0,0
4,17,0.2522,Employee,155.32,0.0527,5,False,0.9048,False,none,11,0,0
2,31,0.475,Contractor,83.46,0.0894,0,False,0.9923,False,none,5,0,0
0,-1,0.1224,Employee,56.58,0.0131,0,False,0.0,False,none,0,0,0
3,53,0.3712,Employee,223.47,0.0598,8,False,0.9411,False,none,2,0,0
3,5,0.1218,Director,342.2,0.0156,0,False,0.9636,False,none,1,0,0
2,41,0.3638,Employee,114.08,0.0479,5,False,0.9345,False,none,7,0,0
2,17,0.0348,Employee,19.35,0.006,2,False,0.9777,False,none,12,0,0
3,37,1.0425,Director,3071.32892264413,0.1443,8,True,0.9145,False,none,6,0,0
3,12,0.3506,Employee,130.24,0.0465,4,False,0.9953,False,none,12,0,0
4,10,0.2357,Employee,97.29,0.0385,0,True,0.9201,False,none,11,0,0
1,19,0.593,Employee,295.37,0.0962,5,True,0.916,False,none,12,0,0
2,25,0.0,Employee,197.58,0.0884,3,False,0.915,False,none,2,0,0
2,55,0.9333,Contractor,179.24925127768552,0.1834,3,False,0.9349,False,none,11,0,0
4,2,0.9619,Employee,412.9839722454212,0.1013,6,False,0.9294,False,none,12,0,0
9,7,2.1433,Contractor,364.22,0.4135,0,True,0.7731,True,high,200,2,1
1,4,0.3412,Director,1265.11,0.0386,7,False,0.915,False,none,3,0,0
1,41,0.1702,Employee,56.63,0.0197,7,False,0.9178,True,low,30,1,0
3,25,0.0601,Employee,33.37,0.0127,12,True,0.9629,False,none,14,0,0
2,11,0.2799,Director,816.77,0.0384,6,False,0.8797,False,none,1,0,0
1,54,0.5064,Manager,485.5990411833344,0.0617,1,False,0.9808,True,low,49,1,0
1,57,0.1135,Director,364.81,0.0213,0,True,0.8891,False,none,11,0,0
0,-1,0.2501,Director,639.61,0.0343,0,True,0.0,False,none,4,0,0
1,6,0.2289,Manager,270.25,0.026,0,False,0.9794,False,none,5,0,0
5,18,0.4942,Employee,276.34,0.1168,5,True,0.8606,False,none,2,0,0
4,30,2.9648,Employee,1053.48,0.3423,12,True,0.6745,True,high,155,7,1
1,22,0.9186,Director,2503.43,0.1722,3,False,0.9853,False,none,10,0,0
2,20,0.452,Manager,424.36,0.0407,0,False,0.8997,False,none,15,0,0
0,-1,0.1065,Employee,63.72,0.026,0,False,0.0,True,low,19,1,0
5,56,0.2746,Director,1218.43,0.0708,13,True,0.8522,False,none,12,0,0
2,14,0.7054,Employee,402.98,0.1258,0,True,0.8763,False,none,7,0,0
3,12,0.7067,Employee,334.6302918967607,0.0989,9,False,0.911,False,none,14,0,0
2,35,0.1481,Contractor,36.7,0.0527,3,False,0.9383,False,none,6,0,0
1,33,0.3692,Employee,155.01,0.0686,0,True,0.928,False,none,2,0,0
1,48,0.3307,Employee,133.26,0.0482,6,False,0.998,False,none,7,0,0
1,19,0.3711,Employee,160.67,0.0618,2,False,0.9666,False,none,11,0,0
1,51,0.3634,Manager,443.07,0.0611,0,False,0.8552,False,none,0,0,0
0,-1,0.6822,Manager,721.67,0.0991,1,False,0.0,False,none,14,0,0
3,31,0.285,Manager,340.04,0.0503,2,False,0.9309,False,none,13,0,0
3,1,0.3517,Employee,138.99,0.0497,11,False,0.9918,False,none,7,0,0
1,18,0.6421,Employee,266.21,0.1173,17,False,0.9128,False,none,1,0,0
0,-1,0.0,Employee,145.55,0.041,0,False,0.0,False,none,11,0,0
2,28,0.3102,Employee,151.73,0.063,4,False,0.9459,False,none,9,0,0
0,-1,0.9275,Employee,438.083984532845,0.1137,8,False,0.0,False,none,5,0,0
1,114,1.0677,Manager,1047.12,0.1271,381,False,0.6197,True,medium,66,3,1
1,12,0.3683,Director,1105.56,0.0762,14,False,0.9639,False,none,0,0,0
2,36,0.2413,Director,668.08,0.0262,7,False,0.9282,False,none,2,0,0
4,9,0.0,Director,453.03895442767805,0.026,12,False,0.9335,False,none,1,0,0
1,25,0.2322,Employee,96.86,0.0323,6,False,0.9191,False,none,5,0,0
2,54,0.142,Employee,88.61,0.0424,5,False,0.9457,False,none,2,0,0
0,-1,0.5745,Employee,253.38681905716882,0.0808,5,False,0.0,False,none,9,0,0
0,-1,0.372,Employee,212.94,0.0648,5,True,0.0,False,none,3,0,0
2,8,0.0851,Employee,38.76,0.0103,2,False,0.8663,False,none,15,0,0
2,7,0.151,Executive,801.57,0.0202,5,False,0.8998,False,none,7,0,0
0,-1,0.3891,Manager,340.91,0.0466,5,False,0.0,False,none,6,0,0
1,56,0.1665,Contractor,36.85,0.0321,12,False,0.8525,False,none,0,0,0
3,22,0.1207,Employee,54.56,0.0191,1,False,0.9594,False,none,6,0,0
0,-1,0.8929,Employee,464.55,0.1626,333,False,0.6716,True,medium,91,3,1
0,-1,0.8197,Employee,345.48,0.0983,265,False,0.676,True,medium,79,4,1
2,7,0.0868,Employee,41.03,0.024,7,False,0.9669,False,none,8,0,0
3,6,0.7594,Employee,230.73,0.0879,0,True,0.9178,False,none,13,0,0
4,7,0.0,Employee,113.57,0.0498,1,False,0.9242,False,none,1,0,0
3,39,0.0666,Director,121.88,0.0054,1,False,0.8729,False,none,7,0,0
2,55,0.0846,Manager,94.84,0.0088,2,False,0.9983,False,none,12,0,0
2,40,0.9749,Employee,481.0635446186785,0.2786,3,True,0.9585,False,none,7,0,0
1,54,0.0,Manager,254.09,0.0342,1,False,0.9511,False,none,2,0,0
2,33,0.1101,Contractor,24.06,0.024,0,True,0.9393,False,none,9,0,0
2,61,0.4733,Employee,281.87,0.0926,456,True,0.6862,True,medium,42,3,1
1,42,0.0,Employee,267.0286983976359,0.0755,21,False,0.8669,False,none,10,0,0
1,17,0.4119,Manager,288.58,0.0374,1,False,0.8991,False,none,2,0,0
1,26,0.1689,Manager,192.02,0.0276,5,False,0.8973,False,none,15,0,0
4,17,0.1756,Director,594.1,0.033,7,False,0.9704,True,low,24,1,0
1,98,0.4744,Executive,2755.45,0.0688,483,True,0.6456,True,medium,84,5,1
1,23,0.2619,Employee,122.19,0.0526,0,False,0.8994,False,none,10,0,0
1,39,0.3588,Employee,158.17,0.0431,1,False,0.8513,False,none,4,0,0
27,1,0.2509,Employee,127.63,0.0347,2,False,0.842,False,none,13,3,1
3,34,0.1577,Executive,851.29,0.0198,2,False,0.9867,False,none,5,0,0
0,-1,0.5108,Employee,228.78759049223723,0.1588,5,False,0.0,False,none,1,0,0
3,43,0.1942,Manager,190.88,0.0217,11,False,0.9185,False,none,5,0,0
5,8,0.2205,Employee,108.15,0.0364,7,False,0.9994,False,none,8,0,0
2,17,0.0618,Manager,60.63,0.0089,0,False,0.865,False,none,1,0,0
3,44,0.2907,Manager,312.41,0.0417,6,True,0.909,False,none,1,0,0
0,-1,0.6367,Contractor,118.85321716923349,0.1335,3,False,0.0,False,none,5,0,0
1,60,0.1208,Employee,56.38,0.0211,2,False,0.8771,False,none,12,0,0
1,34,0.4271,Manager,307.38,0.0293,7,True,0.9136,False,none,12,0,0
3,1,0.2284,Manager,300.12,0.0338,0,False,0.8518,False,none,2,0,0
1,27,0.2956,Director,1084.67,0.0537,1,False,0.9021,False,none,2,0,0
3,13,0.4642,Director,1700.8,0.0714,10,False,0.8652,False,none,7,0,0
4,24,7.1767,Manager,8769.51,1.1781,6,False,0.6096,True,high,282,5,1
1,16,0.5461,Manager,597.95,0.0668,1,False,0.8541,False,none,13,0,0
4,8,0.5465,Manager,496.22,0.0682,2,False,0.8969,False,none,6,0,0
2,19,0.2408,Employee,112.27,0.0325,0,False,0.9865,False,none,0,0,0
0,-1,0.6956,Manager,978.56,0.1933,9,True,0.0,False,none,6,0,0
0,-1,0.2388,Director,699.13,0.0661,8,False,0.0,False,none,7,0,0
0,-1,0.2982,Employee,72.38,0.0194,3,True,0.0,False,none,11,0,0
2,36,0.226,Director,650.75,0.028,3,False,0.8992,False,none,3,0,0
5,4,0.1519,Employee,84.42,0.0278,2,False,0.9002,False,none,15,0,0
1,56,0.9059,Employee,476.6384023987707,0.1164,4,True,0.9301,True,low,32,1,0
1,5,0.991,Manager,1121.4,0.1116,1,True,0.451,True,medium,113,4,1
0,-1,0.1774,Manager,177.09,0.0214,7,False,0.0,False,none,3,0,0
2,6,0.1743,Manager,151.26,0.0,2,False,0.9076,False,none,7,0,0
2,52,0.0629,Manager,56.14,0.0072,0,True,0.8607,False,none,5,0,0
1,27,0.2121,Director,484.46,0.026,1,False,0.8556,False,none,7,0,0
2,34,0.0585,Employee,36.8,0.011,7,False,0.9008,False,none,14,0,0
3,3,0.1732,Manager,249.89,0.0396,2,False,0.8826,False,none,1,0,0
5,31,0.6911,Employee,264.6737674128654,0.0814,15,False,0.9496,False,none,15,0,0
1,3,0.5984,Manager,418.77246442701824,0.0501,2,False,0.874,False,none,1,0,0
5,9,0.889,Employee,397.2066219769258,0.142,0,False,0.9925,False,none,8,0,0
0,-1,0.1492,Executive,704.56,0.014,10,False,0.0,False,none,4,0,0
2,57,0.7146,Employee,351.4792972769973,0.092,2,False,0.9152,False,none,2,0,0
3,24,0.3894,Employee,145.52,0.0453,2,False,0.9483,False,none,3,0,0
2,69,0.9425,Contractor,123.62,0.1438,364,True,0.6272,True,medium,70,2,1
3,7,0.3902,Employee,204.76,0.0772,9,False,0.9447,False,none,3,0,0
2,41,0.3498,Employee,106.81,0.0289,0,True,0.9641,False,none,14,0,0
2,4,0.0965,Employee,58.71,0.0192,0,True,0.9167,False,none,4,0,0
3,29,0.294,Manager,270.28,0.0339,6,True,0.9843,False,none,10,0,0
1,24,0.0852,Employee,51.76,0.0165,16,False,0.8576,False,none,1,0,0
1,39,0.5839,Manager,573.25,0.0595,3,True,0.9686,False,none,5,0,0
8,2,2.3608,Employee,895.61,0.263,1,True,0.5316,True,medium,57,2,1
1,20,0.1618,Manager,179.48,0.0271,1,False,0.8883,True,low,40,1,0
1,32,0.1991,Contractor,53.39,0.0655,3,False,0.8834,False,none,2,0,0
18,0,0.2496,Employee,137.09,0.0495,1,True,0.7659,False,none,5,2,1
1,14,0.1195,Executive,691.98,0.0137,11,False,0.8991,False,none,7,0,0
2,36,0.0,Director,504.51142106724035,0.0378,1,False,0.9281,False,none,1,0,0
3,9,1.8849,Employee,940.28,0.463,0,True,0.7031,True,medium,126,6,1
5,28,9.7174,Manager,11813.56,1.281,7,False,0.2939,True,high,299,3,1
10,9,1.6564,Manager,1760.69,0.2894,1,True,0.5765,True,high,181,2,1
2,13,0.2321,Director,1003.2,0.049,5,False,0.9658,False,none,12,0,0
1,60,0.5428,Contractor,84.64,0.0858,3,False,0.9847,False,none,9,0,0
2,1,0.5891,Manager,640.8098829507544,0.1024,6,False,0.9127,False,none,6,0,0
2,14,0.1667,Employee,88.48,0.0265,5,True,0.9443,False,none,14,0,0
1,13,2.5538,Manager,2254.42,0.2972,6,True,0.3639,True,high,327,8,1
4,4,1.7749,Employee,701.13,0.2064,1,True,0.4289,True,high,52,3,1
1,18,0.3069,Employee,147.85,0.055,0,False,0.9079,False,none,4,0,0
0,-1,0.3058,Employee,173.65,0.0554,3,False,0.0,False,none,12,0,0
3,29,0.1705,Employee,53.88,0.0125,2,True,0.9301,False,none,11,0,0
3,40,0.3681,Employee,200.0,0.0648,4,True,0.9415,False,none,14,0,0
1,20,0.2679,Contractor,63.6,0.0442,4,False,0.8956,False,none,3,0,0
0,-1,0.5288,Employee,253.53,0.1143,0,False,0.0,False,none,11,0,0
0,-1,0.835,Employee,441.89,0.1321,2,False,0.0,False,none,11,0,0
0,-1,0.6616,Employee,368.27,0.1156,389,False,0.5221,True,medium,54,2,1
3,18,0.7461,Employee,297.62,0.0929,5,False,0.9037,False,none,10,0,0
39,0,0.0321,Employee,20.78,0.0065,0,False,0.7715,False,none,11,1,1
4,3,0.2868,Employee,182.86,0.0603,9,True,0.9302,False,none,2,0,0
3,36,0.3508,Employee,189.38,0.0397,1,False,0.9893,False,none,10,0,0
2,48,0.7448,Employee,269.0167713810898,0.0968,2,False,0.9946,True,low,23,1,0
1,28,0.8456,Employee,403.91272056722016,0.2012,3,True,0.8577,False,none,8,0,0
0,-1,0.4499,Manager,387.02,0.0575,1,True,0.0,False,none,2,0,0
2,43,0.2881,Manager,312.64,0.0455,1,False,0.9334,False,none,10,0,0
31,0,0.1767,Contractor,41.48,0.0451,1,True,0.6858,False,none,5,1,1
1,7,0.515,Employee,292.11,0.0725,2,False,0.9731,False,none,3,0,0
2,57,0.2909,Employee,110.48,0.0345,11,False,0.9795,False,none,14,0,0
1,39,0.236,Manager,228.06,0.0,0,False,0.9522,False,none,10,0,0
1,113,0.6394,Director,2491.83,0.1272,406,True,0.5053,True,medium,86,3,1
2,31,0.2467,Employee,145.84,0.0369,2,False,0.9514,False,none,3,0,0
2,35,0.2108,Manager,303.01,0.0309,2,False,0.879,False,none,12,0,0
2,57,0.0707,Manager,79.89,0.0117,4,True,0.91,False,none,14,0,0
5,15,3.2986,Manager,2483.48,0.3445,8,True,0.2371,True,high,163,4,1
2,19,0.2889,Manager,335.52,0.0353,5,False,0.9943,False,none,4,0,0
4,52,0.0986,Executive,590.17,0.0108,2,False,0.9475,False,none,6,0,0
1,7,0.7262,Manager,758.982155084207,0.0838,1,False,0.9401,False,none,6,0,0
2,45,0.0498,Contractor,11.26,0.0119,1,False,0.9431,False,none,13,0,0
1,7,0.6622,Employee,305.8,0.1793,9,False,0.9837,False,none,12,0,0
2,36,0.4785,Employee,151.18,0.0391,0,False,0.8875,True,low,42,1,0
2,25,0.3459,Manager,310.11,0.0432,0,True,0.9617,False,none,11,0,0
3,42,0.655,Manager,478.5766850534147,0.0623,5,False,0.8571,False,none,10,0,0
0,-1,0.3473,Employee,139.97,0.0499,7,True,0.0,False,none,5,0,0
1,27,0.0,Employee,420.7124749653266,0.1057,4,True,0.8569,False,none,13,0,0
0,-1,0.0608,Employee,28.0,0.0082,4,False,0.0,False,none,7,0,0
1,62,0.9526,Employee,391.61,0.1439,346,True,0.7074,True,medium,80,2,1
1,17,0.2623,Contractor,52.21,0.0451,4,True,0.947,False,none,0,0,0
1,36,0.2728,Employee,121.9,0.0508,5,False,0.8988,True,low,23,1,0
0,-1,0.1473,Employee,81.35,0.0333,0,True,0.0,False,none,1,0,0
9,3,1.6353,Manager,1608.89,0.1849,0,True,0.7754,True,high,119,5,1
1,30,0.5179,Manager,487.83493835711573,0.0541,1,False,0.9036,False,none,11,0,0
5,25,5.1563,Manager,5481.03,0.8077,8,True,0.2683,True,high,350,4,1
2,38,0.1065,Employee,58.98,0.0189,5,False,0.854,False,none,2,0,0
3,21,0.1909,Executive,720.08,0.0124,4,False,0.8556,False,none,2,0,0
2,47,0.5275,Employee,179.56,0.0636,0,False,0.8986,False,none,15,0,0
3,40,0.0518,Employee,24.39,0.0101,10,False,0.9364,False,none,11,0,0
1,37,0.2549,Director,667.91,0.0222,4,False,0.8774,True,low,40,1,0
3,31,0.1287,Director,399.76,0.0215,1,False,0.8816,False,none,13,0,0
2,41,0.1721,Employee,68.33,0.0158,6,False,0.8585,False,none,7,0,0
1,33,0.5315,Employee,319.46196796634644,0.1215,7,True,0.9061,True,low,35,1,0
4,18,0.326,Employee,136.66,0.051,12,False,0.9309,False,none,3,0,0
1,4,0.5833,Executive,3301.8278607073435,0.0592,2,False,0.8775,False,none,2,0,0
4,47,0.0,Director,290.39504060755667,0.0127,3,False,0.9777,False,none,5,0,0
4,57,0.5651,Employee,274.3781107411438,0.0738,10,True,0.9676,False,none,6,0,0
0,-1,0.831,Executive,3468.86,0.0568,333,False,0.7486,True,medium,63,4,1
5,28,0.3437,Contractor,71.39,0.063,2,True,0.934,True,low,31,1,0
3,7,0.5101,Employee,135.57084225097384,0.0502,3,False,0.8961,False,none,0,0,0
3,6,0.3221,Director,1023.63,0.0511,3,True,0.9677,True,low,41,1,0
1,3,0.7525,Manager,1024.8706753243534,0.1537,3,False,0.9027,False,none,4,0,0
2,27,0.1991,Employee,50.79,0.021,0,True,0.9047,False,none,9,0,0
0,-1,0.63,Employee,254.71,0.0867,0,False,0.0,False,none,10,0,0
4,15,0.1169,Manager,130.05,0.0264,3,False,0.884,False,none,5,0,0
4,46,0.1881,Employee,114.9,0.0573,0,False,0.8773,False,none,15,0,0
1,25,0.0459,Manager,45.02,0.0057,1,False,0.9411,True,low,45,1,0
1,36,0.246,Employee,115.32,0.0506,2,False,0.9411,False,none,10,0,0
3,37,0.1733,Manager,166.84,0.0176,4,False,0.919,False,none,7,0,0
1,4,0.286,Manager,280.23,0.0439,2,False,0.9957,False,none,5,0,0
2,55,0.1474,Manager,116.53,0.0115,2,True,0.9166,False,none,12,0,0
1,22,0.3192,Executive,1222.43,0.0223,19,False,0.9944,False,none,11,0,0
3,60,0.1689,Contractor,39.23,0.0465,2,True,0.9325,False,none,4,0,0
0,-1,0.0597,Manager,84.83,0.0122,0,False,0.0,False,none,15,0,0
19,2,0.0793,Employee,22.65,0.0054,5,False,0.768,False,none,10,3,1
2,11,0.1103,Employee,50.39,0.0201,26,False,0.9765,False,none,12,0,0
3,42,0.0,Employee,55.0,0.0192,9,False,0.8696,False,none,1,0,0
4,8,0.4011,Contractor,77.03,0.1042,2,False,0.8538,False,none,3,0,0
0,-1,0.0,Manager,274.61691211628596,0.0337,0,False,0.0,False,none,1,0,0
1,20,0.1107,Manager,125.61,0.0144,1,False,0.9712,False,none,8,0,0
1,25,0.0824,Manager,98.11,0.0095,2,False,0.8927,False,none,12,0,0
0,-1,0.3638,Contractor,101.54,0.1115,11,False,0.0,False,none,15,0,0
1,60,0.6775,Director,2489.74,0.1078,406,True,0.7823,True,medium,31,5,1
2,92,0.7607,Employee,377.53,0.1136,420,True,0.525,True,medium,35,4,1
4,24,0.2344,Employee,133.51,0.0469,11,False,0.8754,False,none,5,0,0
5,10,2.0973,Employee,786.42,0.2539,0,True,0.6377,True,medium,74,2,1
0,-1,0.5541,Employee,340.2283651305761,0.0988,0,False,0.0,False,none,7,0,0
0,-1,0.488,Manager,390.05,0.0609,2,False,0.0,False,none,11,0,0
0,-1,0.327,Employee,200.55,0.0984,2,False,0.0,False,none,5,0,0
2,17,0.2542,Employee,150.11,0.0509,1,False,0.8728,False,none,13,0,0
1,5,0.0,Employee,219.66,0.0621,4,False,0.9394,True,low,10,1,0
4,47,0.4409,Employee,172.35,0.0639,3,True,0.9198,False,none,8,0,0
4,33,0.4507,Manager,408.54,0.0628,1,True,0.9873,False,none,14,0,0
2,1,0.2575,Employee,107.09,0.0296,11,False,0.903,False,none,5,0,0
3,28,6.4223,Employee,4108.57,2.879,16,True,0.5525,True,high,339,4,1
5,4,0.3104,Employee,160.84,0.0458,6,False,0.9678,True,low,19,1,0
4,41,0.0954,Employee,49.7,0.0142,9,True,0.94,False,none,15,0,0
1,59,0.305,Contractor,47.73,0.0431,16,False,0.9964,False,none,6,0,0
1,19,0.3023,Employee,171.22,0.0541,4,False,0.8981,True,low,10,1,0
0,-1,0.0361,Manager,49.12,0.0063,3,True,0.0,False,none,5,0,0
4,27,0.2181,Employee,129.39,0.0448,26,True,0.8897,False,none,12,0,0
4,19,0.9347,Employee,491.6915771540754,0.173,10,True,0.8914,False,none,14,0,0
0,-1,0.7478,Manager,873.88,0.118,202,False,0.7343,True,medium,86,2,1
2,42,0.5839,Employee,414.37,0.1327,4,False,0.8729,False,none,14,0,0
2,57,0.5469,Employee,338.5998927446522,0.1014,6,False,0.942,False,none,7,0,0
0,-1,0.3443,Manager,351.95,0.0326,9,True,0.0,False,none,3,0,0
2,50,0.367,Employee,245.51,0.0887,2,False,0.965,False,none,14,0,0
2,7,0.1972,Director,536.29,0.0293,6,False,0.9136,False,none,12,0,0
0,-1,0.0663,Manager,57.14,0.0081,6,False,0.0,False,none,6,0,0
3,27,0.1443,Contractor,37.35,0.0516,4,True,0.8561,False,none,15,0,0
0,-1,0.0814,Employee,39.93,0.0149,7,False,0.0,False,none,7,0,0
40,0,0.0244,Director,61.74,0.0032,0,False,0.7156,False,none,2,3,1
2,8,0.3462,Manager,459.58,0.0383,12,False,0.8514,False,none,8,0,0
4,7,0.238,Director,491.77,0.0197,19,False,0.8925,False,none,4,0,0
2,7,0.1716,Employee,103.34,0.0272,11,False,0.9954,False,none,3,0,0
0,-1,0.8147,Director,2133.85,0.1131,382,True,0.7069,True,medium,77,5,1
2,46,0.5656,Manager,615.11,0.0886,0,False,0.9657,False,none,14,0,0
0,-1,0.3373,Contractor,62.37,0.0525,4,True,0.0,False,none,5,0,0
0,-1,0.4425,Employee,228.7,0.0871,2,False,0.0,True,low,10,1,0
1,58,0.2082,Employee,97.11,0.0293,6,True,0.9159,False,none,6,0,0
2,19,0.9036,Employee,437.5421063883739,0.1152,14,False,0.9136,False,none,15,0,0
4,54,0.1515,Manager,110.06,0.0155,5,False,0.9008,False,none,3,0,0
3,11,0.309,Director,1393.99,0.0562,6,False,0.9053,False,none,5,0,0
1,23,0.3045,Employee,87.18,0.0273,0,False,0.8815,False,none,1,0,0
2,1,0.7696,Employee,240.03,0.0678,1,False,0.9455,True,low,28,1,0
1,54,0.2597,Employee,130.12,0.066,0,False,0.9953,False,none,12,0,0
2,12,4.6422,Manager,3540.77,0.5568,17,False,0.3844,True,high,107,8,1
0,-1,0.4979,Director,1430.39,0.0525,5,True,0.0,False,none,5,0,0
1,49,0.2551,Employee,83.77,0.0307,15,False,0.9099,False,none,0,0,0
1,17,0.292,Employee,111.32,0.0458,9,False,0.8695,True,low,21,1,0
1,18,0.4177,Employee,161.1,0.0,7,True,0.9448,False,none,4,0,0
0,-1,0.8447,Director,2437.99,0.1532,2,False,0.0,False,none,12,0,0
2,7,0.4973,Director,1652.94,0.0821,5,False,0.8686,False,none,7,0,0
3,28,4.1059,Employee,1231.35,0.3234,20,False,0.4381,True,high,253,7,1
1,29,0.556,Manager,349.0973044689681,0.033,2,False,0.9748,False,none,8,0,0
2,4,0.4888,Employee,242.64,0.1273,10,False,0.9703,True,low,27,1,0
3,1,1.6969,Executive,7897.04,0.2924,1,True,0.5543,True,high,51,2,1
0,-1,0.4896,Manager,387.94,0.0443,8,True,0.0,False,none,7,0,0
5,26,0.0727,Employee,33.99,0.0117,3,False,0.8577,False,none,10,0,0
0,-1,0.0,Employee,63.88,0.0299,0,False,0.0,False,none,11,0,0
1,9,0.2971,Employee,126.33,0.0433,2,False,0.9132,False,none,0,0,0
1,96,1.2266,Manager,779.28,0.0835,331,True,0.5843,True,medium,99,5,1
2,12,0.1534,Employee,81.23,0.0335,7,False,0.852,False,none,3,0,0
1,28,0.3841,Employee,177.96,0.0621,1,False,0.995,False,none,12,0,0
1,29,0.5161,Director,1720.5040164836998,0.0994,3,False,0.9269,True,low,29,1,0
3,24,0.2627,Employee,163.0,0.0501,0,False,0.8893,False,none,9,0,0
1,57,0.3786,Manager,269.83,0.0295,5,False,0.9982,False,none,5,0,0
32,2,0.0,Manager,49.88,0.0054,4,False,0.7848,False,none,20,2,1
1,1,0.1443,Employee,51.99,0.0239,0,False,0.901,False,none,8,0,0
2,31,0.2202,Employee,121.84,0.057,1,True,0.9281,False,none,15,0,0
1,13,0.5812,Manager,489.1975169279861,0.0709,6,False,0.9732,True,low,50,1,0
4,3,1.576,Manager,1700.99,0.2547,0,True,0.6217,True,high,100,2,1
1,31,0.0,Employee,117.51,0.0329,2,False,0.9485,False,none,0,0,0
2,23,0.2022,Employee,101.59,0.031,2,False,0.8727,False,none,4,0,0
2,55,0.9395,Employee,494.3763449662027,0.167,2,False,0.9533,False,none,0,0,0
2,49,0.5583,Employee,267.5005672243834,0.0938,1,True,0.9479,True,low,11,1,0
0,-1,0.3287,Manager,325.87,0.075,2,False,0.0,False,none,6,0,0
0,-1,0.6921,Employee,337.35,0.1102,10,False,0.0,False,none,8,0,0
1,11,0.9458,Employee,533.6889345040821,0.1669,14,True,0.9283,True,low,47,1,0
4,24,0.0952,Manager,99.54,0.0108,1,False,0.9058,False,none,10,0,0
2,54,0.5104,Employee,274.3905364028087,0.0865,2,False,0.9307,True,low,27,1,0
2,4,0.5269,Director,1093.5620017742883,0.0502,19,False,0.8618,False,none,1,0,0
4,11,9.3126,Employee,4848.41,1.4544,20,True,0.2951,True,high,194,4,1
2,25,0.2696,Manager,236.09,0.0277,5,False,0.869,True,low,27,1,0
1,42,0.1939,Manager,236.21,0.0247,5,True,0.8939,False,none,3,0,0
1,53,0.3678,Employee,163.17,0.0734,3,True,0.9645,False,none,5,0,0
0,-1,0.433,Executive,2827.12,0.0416,13,False,0.0,False,none,11,0,0
4,53,0.4333,Employee,256.96,0.0885,1,False,0.8901,False,none,10,0,0
2,35,0.3651,Employee,178.97,0.0724,7,False,0.9435,False,none,14,0,0
3,29,0.2696,Employee,165.01,0.048,1,False,0.856,False,none,10,0,0
3,28,0.0585,Employee,47.16,0.0227,10,True,0.981,False,none,9,0,0
0,-1,0.0539,Executive,282.6,0.0047,1,False,0.0,False,none,10,0,0
2,40,0.0,Employee,69.57,0.0171,7,True,0.9756,False,none,11,0,0
3,15,0.0936,Manager,113.55,0.0155,1,False,0.9946,False,none,13,0,0
1,41,0.1165,Director,347.28,0.0222,11,False,0.8679,False,none,6,0,0
2,53,0.5607,Employee,213.93,0.0873,7,False,0.95,False,none,6,0,0
2,5,0.1494,Employee,73.03,0.0248,2,False,0.8684,False,none,15,0,0
5,33,0.1136,Director,161.31,0.0085,0,False,0.9624,False,none,8,0,0
3,36,0.5577,Employee,238.36,0.0781,1,True,0.917,False,none,9,0,0
5,6,1.7663,Employee,766.06,0.3732,1,True,0.4133,True,high,92,2,1
2,10,0.2352,Director,708.01,0.0341,6,False,0.984,False,none,10,0,0
5,23,0.487,Manager,472.54,0.0778,10,False,0.9663,False,none,11,0,0
0,-1,0.3855,Employee,210.54,0.0622,4,True,0.0,False,none,6,0,0
2,77,0.9826,Executive,5072.33,0.1728,274,True,0.7866,True,medium,96,4,1
0,-1,0.2002,Employee,107.13,0.0369,7,False,0.0,False,none,10,0,0
3,46,0.3581,Contractor,81.0,0.0592,15,False,0.8782,False,none,9,0,0
1,42,0.1619,Employee,111.78,0.0384,1,False,0.8549,False,none,1,0,0
2,32,0.2622,Employee,119.89,0.0392,6,False,0.9029,True,low,13,1,0
2,54,0.0,Employee,511.0015159425321,0.1616,29,False,0.9561,False,none,7,0,0
1,37,0.4805,Employee,206.83,0.0437,3,False,0.9047,False,none,0,0,0
21,1,0.1164,Employee,48.25,0.0191,4,False,0.6376,False,none,1,1,1
2,21,0.5514,Employee,208.43508594837803,0.0645,24,False,0.9053,False,none,13,0,0
3,43,0.0,Employee,225.51,0.0688,0,False,0.9968,False,none,12,0,0
1,13,0.3148,Director,909.76,0.0305,7,False,0.8545,False,none,10,0,0
2,13,8.9737,Employee,6124.99,2.5498,14,True,0.4243,True,high,185,5,1
2,8,0.3718,Employee,209.71,0.0496,1,False,0.8623,False,none,8,0,0
2,5,0.2825,Employee,108.49,0.0273,1,True,0.8933,False,none,0,0,0
0,-1,0.2475,Employee,106.9,0.0318,0,True,0.0,False,none,4,0,0
4,45,0.2895,Employee,103.89,0.0337,8,False,0.9104,False,none,0,0,0
6,55,0.1447,Employee,70.62,0.0204,3,False,0.9773,False,none,7,0,0
3,33,0.2626,Director,975.01,0.0444,2,False,0.9767,False,none,6,0,0
1,7,0.2991,Manager,368.7,0.0634,2,False,0.9861,True,low,13,1,0
1,15,0.0876,Employee,46.45,0.0194,2,False,0.8817,False,none,6,0,0
1,45,0.7031,Employee,211.4475563791067,0.0,0,False,0.9827,False,none,7,0,0
0,-1,0.8611,Director,2257.02,0.1202,411,True,0.5607,True,medium,38,4,1
1,46,0.1719,Employee,83.32,0.0211,4,False,0.8511,False,none,11,0,0
0,-1,0.3404,Executive,1398.67,0.0213,5,False,0.0,False,none,10,0,0
3,24,0.6569,Director,1223.5987421979694,0.0518,1,True,0.8536,False,none,2,0,0
1,10,0.476,Employee,287.92,0.0796,0,False,0.997,False,none,7,0,0
0,-1,0.2464,Executive,1236.74,0.0162,5,False,0.0,False,none,0,0,0
1,41,0.6286,Contractor,87.02580601745666,0.088,12,True,0.8845,False,none,2,0,0
1,1,0.0,Employee,372.5486997036947,0.1025,3,False,0.9082,False,none,10,0,0
1,48,0.8756,Contractor,158.4328276000645,0.1416,18,False,0.9932,False,none,2,0,0
0,-1,0.1503,Manager,129.87,0.0176,6,False,0.0,False,none,9,0,0
5,30,0.8738,Employee,331.42,0.159,7,True,0.9267,False,none,8,0,0
0,-1,0.4076,Manager,421.12,0.0409,1,False,0.0,True,low,48,1,0
2,10,1.8853,Employee,901.88,0.3036,0,True,0.4239,True,high,154,4,1
2,23,0.169,Employee,109.27,0.0326,1,False,0.8702,True,low,12,1,0
3,25,0.1442,Employee,65.03,0.0205,2,True,0.9389,False,none,5,0,0
3,40,0.6619,Director,1444.4648511452203,0.0689,12,False,0.9571,False,none,2,0,0
1,2,0.1737,Employee,84.38,0.0,25,False,0.9287,False,none,3,0,0
0,-1,0.2222,Employee,114.31,0.0349,1,False,0.0,False,none,11,0,0
3,40,0.198,Employee,88.55,0.0338,0,False,0.9525,False,none,6,0,0
2,31,0.2769,Employee,139.7,0.0589,4,True,0.8826,False,none,3,0,0
36,1,0.3561,Contractor,67.66,0.0536,4,False,0.8744,False,none,16,2,1
4,8,0.8405,Employee,327.26978692629535,0.1276,4,False,0.9306,True,low,21,1,0
2,4,0.1633,Director,456.18,0.0188,4,False,0.8684,False,none,3,0,0
2,37,0.3616,Employee,118.58,0.0384,12,False,0.9319,False,none,6,0,0
5,8,0.4331,Director,1067.04,0.0607,1,False,0.9788,True,low,33,1,0
3,49,0.0921,Manager,117.55,0.0167,2,False,0.9957,False,none,14,0,0
1,53,0.2734,Employee,168.26,0.0483,1,False,0.8581,False,none,2,0,0
3,55,0.1452,Employee,101.89,0.0343,7,False,0.8749,False,none,12,0,0
0,-1,0.548,Contractor,114.35179387675997,0.0982,12,False,0.0,False,none,7,0,0
5,16,0.194,Manager,233.9,0.0353,5,False,0.9441,False,none,12,0,0
1,55,0.2938,Manager,321.36,0.0467,0,False,0.9442,False,none,7,0,0
2,29,0.2871,Employee,129.84,0.0685,0,False,0.936,False,none,5,0,0
3,55,0.2536,Manager,276.74,0.0399,4,False,0.8721,True,low,35,1,0
2,14,0.5614,Contractor,124.64,0.1486,10,False,0.8592,False,none,14,0,0
1,30,0.2248,Manager,155.54,0.0153,5,False,0.9469,False,none,10,0,0
3,48,0.5097,Contractor,97.46194890215463,0.0985,9,True,0.9899,False,none,0,0,0
16,0,0.2221,Employee,95.78,0.0396,1,False,0.7095,False,none,6,1,1
1,29,0.4721,Employee,162.77,0.0452,0,False,0.8518,False,none,5,0,0
0,-1,0.7339,Employee,406.5075360086212,0.1198,4,False,0.0,False,none,15,0,0
9,6,1.4127,Manager,1400.41,0.2005,1,True,0.5074,True,high,91,4,1
4,57,0.6885,Executive,4027.57,0.0947,0,False,0.9318,False,none,6,0,0
6,10,0.3867,Manager,302.17,0.0468,6,False,0.8748,False,none,11,0,0
4,40,0.7834,Employee,376.2456449269476,0.116,2,True,0.9255,False,none,6,0,0
2,38,0.1838,Manager,134.33,0.0152,2,False,0.9774,False,none,1,0,0
2,16,0.0399,Employee,20.82,0.0102,1,False,0.9501,False,none,0,0,0
0,-1,0.6097,Executive,2101.0384422190564,0.0291,1,False,0.0,True,low,13,1,0
2,18,0.1889,Employee,79.35,0.0316,2,True,0.9395,False,none,0,0,0
3,19,0.6623,Employee,270.87,0.0618,3,False,0.8573,False,none,2,0,0
0,-1,0.31,Executive,1665.83,0.0367,3,False,0.0,False,none,6,0,0
0,-1,0.2967,Manager,240.0,0.0272,5,False,0.0,False,none,5,0,0
2,29,0.1332,Manager,150.9,0.0177,6,False,0.8773,False,none,6,0,0
1,37,0.0,Employee,247.06,0.1014,13,False,0.8917,False,none,14,0,0
1,57,0.3168,Executive,1695.17,0.0253,2,False,0.9517,False,none,6,0,0
0,-1,0.4787,Employee,238.19,0.0729,3,False,0.0,False,none,0,0,0
3,11,0.3044,Employee,195.73,0.0481,6,False,0.8969,False,none,10,0,0
1,1,0.8079,Employee,426.32534515368746,0.1265,3,True,0.9322,False,none,2,0,0
0,-1,0.8533,Manager,554.78,0.0759,437,False,0.6185,True,medium,71,2,1
1,6,0.5115,Employee,288.9983431435479,0.1071,1,False,0.8504,False,none,12,0,0
2,51,0.8036,Director,2833.04,0.127,7,True,0.9451,False,none,6,0,0
4,8,0.9678,Employee,543.0658614122588,0.2758,4,False,0.9835,False,none,0,0,0
2,10,0.7151,Employee,312.05,0.1017,4,False,0.9726,False,none,2,0,0
1,40,0.3671,Employee,199.66,0.0509,8,False,0.9745,False,none,9,0,0
1,48,0.2526,Employee,92.96,0.0299,1,False,0.9831,False,none,6,0,0
0,-1,0.6507,Contractor,121.34099655315478,0.1163,0,True,0.0,False,none,10,0,0
7,18,0.0497,Employee,25.93,0.0077,1,True,0.9694,False,none,10,0,0
3,19,0.4644,Executive,2580.61,0.046,6,False,0.9289,False,none,9,0,0
3,5,0.5043,Executive,1957.83,0.0297,13,False,0.9036,False,none,0,0,0
1,6,0.2641,Executive,1440.41,0.0328,3,False,0.8778,False,none,11,0,0
3,38,0.3676,Contractor,42.8,0.0399,0,False,0.963,False,none,4,0,0
23,2,0.124,Employee,87.07,0.0294,3,False,0.7095,False,none,18,2,1
2,55,0.2777,Employee,149.34,0.0401,5,False,0.929,False,none,0,0,0
0,-1,0.7791,Manager,844.61,0.158,2,False,0.0,False,none,4,0,0
0,-1,0.5817,Employee,296.49,0.111,439,False,0.6131,True,medium,72,5,1
3,35,0.847,Employee,294.36980607581137,0.0721,3,True,0.959,True,low,27,1,0
3,57,0.4487,Manager,474.71,0.0591,1,False,0.9598,False,none,11,0,0
5,17,4.9646,Director,12486.79,0.5794,17,False,0.2144,True,high,340,6,1
0,-1,0.1903,Employee,107.77,0.0345,1,False,0.0,False,none,5,0,0
6,36,0.4877,Manager,397.07,0.0337,10,True,0.9672,False,none,1,0,0
3,35,0.1328,Executive,810.84,0.0161,5,False,0.9106,False,none,3,0,0
0,-1,0.9675,Employee,489.00227503799243,0.1729,0,False,0.0,False,none,1,0,0
28,0,0.1234,Manager,135.31,0.0162,4,False,0.6507,False,none,16,2,1
2,7,0.0654,Employee,31.5,0.0128,0,False,0.8815,False,none,9,0,0
2,99,0.6618,Employee,425.73,0.1676,184,False,0.5199,True,medium,72,4,1
1,56,0.0834,Employee,45.96,0.0212,0,False,0.874,False,none,7,0,0
0,-1,0.1584,Director,438.32,0.0201,11,False,0.0,True,low,26,1,0
2,52,0.5089,Manager,584.51,0.07,7,False,0.8978,False,none,4,0,0
1,15,0.7155,Manager,816.2887151213763,0.0917,5,False,0.9914,False,none,0,0,0
2,38,0.1375,Manager,140.44,0.0171,10,False,0.9916,False,none,12,0,0
5,7,0.3707,Employee,292.21,0.0882,1,False,0.9669,False,none,6,0,0
3,2,0.3756,Director,1183.55,0.0587,0,False,0.9843,False,none,1,0,0
3,33,0.4198,Employee,235.76,0.0697,0,True,0.8759,False,none,4,0,0
6,8,1.2439,Employee,565.39,0.2316,0,True,0.4723,True,high,143,4,1
32,1,0.0078,Executive,51.4,0.0011,0,False,0.8058,False,none,19,1,1
4,9,0.1489,Employee,88.48,0.0374,2,False,0.9655,False,none,8,0,0
5,14,2.8996,Employee,1232.45,0.3713,10,False,0.4236,True,high,339,6,1
2,56,0.132,Director,503.53,0.0199,1,False,0.9483,False,none,12,0,0
7,60,0.2004,Employee,112.13,0.0356,6,False,0.9955,False,none,4,0,0
2,1,0.378,Employee,206.96,0.0745,2,False,0.9745,False,none,9,0,0
2,34,0.2806,Contractor,41.97,0.047,10,False,0.8717,False,none,2,0,0
6,17,0.352,Employee,166.04,0.054,1,False,0.9348,False,none,8,0,0
1,27,0.5227,Employee,228.72261680028592,0.073,1,False,0.9578,False,none,11,0,0
2,32,0.0,Contractor,128.33,0.1358,1,True,0.8863,True,low,23,1,0
1,5,0.1939,Employee,68.99,0.0291,9,False,0.9931,False,none,7,0,0
3,3,0.0,Contractor,58.12,0.0407,3,True,0.869,False,none,1,0,0
4,1,0.6634,Employee,294.2,0.1403,18,True,0.9413,False,none,3,0,0
3,52,0.1569,Employee,76.8,0.0194,0,False,0.9813,False,none,15,0,0
1,95,0.8727,Director,2894.52,0.1899,273,True,0.7183,True,medium,82,2,1
2,32,0.3408,Employee,124.25,0.0366,0,False,0.9984,False,none,12,0,0
2,54,0.1359,Employee,88.97,0.0299,4,False,0.9689,False,none,6,0,0
0,-1,0.4159,Employee,242.61,0.0681,11,False,0.0,False,none,6,0,0
0,-1,0.2199,Employee,129.66,0.0,10,False,0.0,False,none,4,0,0
4,51,0.3072,Manager,344.09,0.0311,12,False,0.9722,True,low,14,1,0
2,83,0.6078,Director,1677.95,0.0,238,True,0.5009,True,medium,80,4,1
1,17,0.6394,Executive,3535.52,0.0575,12,False,0.8617,False,none,12,0,0
1,47,0.2876,Manager,342.34,0.0642,0,True,0.8661,False,none,13,0,0
4,56,0.6257,Director,1667.96,0.0711,1,False,0.8884,False,none,14,0,0
2,55,0.4559,Employee,223.31,0.0778,4,False,0.9803,False,none,8,0,0
0,-1,0.2439,Manager,254.37,0.0301,4,False,0.0,False,none,3,0,0
3,34,0.0422,Contractor,8.78,0.0079,4,True,0.8986,False,none,12,0,0
3,46,0.8058,Employee,376.4352126740865,0.108,0,False,0.8639,False,none,8,0,0
1,16,0.128,Manager,145.46,0.0186,1,False,0.8997,False,none,3,0,0
1,13,0.2114,Employee,96.07,0.024,7,False,0.9832,True,low,18,1,0
1,49,0.4733,Manager,449.4,0.0673,0,False,0.9546,False,none,11,0,0
1,24,0.7738,Employee,281.83975630127526,0.0679,3,True,0.9452,False,none,8,0,0
6,18,0.939,Director,2048.8658908138354,0.0932,1,False,0.9086,False,none,12,0,0
10,5,1.8007,Executive,9740.13,0.1906,0,True,0.4248,True,medium,96,3,1
2,15,0.2117,Employee,122.3,0.0541,0,False,0.9974,False,none,9,0,0
4,2,0.5063,Employee,290.04,0.1009,5,True,0.8672,False,none,3,0,0
2,1,0.8624,Contractor,188.63,0.1442,7,False,0.885,True,low,48,1,0
3,57,0.2286,Manager,254.57,0.0297,0,True,0.9403,False,none,3,0,0
2,52,0.2386,Manager,151.34,0.0171,0,True,0.9201,False,none,8,0,0
0,-1,0.5805,Contractor,99.18631370124591,0.1017,0,False,0.0,False,none,7,0,0
3,49,0.4187,Employee,189.64,0.0753,1,False,0.9096,True,low,41,1,0
0,-1,0.2902,Contractor,58.97,0.0495,3,False,0.0,False,none,12,0,0
3,12,0.8212,Manager,913.5208583851081,0.0888,1,False,0.9901,False,none,14,0,0
5,56,0.1764,Executive,855.71,0.0189,4,False,0.9022,False,none,11,0,0
6,5,2.0124,Employee,949.64,0.2811,0,True,0.7263,True,high,141,5,1
0,-1,0.3533,Employee,161.82,0.0564,9,True,0.0,False,none,1,0,0
0,-1,0.0528,Employee,29.91,0.0144,1,False,0.0,False,none,5,0,0
1,4,0.5938,Employee,371.4189466330199,0.1544,2,False,0.8909,False,none,13,0,0
2,55,0.3543,Contractor,59.3,0.0587,7,False,0.9307,False,none,8,0,0
3,55,0.6634,Employee,281.5557176268009,0.1017,7,False,0.8855,False,none,1,0,0
1,47,0.3317,Manager,217.54,0.028,10,True,0.9945,False,none,5,0,0
3,51,0.0997,Contractor,27.71,0.0,7,True,0.9304,False,none,8,0,0
3,22,0.9367,Manager,1024.33623671792,0.1454,3,False,0.8847,False,none,9,0,0
0,-1,0.2854,Employee,118.76,0.0346,6,False,0.0,False,none,8,0,0
2,28,0.1904,Director,509.03,0.0233,0,False,0.8969,False,none,7,0,0
2,11,0.507,Employee,229.83,0.0597,6,False,0.95,False,none,3,0,0
2,43,0.136,Manager,139.4,0.0199,4,False,0.9573,False,none,5,0,0
3,31,0.3131,Manager,333.02,0.0462,6,True,0.9489,False,none,15,0,0
1,51,0.0659,Manager,65.66,0.0086,12,False,0.8803,False,none,1,0,0
0,-1,0.0,Employee,244.65,0.0773,1,False,0.0,False,none,14,0,0
1,54,0.1969,Director,604.11,0.0351,0,False,0.917,False,none,2,0,0
3,47,0.388,Manager,459.64,0.0393,0,False,0.8929,True,low,39,1,0
1,15,0.0187,Employee,11.52,0.0048,15,False,0.8541,False,none,5,0,0
0,-1,0.0535,Employee,37.42,0.0104,0,False,0.0,False,none,4,0,0
1,36,0.0882,Manager,121.47,0.0209,5,False,0.8617,False,none,0,0,0
32,0,0.2556,Employee,116.31,0.0391,5,False,0.8169,False,none,7,2,1
4,36,0.1937,Employee,108.36,0.0331,0,False,0.9113,False,none,8,0,0
1,15,0.6605,Employee,423.8288295477654,0.2142,0,False,0.9968,False,none,3,0,0
7,10,1.0184,Employee,681.29,0.211,1,True,0.6293,True,medium,164,6,1
3,11,0.093,Manager,107.34,0.018,6,False,0.9179,False,none,6,0,0
3,4,2.3163,Director,6365.34,0.3462,0,True,0.6675,True,high,198,5,1
1,38,0.5049,Employee,271.89,0.1013,23,False,0.8686,False,none,9,0,0
3,57,0.6453,Employee,377.11,0.1251,2,False,0.9044,True,low,31,1,0
1,5,0.6852,Employee,385.18,0.1128,0,True,0.4076,True,medium,192,6,1
15,1,0.0489,Manager,54.09,0.0069,3,False,0.6821,False,none,2,3,1
4,19,0.8834,Employee,480.19,0.1771,10,False,0.875,False,none,5,0,0
2,24,0.2274,Employee,91.43,0.0301,1,False,0.8792,False,none,8,0,0
0,-1,0.1784,Executive,1085.07,0.0422,1,False,0.0,False,none,2,0,0
3,30,0.2401,Employee,153.37,0.0517,3,False,0.9393,False,none,10,0,0
2,21,0.3675,Employee,212.34,0.0651,8,False,0.9544,False,none,10,0,0
2,6,0.7013,Employee,323.96433294386384,0.1524,9,True,0.9358,False,none,4,0,0
0,-1,0.4338,Employee,227.61,0.0679,3,True,0.0,False,none,7,0,0
0,-1,0.5741,Employee,309.9311646050766,0.124,3,False,0.0,False,none,0,0,0
2,36,0.1536,Employee,65.71,0.0212,0,False,0.9928,False,none,7,0,0
3,14,0.3873,Employee,226.32,0.0702,12,False,0.8719,False,none,3,0,0
0,-1,0.3866,Employee,205.12,0.052,4,False,0.0,False,none,2,0,0
35,0,0.0,Employee,45.98,0.0186,0,True,0.6219,False,none,19,1,1
1,17,0.0575,Manager,67.41,0.0101,0,False,0.8638,True,low,15,1,0
2,10,0.2479,Manager,242.87,0.0287,5,False,0.9659,False,none,13,0,0
2,28,0.3902,Contractor,58.6,0.0461,2,False,0.8792,True,low,13,1,0
1,30,0.1913,Employee,84.75,0.0273,0,False,0.8785,False,none,3,0,0
17,2,0.018,Director,59.16,0.0022,0,False,0.824,False,none,9,2,1
1,27,0.1553,Employee,59.33,0.023,8,True,0.8608,False,none,8,0,0
5,44,0.1503,Employee,67.24,0.0269,1,True,0.9288,True,low,44,1,0
1,53,0.9683,Employee,504.14731018424277,0.1602,5,True,0.8576,False,none,2,0,0
1,51,0.5296,Employee,219.87,0.0651,10,False,0.9816,False,none,15,0,0
1,18,0.2695,Employee,143.59,0.0377,0,False,0.9421,False,none,9,0,0
2,51,0.149,Employee,68.49,0.0197,6,False,0.9315,False,none,13,0,0
0,-1,0.2922,Director,878.97,0.041,3,False,0.0,False,none,0,0,0
3,50,0.3129,Employee,187.63,0.0771,2,False,0.9775,False,none,7,0,0
1,56,0.0552,Manager,45.84,0.0085,1,True,0.8966,False,none,0,0,0
2,19,9.8877,Director,30974.95,2.1797,13,True,0.6379,True,high,161,4,1
1,31,0.1183,Manager,140.89,0.0174,0,True,0.8815,False,none,13,0,0
4,49,0.5281,Employee,241.96594057323617,0.0713,1,False,0.9942,False,none,8,0,0
0,-1,0.1071,Director,513.97,0.0218,4,False,0.0,False,none,8,0,0
1,15,0.1805,Director,673.31,0.0323,6,False,0.8506,False,none,7,0,0
0,-1,0.0,Director,425.3171734001561,0.0179,12,False,0.0,False,none,3,0,0
2,57,0.3344,Employee,162.96,0.0989,11,False,0.9275,False,none,14,0,0
1,37,0.5676,Contractor,98.43,0.0919,0,False,0.9717,False,none,4,0,0
2,43,0.1733,Director,734.91,0.0413,2,False,0.9018,False,none,2,0,0
7,9,0.9732,Employee,624.06,0.2989,0,True,0.4462,True,medium,93,6,1
3,24,0.1208,Director,489.81,0.025,1,False,0.8623,False,none,12,0,0
1,8,0.0476,Employee,23.39,0.0086,0,False,0.9649,False,none,6,0,0
1,116,1.5039,Manager,1167.05,0.1322,445,True,0.5564,True,medium,53,2,1
2,48,0.313,Manager,274.36,0.0291,11,True,0.9484,False,none,10,0,0
4,19,0.6605,Contractor,89.2714666410562,0.1248,1,False,0.9852,False,none,13,0,0
0,-1,0.525,Manager,482.66075496439606,0.1225,5,False,0.0,True,low,29,1,0
1,82,0.5323,Employee,324.5,0.0911,413,True,0.5232,True,medium,48,5,1
1,40,0.2606,Manager,317.03,0.038,4,False,0.9653,False,none,6,0,0
3,28,0.2338,Employee,101.19,0.0276,1,False,0.8506,False,none,9,0,0
3,46,0.0451,Contractor,10.17,0.0102,9,False,0.9406,False,none,5,0,0
1,43,0.1426,Manager,138.78,0.0143,5,False,0.871,False,none,13,0,0
0,-1,0.3266,Employee,210.44,0.0632,3,False,0.0,False,none,12,0,0
3,42,0.3495,Employee,207.16,0.0894,1,False,0.8988,True,low,31,1,0
30,2,0.1534,Employee,52.91,0.0195,1,False,0.6141,False,none,2,1,1
0,-1,0.0429,Employee,21.92,0.0074,4,False,0.0,True,low,45,1,0
2,86,0.8439,Employee,451.2,0.2512,485,True,0.7996,True,medium,40,4,1
2,7,0.081,Manager,81.49,0.0093,5,False,0.9337,False,none,7,0,0
19,1,0.0164,Executive,79.59,0.0022,5,False,0.7322,False,none,2,2,1
1,6,0.1349,Employee,51.12,0.034,1,False,0.8963,False,none,1,0,0
3,40,0.4877,Contractor,84.86,0.0768,3,False,0.892,True,low,10,1,0
3,37,0.8557,Employee,451.16,0.1626,3,False,0.9768,False,none,10,0,0
22,0,0.0444,Employee,22.6,0.0097,3,False,0.8217,False,none,5,1,1
0,-1,0.1168,Employee,67.04,0.0187,5,True,0.0,False,none,12,0,0
4,6,0.4324,Employee,265.3,0.0813,18,False,0.934,False,none,7,0,0
3,17,0.1794,Employee,83.07,0.0299,6,False,0.9154,False,none,6,0,0
1,33,0.3673,Manager,430.53,0.0399,6,False,0.9137,False,none,13,0,0
6,10,1.243,Manager,1321.34,0.2725,0,True,0.781,True,medium,92,5,1
2,55,0.913,Employee,471.0417333843676,0.1305,7,False,0.9604,True,low,11,1,0
1,28,0.1881,Employee,94.18,0.0347,6,False,0.9502,False,none,8,0,0
2,47,0.2666,Manager,203.01,0.0223,8,True,0.9508,False,none,14,0,0
1,30,0.1547,Director,438.17,0.0185,11,False,0.863,False,none,1,0,0
1,26,0.5854,Employee,302.7985753142174,0.1138,6,False,0.873,False,none,12,0,0
1,38,0.5412,Director,1197.87,0.0555,0,True,0.8955,False,none,9,0,0
5,28,0.3233,Employee,161.73,0.0622,3,False,0.9507,False,none,9,0,0
2,15,0.1079,Manager,119.18,0.0208,3,False,0.9706,False,none,6,0,0
5,18,0.6102,Employee,307.59,0.0944,0,False,0.9006,False,none,7,0,0
2,6,0.4593,Director,1417.46,0.0557,17,False,0.8688,False,none,5,0,0
3,12,0.3634,Employee,142.7,0.0482,0,False,0.9867,False,none,7,0,0
5,55,0.2847,Director,855.01,0.0419,4,True,0.9061,False,none,6,0,0
0,-1,0.662,Director,2146.58,0.0818,0,False,0.0,False,none,13,0,0
2,83,0.3241,Employee,203.46,0.1074,337,False,0.5937,True,medium,35,3,1
1,53,0.2462,Contractor,44.46,0.0406,1,True,0.9536,True,low,47,1,0
2,5,0.17,Employee,81.61,0.0326,0,False,0.9314,False,none,9,0,0
0,-1,0.0,Employee,123.21,0.0334,14,False,0.0,True,low,29,1,0
4,51,0.0719,Employee,34.87,0.0118,1,False,0.9814,False,none,5,0,0
0,-1,0.1205,Executive,681.79,0.0146,1,False,0.0,True,low,41,1,0
2,109,0.3516,Employee,236.44,0.0543,211,False,0.6766,True,medium,39,5,1
23,2,0.1942,Employee,68.42,0.0269,1,False,0.8753,False,none,19,1,1
1,9,0.2979,Employee,128.41,0.0507,0,False,0.8574,False,none,11,0,0
1,12,0.1186,Employee,64.9,0.0183,0,False,0.9108,False,none,7,0,0
1,70,0.7606,Employee,353.68,0.1694,227,True,0.6407,True,medium,84,4,1
0,-1,0.4815,Employee,287.01,0.0855,16,True,0.0,False,none,12,0,0
1,17,0.805,Contractor,122.24760191095491,0.1617,2,False,0.9328,True,low,26,1,0
3,48,0.1255,Employee,59.08,0.0179,1,False,0.9668,False,none,12,0,0
3,16,0.0,Contractor,414.05,0.3236,0,True,0.8802,False,none,0,0,0
4,47,0.1031,Employee,48.9,0.0165,0,False,0.862,False,none,1,0,0
2,52,0.656,Manager,704.32,0.0763,0,False,0.9097,False,none,11,0,0
1,118,0.9339,Employee,268.6,0.0814,410,False,0.6802,True,medium,64,2,1
2,63,1.0176,Employee,448.27,0.1413,305,False,0.6491,True,medium,82,2,1
2,57,0.686,Employee,374.5,0.1051,1,True,0.9829,False,none,8,0,0
2,27,0.3904,Manager,284.05,0.0278,3,False,0.8982,False,none,9,0,0
4,2,0.0,Director,5169.74,0.0,0,True,0.5531,True,high,146,3,1
1,8,0.4661,Employee,284.7,0.1026,6,True,0.9195,False,none,7,0,0
2,26,0.0,Director,286.0968493959959,0.0143,2,False,0.9546,False,none,6,0,0
23,1,0.0174,Executive,112.37,0.0028,5,False,0.6387,False,none,17,2,1
5,4,2.1402,Employee,922.43,0.2545,1,True,0.6451,True,high,77,6,1
2,46,0.8526,Manager,524.27,0.0735,0,False,0.9272,False,none,10,0,0
4,55,0.1558,Employee,76.24,0.0257,9,False,0.8673,False,none,6,0,0
1,39,0.4177,Director,997.92,0.0453,3,True,0.9704,False,none,13,0,0
3,49,0.1923,Employee,134.68,0.0469,10,False,0.8943,True,low,27,1,0
3,28,0.2143,Employee,85.42,0.041,24,True,0.9354,False,none,12,0,0
1,37,0.3444,Manager,387.48,0.0518,6,False,0.9187,False,none,7,0,0
2,18,8.6173,Employee,5113.81,1.6972,6,False,0.5218,True,high,273,7,1
2,22,0.2012,Employee,114.93,0.0458,1,False,0.8612,False,none,4,0,0
4,30,0.7655,Employee,380.92,0.0998,0,True,0.9469,False,none,6,0,0
1,12,0.6424,Manager,601.0972707194666,0.0728,10,False,0.9359,False,none,11,0,0
1,50,0.2946,Employee,156.66,0.0539,7,False,0.9108,False,none,0,0,0
3,21,0.0776,Director,241.06,0.0154,3,False,0.8597,False,none,0,0,0
3,48,0.6312,Manager,627.4798108617647,0.0858,8,False,0.9459,False,none,10,0,0
3,59,0.1958,Employee,106.75,0.0326,0,False,0.9338,False,none,5,0,0
0,-1,0.2157,Director,563.54,0.0334,4,False,0.0,False,none,7,0,0
9,8,2.8273,Contractor,313.03,0.2984,1,True,0.7995,True,high,145,6,1
3,16,0.1098,Employee,63.07,0.021,3,False,0.8899,False,none,1,0,0
1,20,0.4775,Manager,226.01,0.0251,3,False,0.9457,False,none,4,0,0
3,20,0.7724,Manager,1083.9756601800977,0.1296,6,False,0.9494,False,none,9,0,0
2,27,0.3446,Employee,194.41,0.0896,1,False,0.948,False,none,0,0,0
2,48,0.066,Employee,42.63,0.0,25,False,0.9526,False,none,14,0,0
2,33,0.0,Director,405.31016754011773,0.0176,0,False,0.8578,False,none,10,0,0
2,33,0.5914,Employee,216.38,0.075,8,False,0.899,False,none,11,0,0
1,42,0.3267,Employee,158.12,0.0576,6,False,0.9842,False,none,13,0,0
2,51,0.1579,Manager,205.91,0.0236,2,True,0.959,True,low,48,1,0
3,9,0.2288,Employee,130.13,0.0497,0,False,0.9545,False,none,2,0,0
1,31,0.3569,Manager,290.05,0.0442,1,False,0.975,False,none,2,0,0
4,3,0.3636,Director,1064.27,0.045,5,False,0.9596,False,none,8,0,0
4,51,0.3236,Employee,142.1,0.0428,12,False,0.9925,False,none,4,0,0
1,14,0.3958,Executive,2114.66,0.0482,2,True,0.8527,False,none,1,0,0
1,23,0.0,Employee,70.98,0.039,9,False,0.9964,False,none,4,0,0
4,42,0.87,Manager,948.1950581607987,0.1304,5,False,0.9201,False,none,14,0,0
0,-1,0.127,Employee,56.14,0.0241,1,False,0.0,False,none,8,0,0
37,2,0.0345,Director,104.11,0.0051,5,False,0.7326,False,none,16,2,1
2,48,0.416,Employee,202.65,0.0,0,False,0.9882,False,none,14,0,0
0,-1,0.5679,Employee,274.49,0.0765,7,False,0.0,False,none,4,0,0
2,74,0.9334,Director,1365.02,0.0978,460,False,0.5109,True,medium,92,5,1
1,44,0.6521,Contractor,138.29,0.1767,5,True,0.9948,False,none,7,0,0
15,2,0.1953,Employee,88.68,0.0324,3,False,0.6184,False,none,8,2,1
1,13,0.0,Manager,170.35,0.025,13,False,0.9641,False,none,9,0,0
0,-1,0.7227,Employee,387.428387453511,0.1495,1,False,0.0,False,none,6,0,0
2,49,0.7556,Employee,497.98,0.1727,8,False,0.9263,False,none,11,0,0
4,14,0.0,Contractor,146.8,0.1757,7,False,0.8542,False,none,1,0,0
1,15,0.318,Contractor,49.64,0.0359,0,False,0.942,False,none,8,0,0
4,18,6.0526,Executive,31313.17,0.9287,10,False,0.2856,True,high,311,7,1
1,53,0.0526,Employee,30.72,0.0086,5,False,0.8997,False,none,3,0,0
2,28,0.4997,Employee,130.9,0.0415,1,False,0.8853,True,low,20,1,0
6,25,0.54,Employee,250.73,0.0784,0,False,0.9463,False,none,15,0,0
1,12,0.3039,Employee,189.14,0.0779,0,False,0.9449,False,none,13,0,0
3,28,0.1297,Director,359.22,0.0202,5,False,0.8708,False,none,4,0,0
0,-1,0.166,Employee,110.7,0.0345,0,False,0.0,False,none,10,0,0
0,-1,0.0808,Employee,23.46,0.0084,8,False,0.0,False,none,9,0,0
1,43,0.5157,Director,1586.7,0.071,1,False,0.9266,False,none,6,0,0
0,-1,0.2437,Contractor,40.37,0.0306,1,False,0.0,True,low,35,1,0
1,12,9.6169,Employee,5005.07,1.956,7,True,0.3418,True,high,207,4,1
1,29,0.508,Employee,293.46,0.0987,3,False,0.933,False,none,2,0,0
2,15,0.2399,Director,824.33,0.0317,23,True,0.9412,True,low,31,1,0
0,-1,0.0853,Manager,92.97,0.0103,3,False,0.0,True,low,35,1,0
1,46,0.1288,Contractor,28.44,0.0213,5,False,0.8807,False,none,13,0,0
1,34,0.096,Manager,115.05,0.0168,0,False,0.9654,False,none,8,0,0
4,6,0.3379,Manager,321.54,0.0358,11,False,0.9132,False,none,15,0,0
6,16,0.3181,Employee,207.55,0.1,3,False,0.9234,False,none,15,0,0
4,21,3.7742,Employee,1840.76,0.587,14,True,0.225,True,high,309,5,1
0,-1,0.5508,Employee,332.79,0.1262,1,True,0.0,False,none,3,0,0
1,56,0.3586,Manager,317.74,0.0499,1,True,0.8896,False,none,13,0,0
1,13,0.3758,Director,986.64,0.0564,15,True,0.9287,False,none,9,0,0
3,13,0.4029,Manager,450.58,0.0512,2,True,0.9441,False,none,6,0,0
2,35,0.4103,Director,989.38,0.0525,5,False,0.9594,False,none,7,0,0
2,60,0.1,Contractor,18.62,0.0246,5,False,0.9367,False,none,6,0,0
0,-1,0.2711,Employee,172.44,0.0595,8,False,0.0,False,none,14,0,0
0,-1,0.3701,Employee,231.93,0.0744,10,False,0.0,False,none,6,0,0
2,4,0.9105,Employee,412.45,0.1306,3,False,0.887,False,none,14,0,0
3,25,0.2155,Contractor,40.79,0.0324,0,False,0.9334,False,none,8,0,0
2,48,0.2051,Employee,108.7,0.0349,2,False,0.852,False,none,7,0,0
5,59,0.6785,Director,1842.9,0.071,13,False,0.8778,False,none,3,0,0
4,16,7.4601,Director,26826.48,1.4548,7,True,0.2422,True,high,305,4,1
1,45,0.8528,Contractor,154.31803987877683,0.1671,1,False,0.9066,False,none,6,0,0
6,6,2.0606,Employee,1010.73,0.3454,1,True,0.4887,True,medium,103,5,1
2,32,0.808,Employee,449.36,0.176,14,False,0.9508,False,none,12,0,0
0,-1,0.6314,Manager,690.5362785890775,0.0856,9,True,0.0,False,none,10,0,0
6,30,0.1651,Employee,72.9,0.0237,13,False,0.9349,False,none,13,0,0
0,-1,0.5098,Employee,245.98,0.0762,1,False,0.0,False,none,8,0,0
4,17,0.8658,Employee,328.0142338153933,0.0966,2,True,0.9674,False,none,10,0,0
3,33,0.4835,Employee,276.51,0.1027,11,False,0.854,False,none,3,0,0
2,38,0.1973,Employee,126.88,0.057,12,False,0.8559,False,none,2,0,0
2,37,0.0,Executive,515.198881085779,0.0142,4,False,0.8903,False,none,6,0,0
40,1,0.0,Contractor,105.89,0.1751,3,True,0.744,False,none,18,1,1
2,38,0.148,Director,273.4,0.0163,7,True,0.9467,False,none,7,0,0
0,-1,0.6091,Manager,466.9048384634945,0.0483,8,False,0.0,False,none,9,0,0
8,7,1.5895,Director,4711.55,0.1596,0,True,0.4397,True,medium,66,4,1
3,45,0.4561,Director,1243.26,0.0449,10,True,0.9606,False,none,2,0,0
2,26,0.1518,Employee,100.58,0.0327,4,True,0.8839,False,none,14,0,0
0,-1,0.18,Director,538.03,0.0218,2,True,0.0,False,none,14,0,0
1,32,0.1782,Employee,92.34,0.0351,1,False,0.9487,False,none,7,0,0
1,45,0.5725,Director,1078.5056966645457,0.0526,4,False,0.8957,False,none,8,0,0
1,14,0.357,Employee,159.08,0.0651,2,False,0.9877,False,none,8,0,0
0,-1,0.1163,Employee,57.34,0.0162,25,True,0.0,False,none,2,0,0
2,12,0.139,Employee,71.96,0.032,3,False,0.9247,False,none,4,0,0
0,-1,0.3244,Employee,154.54,0.088,9,False,0.0,False,none,12,0,0
1,51,0.4547,Employee,170.66,0.0512,3,True,0.9289,False,none,6,0,0
2,5,1.4684,Employee,566.9,0.1455,0,True,0.6514,True,high,74,6,1
2,19,0.3176,Contractor,65.94,0.0637,1,False,0.9933,False,none,4,0,0
0,-1,0.7671,Contractor,83.8835674050417,0.0989,0,False,0.0,False,none,7,0,0
1,30,0.2914,Employee,204.68,0.0573,4,True,0.8971,False,none,9,0,0
1,18,0.5374,Executive,1290.6771355998167,0.0251,8,False,0.8803,False,none,6,0,0
1,22,0.5807,Manager,435.2182602266043,0.0488,12,False,0.8545,False,none,0,0,0
3,29,0.2384,Employee,97.1,0.0394,6,False,0.8741,False,none,7,0,0
0,-1,0.0,Employee,100.56,0.0278,18,False,0.0,False,none,15,0,0
3,17,0.0,Contractor,50.13,0.0914,3,False,0.9191,False,none,10,0,0
5,39,0.0509,Employee,32.2,0.0121,4,False,0.951,True,low,41,1,0
30,1,0.2746,Employee,143.06,0.0355,4,False,0.6578,False,none,4,3,1
3,19,0.3502,Employee,223.91,0.0836,4,False,0.9668,False,none,10,0,0
2,34,0.226,Director,637.81,0.0263,4,False,0.9533,False,none,3,0,0
1,48,0.7917,Manager,718.8341558644424,0.0709,4,False,0.9993,True,low,42,1,0
4,5,0.1663,Manager,168.32,0.0233,9,False,0.9598,True,low,12,1,0
0,-1,0.2813,Contractor,61.62,0.0558,1,False,0.0,False,none,4,0,0
4,35,0.4294,Employee,214.92,0.0654,13,False,0.8678,False,none,7,0,0
1,48,0.1935,Employee,73.13,0.0234,0,True,0.9059,True,low,45,1,0
4,7,0.7627,Director,2763.515322659137,0.1405,0,False,0.9917,False,none,7,0,0
2,21,0.1833,Employee,107.65,0.0387,0,False,0.8877,False,none,6,0,0
3,37,0.5414,Employee,327.6521309950832,0.1025,5,True,0.9322,False,none,3,0,0
3,3,0.14,Director,256.41,0.01,10,False,0.9143,False,none,12,0,0
4,15,0.0639,Employee,33.72,0.0089,1,False,0.8976,False,none,4,0,0
4,45,0.3785,Employee,204.13,0.0665,3,False,0.8882,False,none,8,0,0
2,49,0.3421,Manager,350.65,0.0402,0,False,0.9718,False,none,1,0,0
2,15,0.4659,Employee,288.93,0.0967,0,False,0.9073,False,none,8,0,0
3,24,0.8893,Director,2097.8335331159824,0.1973,3,True,0.9776,False,none,12,0,0
1,49,0.1448,Employee,80.27,0.0344,5,True,0.9836,False,none,3,0,0
1,8,0.2985,Contractor,60.8,0.0694,0,False,0.9543,False,none,11,0,0
0,-1,0.2246,Employee,111.22,0.0339,5,False,0.0,True,low,27,1,0
1,22,0.1636,Director,583.75,0.0288,11,False,0.9928,False,none,8,0,0
6,45,0.1912,Contractor,38.52,0.0344,1,False,0.9688,False,none,3,0,0
1,17,0.1832,Director,553.86,0.0,12,False,0.8653,False,none,11,0,0
5,19,5.2049,Manager,5651.5,0.6395,20,False,0.2862,True,high,136,6,1
1,30,0.4599,Employee,272.99,0.0846,6,False,0.8684,False,none,12,0,0
1,51,0.7158,Executive,2744.23469904702,0.054,0,False,0.9036,False,none,3,0,0
1,18,0.3706,Employee,206.89,0.0546,2,False,0.9417,False,none,15,0,0
1,13,0.2091,Employee,76.67,0.0185,0,True,0.8834,False,none,13,0,0
2,2,1.5096,Director,3759.9,0.2144,0,True,0.5302,True,high,120,6,1
4,27,0.4539,Employee,307.2,0.096,4,False,0.9001,False,none,7,0,0
15,1,0.0,Employee,80.71,0.0191,5,True,0.6434,False,none,3,1,1
2,8,0.0,Employee,17.77,0.0,3,False,0.8737,False,none,6,0,0
3,16,4.2268,Manager,5364.56,0.6536,17,False,0.5514,True,high,265,3,1
3,21,0.0415,Manager,52.59,0.0059,9,False,0.9238,False,none,0,0,0
2,59,0.4022,Manager,378.01,0.0388,1,False,0.9953,False,none,14,0,0
0,-1,0.813,Director,1959.75,0.0923,5,False,0.0,False,none,9,0,0
3,45,0.3322,Manager,278.55,0.0302,24,True,0.9152,False,none,5,0,0
1,2,0.2123,Employee,113.4,0.05,10,False,0.9196,False,none,12,0,0
18,2,0.0,Contractor,54.56,0.0527,3,False,0.6276,False,none,17,3,1
3,25,0.6086,Manager,493.04838875892233,0.0762,0,False,0.9344,False,none,0,0,0
4,11,0.5352,Director,1172.52,0.0459,10,False,0.9341,False,none,8,0,0
3,46,0.1198,Employee,58.31,0.0221,2,False,0.8754,False,none,6,0,0
0,-1,0.1244,Director,415.93,0.0203,1,False,0.0,False,none,10,0,0
1,18,0.3409,Manager,284.26,0.0364,3,False,0.8948,False,none,8,0,0
2,59,0.26,Manager,229.66,0.0304,2,False,0.9116,False,none,3,0,0
3,39,0.5942,Manager,730.3850418809559,0.1571,6,False,0.9901,False,none,12,0,0
4,8,0.3834,Employee,184.29,0.0462,0,True,0.9445,False,none,14,0,0
4,51,0.3966,Executive,2256.48,0.0457,4,False,0.9291,False,none,14,0,0
0,-1,0.3799,Employee,216.65,0.0,1,False,0.0,False,none,14,0,0
0,-1,0.073,Manager,97.18,0.0153,9,False,0.0,False,none,14,0,0
1,22,0.1718,Manager,152.49,0.0296,2,False,0.9941,False,none,11,0,0
2,21,0.2218,Employee,129.4,0.0366,6,False,0.8824,False,none,4,0,0
1,48,0.3734,Director,1465.52,0.0786,1,False,0.991,False,none,3,0,0
2,36,0.5654,Employee,261.95,0.0789,12,False,0.9406,False,none,3,0,0
2,49,0.1695,Contractor,31.63,0.0407,2,False,0.9342,False,none,5,0,0
0,-1,0.4014,Manager,467.21,0.0528,2,False,0.0,False,none,1,0,0
40,0,0.2157,Employee,122.79,0.0351,4,False,0.7142,False,none,12,3,1
0,-1,0.2556,Contractor,57.94,0.0481,0,False,0.0,False,none,12,0,0
4,28,0.2353,Employee,94.45,0.0301,8,False,0.9175,False,none,15,0,0
4,15,6.1026,Manager,6900.2,1.1434,20,True,0.2058,True,high,126,8,1
1,51,0.0,Employee,387.36,0.1246,6,False,0.8624,False,none,2,0,0
4,41,0.1192,Director,267.32,0.0155,4,False,0.9829,False,none,10,0,0
0,-1,0.3959,Manager,390.61,0.0612,1,False,0.0,False,none,15,0,0
2,45,0.7865,Employee,389.88,0.1198,14,False,0.9554,False,none,15,0,0
1,18,0.0,Employee,66.8,0.0178,0,False,0.8669,False,none,9,0,0
2,46,0.1405,Manager,123.58,0.0168,1,False,0.8926,False,none,14,0,0
4,42,0.3015,Executive,1377.31,0.0217,0,False,0.8637,False,none,1,0,0
3,24,4.0714,Employee,2196.2,0.737,8,False,0.4164,True,high,210,5,1
3,12,0.3694,Manager,268.61,0.0285,3,True,0.8663,False,none,1,0,0
2,29,5.7967,Executive,32197.22,0.519,5,False,0.2971,True,high,210,4,1
0,-1,0.8371,Director,2085.44,0.0975,445,True,0.6703,True,medium,67,4,1
2,1,0.9797,Employee,441.4199470179964,0.1778,4,False,0.8986,True,low,38,1,0
3,33,0.5438,Employee,296.50239696111595,0.0895,1,False,0.9466,False,none,1,0,0
2,8,0.9184,Manager,1129.8417374323387,0.1466,4,False,0.9774,False,none,0,0,0
1,56,0.6054,Employee,235.84350990794357,0.1243,9,False,0.8936,False,none,0,0,0
3,60,0.1152,Contractor,28.3,0.0321,13,True,0.9372,False,none,1,0,0
1,7,0.1445,Employee,63.78,0.0327,2,False,0.96,True,low,50,1,0
1,23,0.2871,Manager,282.39,0.0429,0,False,0.851,False,none,10,0,0
1,10,0.0764,Executive,469.29,0.0088,2,False,0.9138,False,none,6,0,0
3,1,0.0913,Employee,59.54,0.0184,7,False,0.9997,False,none,10,0,0
1,48,0.1443,Employee,59.03,0.0186,4,False,0.8699,True,low,35,1,0
3,10,0.0,Executive,447.8134125442185,0.0272,6,False,0.9328,True,low,24,1,0
1,36,0.242,Manager,220.13,0.018,15,False,0.9835,False,none,2,0,0
3,37,0.6753,Manager,587.54,0.0721,3,False,0.9939,True,low,28,1,0
0,-1,0.3314,Employee,143.94,0.0465,0,True,0.0,False,none,11,0,0
3,29,0.0,Employee,119.27,0.0455,6,True,0.9561,False,none,11,0,0
1,42,0.1311,Employee,85.76,0.0287,6,False,0.9558,False,none,10,0,0
2,60,0.4573,Employee,175.3,0.0507,3,False,0.9069,False,none,1,0,0
2,83,0.6412,Manager,725.32,0.0757,346,True,0.5283,True,medium,47,3,1
2,76,0.7757,Employee,390.21,0.1438,194,False,0.5971,True,medium,94,5,1
4,54,0.6054,Employee,299.84,0.1501,4,False,0.9156,False,none,5,0,0
6,52,0.4174,Manager,348.05,0.0428,0,False,0.939,False,none,10,0,0
1,35,0.2346,Employee,126.72,0.0445,1,True,0.975,False,none,7,0,0
0,-1,0.2543,Employee,126.36,0.0517,3,True,0.0,False,none,10,0,0
3,1,0.3384,Manager,221.67,0.0241,17,False,0.933,False,none,9,0,0
0,-1,0.3162,Employee,145.02,0.0448,10,False,0.0,False,none,11,0,0
3,26,0.6866,Executive,2746.837335333414,0.0654,11,False,0.8895,False,none,11,0,0
2,48,0.2463,Employee,129.42,0.0393,4,True,0.9934,False,none,1,0,0
4,7,0.2162,Employee,128.67,0.0309,18,False,0.94,False,none,15,0,0
3,49,0.135,Employee,49.42,0.0134,3,False,0.8821,False,none,13,0,0
3,24,0.5666,Manager,623.7182019861489,0.0861,9,False,0.9171,False,none,10,0,0
2,11,0.3003,Employee,97.91,0.0364,7,False,0.9131,False,none,12,0,0
3,52,0.2241,Director,644.25,0.0554,2,True,0.8567,False,none,2,0,0
1,1,0.306,Employee,122.82,0.0,6,False,0.9445,False,none,5,0,0
3,40,0.6361,Employee,313.37,0.1223,1,False,0.9782,False,none,11,0,0
1,19,0.3664,Manager,420.84,0.0719,7,False,0.9234,False,none,1,0,0
0,-1,0.1906,Manager,199.26,0.0,9,True,0.0,False,none,8,0,0
1,25,0.2804,Manager,295.69,0.0368,0,False,0.9624,False,none,3,0,0
2,33,0.2803,Contractor,74.57,0.0774,1,False,0.9839,False,none,2,0,0
2,53,0.085,Manager,88.83,0.0081,0,True,0.9892,False,none,1,0,0
4,28,0.2392,Manager,184.45,0.0217,0,False,0.8909,False,none,5,0,0
3,30,0.2712,Employee,134.66,0.069,0,True,0.9741,False,none,14,0,0
3,30,0.7747,Employee,343.2637747622929,0.111,5,False,0.8916,True,low,22,1,0
1,9,0.3353,Employee,167.99,0.044,0,False,0.8672,False,none,6,0,0
1,43,0.1471,Manager,204.53,0.0501,0,False,0.9118,False,none,3,0,0
1,8,0.8258,Contractor,173.67918936256228,0.1973,7,False,0.8705,False,none,3,0,0
0,-1,0.9946,Contractor,247.95219806660643,0.2828,10,False,0.0,False,none,0,0,0
1,48,0.2641,Contractor,63.29,0.0,1,False,0.9287,False,none,10,0,0
2,92,0.4756,Employee,324.88,0.1468,364,False,0.721,True,medium,86,5,1
2,48,0.166,Director,576.25,0.0322,3,True,0.9065,False,none,15,0,0
2,12,0.1281,Contractor,31.35,0.0303,9,False,0.9183,False,none,6,0,0
2,1,2.6187,Contractor,343.96,0.3064,0,True,0.5888,True,medium,103,4,1
3,7,0.6501,Employee,365.88084050240155,0.0933,2,False,0.9207,False,none,8,0,0
29,1,0.0249,Director,88.94,0.0056,0,True,0.8849,False,none,0,1,1
1,14,7.3689,Employee,4408.42,2.039,16,False,0.6763,True,high,136,3,1
4,41,0.2897,Employee,133.26,0.043,2,False,0.8582,False,none,11,0,0
6,9,1.68,Employee,829.22,0.2988,1,True,0.713,True,medium,140,2,1
2,4,1.4062,Employee,683.97,0.1887,0,True,0.4091,True,medium,148,4,1
1,5,0.3681,Executive,1634.72,0.0301,6,False,0.9775,False,none,15,0,0
3,7,1.1704,Manager,1259.36,0.1655,1,True,0.759,True,medium,119,2,1
1,3,0.2957,Employee,167.22,0.047,1,False,0.8753,False,none,11,0,0
1,20,0.6168,Employee,297.34,0.0869,1,True,0.9815,False,none,2,0,0
6,47,0.3908,Director,973.56,0.0472,7,False,0.9121,False,none,8,0,0
2,36,0.6197,Employee,309.86806845778545,0.0969,1,True,0.9139,False,none,3,0,0
5,32,0.1344,Employee,38.44,0.0092,0,False,0.9396,False,none,7,0,0
3,27,0.223,Manager,230.82,0.0269,0,True,0.8817,False,none,5,0,0
5,16,0.7892,Director,1851.9960004920483,0.1108,10,False,0.9212,False,none,9,0,0
1,33,0.1225,Employee,79.36,0.0252,11,False,0.8503,False,none,12,0,0
5,4,0.0,Employee,592.53,0.2229,1,True,0.7063,True,medium,146,4,1
1,50,0.4066,Employee,184.76,0.0404,1,True,0.9663,False,none,6,0,0
5,5,0.5648,Director,1345.96,0.0,0,False,0.8744,False,none,13,0,0
1,28,0.3757,Employee,222.25,0.0685,17,True,0.9473,False,none,5,0,0
2,41,0.3508,Employee,219.05,0.0,0,False,0.9995,True,low,34,1,0
1,18,1.0164,Employee,391.99385749129544,0.1272,2,False,0.9879,False,none,2,0,0
22,1,0.5446,Contractor,132.17,0.1353,3,True,0.6485,False,none,16,3,1
38,2,0.0,Employee,23.69,0.0065,4,False,0.7173,False,none,19,2,1
1,48,0.1309,Contractor,32.48,0.0459,2,True,0.8624,False,none,0,0,0
1,33,0.0631,Employee,32.98,0.0124,7,False,0.8999,False,none,13,0,0
3,3,0.213,Employee,129.53,0.0429,3,False,0.9536,False,none,8,0,0
1,17,0.5981,Contractor,79.7743915404828,0.0576,3,False,0.8578,False,none,9,0,0
0,-1,0.7067,Director,2565.01,0.1196,250,True,0.5444,True,medium,99,3,1
3,9,0.4327,Executive,2835.41,0.0602,0,True,0.9377,False,none,12,0,0
1,20,0.3177,Employee,122.22,0.037,18,False,0.9613,False,none,9,0,0
1,16,0.9225,Manager,868.773775176136,0.123,9,True,0.8944,False,none,12,0,0
3,53,0.1734,Employee,81.43,0.0281,10,True,0.9456,False,none,8,0,0
1,15,0.0342,Contractor,8.43,0.0084,4,False,0.9371,False,none,3,0,0
3,33,0.0911,Manager,109.7,0.0132,2,False,0.8882,True,low,32,1,0
1,17,0.3172,Employee,135.97,0.0447,3,True,0.9328,False,none,6,0,0
3,5,0.9692,Manager,624.0255190489726,0.0564,15,False,0.9443,False,none,1,0,0
3,34,0.2023,Manager,203.25,0.0236,2,False,0.8993,False,none,2,0,0
1,14,0.2458,Employee,159.52,0.0416,7,False,0.8861,False,none,15,0,0
2,18,0.567,Manager,605.83,0.072,2,False,0.8606,False,none,11,0,0
2,48,0.1593,Employee,69.39,0.0231,0,True,0.9534,False,none,8,0,0
0,-1,0.132,Employee,73.7,0.0328,5,True,0.0,False,none,14,0,0
1,13,0.4356,Employee,190.36,0.0705,14,False,0.9535,False,none,4,0,0
37,2,0.115,Manager,129.72,0.0126,5,False,0.7906,False,none,1,3,1
1,20,0.6937,Employee,455.80845731973324,0.1691,5,False,0.8606,False,none,6,0,0
1,28,0.3941,Employee,183.21,0.0538,2,False,0.8676,False,none,10,0,0
0,-1,0.6961,Employee,348.17,0.1158,385,True,0.7215,True,medium,43,5,1
3,24,0.7094,Director,1967.38,0.1046,1,False,0.8747,False,none,8,0,0
0,-1,0.131,Manager,151.23,0.0202,5,False,0.0,False,none,4,0,0
1,2,0.2929,Employee,123.59,0.0375,32,False,0.9998,False,none,10,0,0
3,12,0.5577,Employee,282.27,0.0971,0,False,0.8884,False,none,10,0,0
0,-1,0.747,Director,2792.63,0.2564,22,False,0.0,False,none,12,0,0
2,18,5.2664,Employee,2773.12,0.7687,17,False,0.437,True,high,201,3,1
2,32,0.3846,Director,750.26,0.0,2,True,0.9491,False,none,5,0,0
1,48,0.5367,Manager,286.7939441297041,0.0329,1,False,0.9511,False,none,14,0,0
1,35,0.5313,Contractor,139.51686032374636,0.1558,7,True,0.9586,False,none,6,0,0
2,58,0.5435,Employee,235.78,0.0685,1,False,0.8547,False,none,10,0,0
2,8,0.574,Employee,218.51,0.0961,3,False,0.9812,False,none,8,0,0
2,19,0.6247,Executive,2333.48,0.0387,0,False,0.8678,False,none,2,0,0
1,16,0.3215,Executive,1674.86,0.0298,10,False,0.9746,False,none,15,0,0
0,-1,0.1163,Contractor,29.48,0.0355,9,False,0.0,True,low,26,1,0
4,4,0.1719,Manager,182.97,0.0245,0,False,0.8578,False,none,13,0,0
1,42,0.6492,Employee,188.3551416313749,0.0373,3,False,0.9861,False,none,1,0,0
5,19,0.8856,Employee,351.3938678159034,0.1189,4,False,0.917,False,none,10,0,0
4,18,6.9299,Contractor,1284.52,1.4206,10,False,0.5254,True,high,175,4,1
6,5,0.7524,Employee,272.1403269199627,0.0785,1,False,0.9703,True,low,21,1,0
2,44,0.5511,Employee,237.97,0.1137,1,False,0.876,False,none,0,0,0
0,-1,0.2762,Director,944.83,0.0705,3,False,0.0,False,none,10,0,0
1,6,0.0582,Employee,33.79,0.0098,3,False,0.8761,False,none,4,0,0
4,4,0.8384,Employee,483.12298525160924,0.1801,0,True,0.8552,False,none,5,0,0
3,47,0.4323,Employee,192.35,0.0521,0,True,0.9536,False,none,0,0,0
0,-1,0.7655,Contractor,145.0130735855147,0.1773,6,False,0.0,False,none,9,0,0
2,33,0.153,Director,624.89,0.0383,11,False,0.9322,True,low,22,1,0
1,2,1.1278,Manager,1120.9,0.1493,1,True,0.5588,True,medium,123,2,1
34,0,0.3054,Employee,92.94,0.0293,1,False,0.8321,False,none,14,3,1
4,42,0.3066,Manager,418.19,0.0522,1,True,0.9688,False,none,9,0,0
4,4,1.2325,Manager,1284.49,0.1469,0,True,0.7251,True,medium,93,2,1
0,-1,0.4495,Employee,166.16,0.0464,0,False,0.0,False,none,8,0,0
15,0,0.0078,Director,27.85,0.0015,1,False,0.7602,False,none,8,2,1
1,2,0.4372,Employee,198.71,0.0631,5,False,0.9054,False,none,14,0,0
28,0,0.247,Employee,114.03,0.0329,3,True,0.7721,False,none,2,2,1
2,19,0.3355,Manager,401.84,0.0496,4,False,0.9901,False,none,6,0,0
37,0,0.0203,Director,64.06,0.0026,1,False,0.6705,False,none,4,2,1
5,47,0.1877,Employee,73.98,0.0228,5,False,0.9728,False,none,5,0,0
0,-1,0.2875,Contractor,49.2,0.0378,2,False,0.0,False,none,8,0,0
3,10,1.3242,Employee,592.66,0.2045,0,True,0.5899,True,medium,162,3,1
2,15,0.5668,Executive,2511.9918412826128,0.0495,7,False,0.9532,False,none,6,0,0
2,47,0.2725,Manager,270.04,0.0292,3,False,0.8573,False,none,11,0,0
2,25,1.0017,Employee,540.76,0.1563,0,False,0.9613,False,none,1,0,0
1,46,0.2016,Manager,240.34,0.0389,3,True,0.8681,False,none,15,0,0
1,8,0.7342,Contractor,119.29439264524372,0.137,3,True,0.9212,False,none,13,0,0
2,28,0.0,Employee,138.11,0.0477,6,True,0.9034,False,none,14,0,0
0,-1,0.1886,Employee,108.14,0.0314,23,False,0.0,False,none,8,0,0
0,-1,0.394,Executive,1668.91,0.028,12,False,0.0,False,none,2,0,0
1,8,0.2796,Employee,142.1,0.0428,2,False,0.927,False,none,3,0,0
1,7,0.1506,Employee,92.84,0.0442,1,False,0.9802,False,none,6,0,0
3,43,0.5006,Employee,245.6,0.0972,2,False,0.9484,False,none,10,0,0
2,7,0.7611,Employee,231.4146770263089,0.0903,3,False,0.9527,False,none,11,0,0
3,35,0.436,Employee,346.37,0.0994,11,True,0.9797,False,none,4,0,0
2,21,0.5802,Manager,536.55,0.0828,2,False,0.8527,False,none,3,0,0
0,-1,0.1929,Employee,103.86,0.0292,0,False,0.0,False,none,1,0,0
2,47,0.3463,Contractor,40.18,0.0543,0,False,0.8769,False,none,7,0,0
5,55,0.24,Employee,102.79,0.0351,2,False,0.9402,False,none,9,0,0
1,51,0.7869,Manager,696.91,0.1043,0,False,0.8503,False,none,8,0,0
5,48,0.3254,Employee,145.03,0.0341,0,False,0.9228,False,none,13,0,0
2,3,0.8764,Employee,293.09675626265386,0.124,4,False,0.9366,False,none,8,0,0
2,38,0.2481,Employee,96.73,0.0307,1,False,0.904,False,none,7,0,0
1,21,0.3642,Employee,204.9,0.0492,7,True,0.8581,False,none,15,0,0
1,22,0.2309,Manager,212.89,0.0199,7,False,0.9053,True,low,17,1,0
3,26,0.1262,Manager,151.42,0.0246,6,False,0.874,False,none,12,0,0
2,42,0.5578,Employee,234.2088182464674,0.0569,0,False,0.8902,True,low,10,1,0
4,6,1.0869,Employee,593.78,0.1678,0,True,0.6529,True,medium,107,2,1
2,25,0.4748,Manager,529.81,0.0863,11,False,0.8933,False,none,1,0,0
8,6,1.5141,Contractor,318.22,0.3447,0,True,0.7524,True,medium,128,3,1
2,21,0.1553,Manager,135.0,0.0168,0,False,0.8692,False,none,9,0,0
8,3,1.7501,Manager,1438.74,0.127,1,True,0.4117,True,medium,135,2,1
7,57,0.0405,Manager,49.43,0.0081,1,False,0.9288,False,none,14,0,0
0,-1,0.4028,Employee,218.17,0.0781,1,False,0.0,False,none,13,0,0
2,39,0.4852,Employee,292.52,0.1188,13,False,0.9337,False,none,7,0,0
6,30,0.1351,Manager,147.75,0.0196,0,False,0.9926,False,none,13,0,0
1,38,0.3588,Employee,182.61,0.0815,8,False,0.8828,False,none,9,0,0
3,17,0.3142,Employee,169.81,0.0529,11,False,0.9872,False,none,15,0,0
1,27,0.0509,Director,207.51,0.0084,10,False,0.9792,False,none,10,0,0
1,50,0.5087,Manager,445.52,0.0635,5,False,0.9687,False,none,5,0,0
2,5,0.915,Employee,312.424995896853,0.0887,8,False,0.9069,False,none,14,0,0
5,23,7.0319,Employee,3552.9,1.2801,9,False,0.4661,True,high,259,4,1
4,11,0.6245,Employee,358.63186047751657,0.1286,0,False,0.9539,False,none,2,0,0
3,5,0.7697,Employee,384.62597251494014,0.1317,2,False,0.8927,False,none,1,0,0
1,33,0.5068,Contractor,90.51324969354101,0.0854,1,False,0.8696,False,none,8,0,0
26,1,0.0301,Director,123.31,0.0088,4,True,0.6093,False,none,11,2,1
1,60,0.1199,Director,454.4,0.0225,1,False,0.8584,False,none,7,0,0
0,-1,0.4368,Manager,365.0,0.0,14,False,0.0,False,none,10,0,0
4,60,0.1425,Director,404.67,0.0243,3,False,0.9693,False,none,9,0,0
2,40,0.1794,Employee,88.81,0.0231,2,False,0.8522,False,none,12,0,0
3,42,0.729,Employee,389.03689410568364,0.1309,5,False,0.96,False,none,15,0,0
1,39,0.5406,Employee,214.17267944909796,0.0558,12,False,0.9328,False,none,1,0,0
6,17,0.1818,Executive,1194.42,0.0452,0,True,0.8624,False,none,5,0,0
2,60,0.3549,Director,890.76,0.0545,12,False,0.8592,False,none,8,0,0
1,19,0.6953,Employee,402.97,0.1671,2,False,0.9254,False,none,8,0,0
2,27,0.1431,Employee,67.75,0.0192,0,False,0.9649,False,none,2,0,0
6,2,0.0731,Employee,41.63,0.017,6,False,0.9772,False,none,11,0,0
1,17,0.0,Employee,93.64,0.0251,1,True,0.9523,False,none,7,0,0
2,12,0.3569,Manager,392.14,0.0427,11,False,0.9814,True,low,12,1,0
1,33,0.78,Contractor,144.62,0.1171,0,False,0.887,False,none,6,0,0
4,50,0.3755,Manager,391.94,0.0577,2,False,0.9896,False,none,6,0,0
7,59,0.5541,Employee,298.02,0.0954,1,False,0.8934,False,none,10,0,0
0,-1,0.2648,Contractor,37.43,0.0399,0,False,0.0,False,none,12,0,0
3,24,0.4443,Employee,217.01,0.0825,7,False,0.8908,False,none,1,0,0
0,-1,0.7657,Director,2515.36,0.0987,388,False,0.5254,True,medium,33,5,1
0,-1,0.501,Manager,516.5831023628596,0.0752,1,False,0.0,False,none,8,0,0
0,-1,0.3268,Manager,320.74,0.0356,6,False,0.0,False,none,10,0,0
3,45,0.609,Employee,292.4433152178736,0.1005,1,True,0.9938,False,none,8,0,0
1,30,0.5862,Employee,187.5,0.0679,16,True,0.8971,False,none,9,0,0
0,-1,0.2923,Employee,154.02,0.0631,11,False,0.0,False,none,2,0,0
17,2,0.1177,Employee,73.87,0.0184,2,False,0.7298,False,none,12,2,1
1,42,0.2227,Employee,117.01,0.0524,1,True,0.8508,False,none,11,0,0
7,55,0.7853,Employee,335.47,0.1063,3,False,0.9037,False,none,13,0,0
3,28,0.8109,Employee,225.3104120922298,0.0924,2,False,0.9021,False,none,0,0,0
2,41,0.5609,Employee,220.07,0.0664,7,False,0.956,False,none,15,0,0
4,58,0.1399,Manager,166.95,0.0214,7,True,0.9749,False,none,9,0,0
2,21,8.6365,Employee,5932.54,2.2691,18,True,0.6067,True,high,292,7,1
2,1,0.1415,Employee,82.02,0.0253,0,False,0.8551,False,none,13,0,0
1,57,0.2316,Contractor,55.19,0.0829,6,False,0.9852,False,none,11,0,0
3,28,0.7737,Employee,369.19,0.123,0,True,0.8894,True,low,47,1,0
2,16,0.1637,Manager,137.08,0.0235,1,False,0.8643,False,none,15,0,0
2,12,0.2698,Employee,146.68,0.0,4,False,0.8612,False,none,14,0,0
1,15,0.0586,Manager,73.53,0.0116,8,False,0.9373,False,none,10,0,0
3,29,1.0463,Manager,923.5048424354527,0.1091,8,False,0.8643,False,none,1,0,0
0,-1,0.7926,Manager,649.15,0.0762,4,False,0.0,False,none,9,0,0
3,24,0.293,Employee,109.82,0.0409,1,False,0.9701,False,none,10,0,0
2,66,0.7296,Manager,933.88,0.1467,326,True,0.7617,True,medium,65,3,1
1,22,0.7224,Contractor,183.15,0.197,2,False,0.9193,False,none,6,0,0
1,38,0.0733,Director,307.28,0.0202,6,False,0.9333,False,none,4,0,0
4,10,0.8995,Manager,786.64,0.0,2,False,0.9943,False,none,3,0,0
3,22,0.3203,Employee,219.81,0.0,4,False,0.9564,False,none,2,0,0
3,56,0.1866,Employee,75.7,0.0272,0,False,0.9704,False,none,14,0,0
2,8,0.1657,Manager,172.49,0.0199,2,True,0.8741,False,none,8,0,0
7,28,0.3959,Manager,384.12,0.03,3,True,0.9796,False,none,15,0,0
0,-1,0.7077,Employee,293.4,0.0887,7,False,0.0,False,none,3,0,0
21,1,0.0188,Executive,65.12,0.0009,2,True,0.8484,False,none,3,2,1
2,29,0.1991,Manager,224.98,0.0265,5,False,0.9804,False,none,15,0,0
5,12,0.0764,Employee,37.27,0.0096,5,False,0.9733,False,none,11,0,0
0,-1,0.324,Manager,258.7,0.0382,3,True,0.0,False,none,12,0,0
1,3,1.2105,Contractor,293.91,0.3374,1,True,0.6688,True,medium,189,4,1
1,21,0.1887,Executive,1145.89,0.0252,2,True,0.9735,False,none,11,0,0
3,20,0.1297,Employee,69.77,0.0169,0,False,0.8677,False,none,11,0,0
5,13,4.9136,Employee,2325.18,0.9144,16,False,0.3611,True,high,282,5,1
1,32,0.8505,Director,3157.3370030403053,0.1347,13,False,0.9092,False,none,1,0,0
1,1,0.1599,Employee,88.48,0.0272,2,False,0.9082,False,none,5,0,0
0,-1,0.6852,Employee,393.61,0.1544,306,True,0.7658,True,medium,88,4,1
2,3,0.6585,Manager,858.23,0.0762,1,True,0.968,False,none,13,0,0
0,-1,0.4073,Director,1108.45,0.0403,7,False,0.0,False,none,2,0,0
3,19,0.1875,Manager,176.6,0.02,3,False,0.9487,False,none,0,0,0
3,30,3.0618,Employee,1699.26,0.6729,12,True,0.5302,True,high,320,3,1
1,34,0.7769,Manager,565.8137152303306,0.0592,2,True,0.9026,False,none,4,0,0
3,41,0.2288,Director,793.18,0.0366,0,False,0.9829,True,low,18,1,0
1,45,0.2623,Employee,107.67,0.0596,16,True,0.9259,False,none,6,0,0
2,19,0.2206,Executive,827.91,0.013,6,False,0.9545,True,low,22,1,0
2,24,0.121,Employee,65.84,0.0216,5,False,0.9175,False,none,5,0,0
2,58,0.5352,Employee,227.5564847068568,0.0638,2,False,0.9193,False,none,6,0,0
0,-1,0.9514,Employee,402.16339233211335,0.1459,2,False,0.0,False,none,1,0,0
0,-1,0.1771,Manager,157.11,0.0209,3,False,0.0,True,low,38,1,0
1,60,0.338,Manager,347.25,0.0487,2,False,0.8605,False,none,3,0,0
2,14,0.3845,Employee,112.44,0.0,2,False,0.886,False,none,6,0,0
5,52,0.3263,Contractor,38.47,0.0478,1,False,0.9187,False,none,13,0,0
4,54,0.3837,Director,1243.64,0.082,0,False,0.8637,False,none,7,0,0
4,47,0.0,Contractor,281.6744723322981,0.2897,2,False,0.8974,False,none,10,0,0
3,25,0.7174,Director,1735.7150235042388,0.0946,5,False,0.9491,False,none,6,0,0
5,32,0.0246,Employee,14.86,0.0042,3,False,0.8779,False,none,8,0,0
32,2,0.0802,Manager,104.76,0.0106,3,True,0.7092,False,none,19,1,1
2,60,0.2814,Employee,151.18,0.055,3,False,0.8651,False,none,0,0,0
0,-1,0.1365,Employee,32.15,0.0128,9,False,0.0,False,none,0,0,0
1,24,1.0058,Employee,424.4095975736779,0.1463,0,False,0.9524,True,low,34,1,0
2,22,0.0951,Employee,55.01,0.0235,0,True,0.9553,False,none,9,0,0
1,31,0.237,Employee,126.03,0.0401,3,False,0.9733,False,none,13,0,0
2,33,0.8888,Employee,358.3699298180309,0.102,2,False,0.8737,False,none,9,0,0
3,58,0.2094,Employee,89.78,0.0259,7,False,0.877,False,none,2,0,0
4,36,0.4956,Contractor,90.27,0.0692,5,False,0.8723,False,none,7,0,0
3,43,0.0474,Employee,32.07,0.0134,2,False,0.9426,False,none,1,0,0
5,33,0.3225,Manager,356.91,0.0471,2,False,0.8971,False,none,7,0,0
1,25,0.1612,Director,516.86,0.0274,6,False,0.9705,False,none,13,0,0
1,37,0.1967,Director,627.65,0.0444,1,False,0.8982,False,none,8,0,0
32,0,0.1198,Employee,74.85,0.0391,1,False,0.7086,False,none,6,1,1
0,-1,0.1275,Manager,182.08,0.0226,1,False,0.0,False,none,13,0,0
1,21,0.2978,Employee,138.07,0.0675,4,False,0.9226,False,none,2,0,0
2,53,0.7841,Employee,338.32,0.1431,5,False,0.9572,False,none,0,0,0
6,18,0.8308,Employee,402.1196150314254,0.1028,2,False,0.9866,False,none,8,0,0
2,32,0.3245,Employee,187.95,0.0664,8,False,0.937,False,none,7,0,0
28,2,0.0159,Director,53.83,0.003,5,False,0.6449,False,none,14,1,1
1,45,0.0807,Employee,39.51,0.0171,13,False,0.994,False,none,4,0,0
4,35,0.1665,Employee,80.42,0.0219,8,False,0.8631,False,none,3,0,0
0,-1,0.3657,Director,1200.04,0.0468,4,False,0.0,False,none,11,0,0
1,59,0.1712,Employee,98.28,0.0358,1,False,0.9038,False,none,0,0,0
2,41,0.135,Employee,71.53,0.0204,2,False,0.963,False,none,7,0,0
3,35,0.3044,Employee,121.05,0.0395,1,False,0.9163,True,low,26,1,0
2,58,0.2654,Executive,1418.51,0.0436,1,False,0.8585,False,none,3,0,0
3,37,0.2968,Employee,150.51,0.0466,19,False,0.984,False,none,2,0,0
1,46,0.3248,Employee,158.77,0.0653,2,False,0.865,False,none,7,0,0
2,2,0.4222,Employee,169.33,0.0456,0,False,0.9956,False,none,14,0,0
3,52,0.4909,Employee,148.49,0.0472,1,True,0.9028,False,none,11,0,0
2,46,0.2664,Director,688.66,0.0305,1,False,0.8685,False,none,7,0,0
38,1,0.004,Director,14.37,0.0008,0,False,0.633,False,none,12,3,1
3,28,0.1361,Employee,80.16,0.0522,0,False,0.854,False,none,13,0,0
2,32,0.3909,Director,1034.04,0.0493,7,False,0.9994,False,none,9,0,0
3,19,0.6224,Employee,285.09,0.078,8,False,0.8737,False,none,8,0,0
1,46,0.9652,Contractor,130.24040521715187,0.2473,4,False,0.9111,False,none,5,0,0
2,5,0.3815,Employee,129.29,0.0332,3,True,0.9605,False,none,10,0,0
2,4,0.3355,Manager,323.18,0.0372,3,False,0.9589,False,none,12,0,0
5,13,0.1237,Manager,117.16,0.0151,4,True,0.9014,False,none,9,0,0
2,11,0.7594,Manager,724.9500935901303,0.0855,1,False,0.9791,False,none,2,0,0
0,-1,0.682,Director,1578.69,0.083,1,False,0.0,False,none,1,0,0
3,47,0.0847,Manager,109.68,0.0119,1,False,0.8627,False,none,3,0,0
3,40,0.0753,Employee,48.98,0.0198,3,True,0.985,False,none,10,0,0
2,16,0.224,Employee,72.29,0.0279,0,False,0.9117,False,none,4,0,0
3,12,0.1549,Employee,89.17,0.027,9,True,0.9014,False,none,4,0,0
3,26,0.316,Employee,179.27,0.0731,5,False,0.8928,False,none,3,0,0
1,37,0.8468,Employee,352.82738789366357,0.1062,3,False,0.9551,False,none,9,0,0
2,47,0.4229,Manager,481.46,0.0494,3,False,0.9944,False,none,2,0,0
3,26,9.8142,Manager,10218.2,0.9781,8,False,0.503,True,high,284,6,1
23,0,0.1294,Employee,65.61,0.0234,4,True,0.7384,False,none,8,2,1
31,2,0.0392,Director,83.72,0.0056,5,False,0.6668,False,none,12,2,1
1,44,0.332,Employee,166.67,0.059,0,False,0.9515,False,none,7,0,0
4,36,0.0,Employee,35.55,0.0138,0,False,0.8809,False,none,15,0,0
1,13,0.1248,Contractor,21.44,0.0,3,False,0.877,False,none,11,0,0
1,60,0.7755,Director,3167.27,0.134,433,False,0.6956,True,medium,55,3,1
18,0,0.01,Director,31.21,0.0014,1,False,0.6885,False,none,8,2,1
1,28,1.0461,Director,3270.4885283804733,0.1843,0,False,0.9405,False,none,7,0,0
1,32,0.1972,Employee,87.51,0.0333,3,False,0.9794,False,none,14,0,0
1,53,0.2916,Employee,187.5,0.0527,0,False,0.9089,False,none,4,0,0
1,19,0.2593,Employee,112.31,0.0409,1,True,0.8535,False,none,15,0,0
0,-1,0.5474,Director,1724.2974467519982,0.1025,2,False,0.0,False,none,10,0,0
2,26,0.4881,Employee,198.45,0.0705,11,False,0.864,False,none,5,0,0
4,1,1.9181,Employee,807.58,0.2958,1,True,0.7465,True,medium,166,2,1
2,19,9.7881,Employee,6462.98,0.0,17,True,0.4446,True,high,232,8,1
1,6,0.5155,Employee,317.18,0.0985,5,False,0.9643,False,none,7,0,0
26,0,0.194,Employee,117.52,0.043,4,False,0.7556,False,none,5,1,1
3,20,0.8322,Employee,160.58039263854417,0.0448,4,False,0.8899,False,none,2,0,0
1,44,0.3147,Manager,243.97,0.0374,8,False,0.9175,False,none,1,0,0
2,38,0.0,Employee,112.25,0.0624,0,False,0.8852,False,none,1,0,0
2,49,0.1325,Contractor,23.74,0.022,7,False,0.9592,False,none,5,0,0
0,-1,0.1476,Employee,92.99,0.0277,1,False,0.0,False,none,0,0,0
3,13,0.1044,Manager,134.43,0.0135,0,True,0.8558,False,none,3,0,0
40,0,0.0858,Manager,108.77,0.0147,2,False,0.6944,False,none,6,2,1
0,-1,0.1055,Employee,38.59,0.0087,7,False,0.0,False,none,13,0,0
6,28,0.44,Employee,143.62,0.0449,0,False,0.9376,False,none,9,0,0
3,18,0.8328,Contractor,117.85016019883327,0.1719,0,False,0.9633,False,none,7,0,0
0,-1,0.8677,Manager,499.59,0.0626,3,True,0.0,False,none,9,0,0
2,46,0.2284,Executive,1408.44,0.027,0,False,0.8523,True,low,19,1,0
1,33,0.715,Director,2526.46,0.1333,1,False,0.9647,False,none,4,0,0
1,24,0.3822,Manager,395.82,0.042,5,False,0.9133,False,none,2,0,0
0,-1,0.3279,Manager,348.28,0.0595,1,True,0.0,False,none,12,0,0
0,-1,0.0951,Executive,606.49,0.012,10,False,0.0,False,none,4,0,0
3,22,0.0,Director,358.2196367727798,0.0186,0,False,0.9366,False,none,3,0,0
3,23,0.656,Employee,272.8821231334406,0.0795,9,False,0.8597,False,none,15,0,0
1,14,0.277,Executive,1463.77,0.026,1,False,0.9788,False,none,7,0,0
3,25,0.5359,Manager,565.01,0.0779,0,False,0.9078,False,none,6,0,0
2,11,0.3798,Employee,139.15,0.0432,12,True,0.9958,False,none,3,0,0
1,11,0.0,Employee,151.76,0.0737,0,True,0.8529,False,none,13,0,0
6,5,2.2509,Manager,2237.25,0.2396,1,True,0.6425,True,high,58,6,1
3,34,0.0674,Employee,34.95,0.02,5,True,0.9498,False,none,4,0,0
1,113,0.7607,Director,2962.89,0.1372,365,False,0.7011,True,medium,36,3,1
23,1,0.0141,Executive,85.02,0.0,2,True,0.7505,False,none,6,1,1
2,27,3.5786,Employee,1901.06,0.5819,13,False,0.3052,True,high,207,6,1
3,20,0.0,Employee,112.73,0.0341,7,False,0.9515,True,low,44,1,0
1,40,0.1524,Employee,82.78,0.0276,4,False,0.9599,False,none,10,0,0
2,31,0.1164,Employee,57.35,0.0189,2,False,0.977,False,none,0,0,0
2,44,0.3367,Manager,442.83,0.0754,0,False,0.9107,False,none,10,0,0
3,10,0.056,Employee,33.24,0.0126,0,False,0.9064,False,none,5,0,0
4,50,0.1388,Employee,67.34,0.0248,2,False,0.9449,False,none,1,0,0
1,27,0.1743,Employee,96.38,0.0534,1,False,0.9031,False,none,1,0,0
3,20,0.4775,Manager,470.18,0.0578,6,False,0.8712,False,none,10,0,0
2,13,0.3622,Employee,186.76,0.067,5,False,0.8506,False,none,15,0,0
16,0,0.0144,Director,31.04,0.0017,1,False,0.7286,False,none,14,1,1
1,38,0.3724,Director,1020.28,0.0507,6,False,0.8928,True,low,25,1,0
1,7,0.0696,Employee,46.6,0.0191,2,True,0.9928,False,none,4,0,0
3,59,0.5174,Manager,563.7182324888934,0.0566,0,False,0.8762,False,none,8,0,0
1,17,0.0,Manager,5974.15,1.0798,11,False,0.5574,True,high,285,6,1
0,-1,0.1007,Director,347.19,0.0285,0,True,0.0,False,none,4,0,0
2,2,0.1377,Contractor,29.29,0.045,9,False,0.959,False,none,1,0,0
20,2,0.1278,Employee,83.2,0.0222,3,False,0.6257,False,none,2,3,1
0,-1,0.1857,Executive,1171.58,0.0264,0,False,0.0,False,none,5,0,0
2,37,0.2006,Employee,78.3,0.0267,6,False,0.977,False,none,6,0,0
3,14,0.5635,Employee,319.58,0.1294,8,True,0.8973,False,none,4,0,0
1,10,0.156,Executive,828.16,0.0176,5,False,0.8507,False,none,6,0,0
0,-1,1.0195,Contractor,189.29409189641987,0.2595,12,True,0.0,False,none,9,0,0
2,22,0.099,Employee,60.04,0.026,1,False,0.936,False,none,9,0,0
1,13,0.3387,Executive,1814.01,0.0504,5,False,0.9893,True,low,44,1,0
3,32,0.0,Employee,94.93,0.044,5,False,0.9094,False,none,9,0,0
28,1,0.4057,Employee,142.72,0.0445,3,True,0.8794,False,none,13,1,1
5,4,2.1935,Manager,2324.7,0.2541,1,True,0.6331,True,high,193,5,1
2,77,1.3143,Employee,549.6,0.1649,223,False,0.5735,True,medium,54,4,1
1,48,0.0784,Employee,52.7,0.017,4,False,0.9391,False,none,2,0,0
4,54,0.5426,Employee,336.5789479895004,0.1482,10,False,0.9104,False,none,13,0,0
4,13,0.0763,Manager,85.17,0.0097,0,True,0.9231,False,none,10,0,0
3,57,0.5174,Manager,655.2725822542141,0.0616,2,False,0.8588,False,none,11,0,0
2,35,0.408,Employee,178.13,0.0602,0,False,0.989,False,none,10,0,0
7,8,1.8741,Employee,1062.86,0.4004,0,True,0.7184,True,high,148,6,1
3,13,0.5579,Manager,405.75929050438054,0.0543,7,False,0.8778,False,none,5,0,0
4,11,0.6039,Manager,609.04,0.0788,9,False,0.922,False,none,7,0,0
2,30,0.0965,Director,408.67,0.0321,0,False,0.9006,False,none,2,0,0
2,25,0.1832,Employee,55.52,0.0169,6,False,0.9546,False,none,1,0,0
1,29,7.9283,Manager,11374.58,1.1635,9,False,0.6293,True,high,111,5,1
1,48,0.8861,Employee,263.86,0.0884,3,False,0.8577,False,none,3,0,0
3,4,0.2477,Director,640.01,0.0285,6,True,0.8568,True,low,37,1,0
2,46,0.0939,Employee,45.57,0.0134,1,False,0.9084,True,low,15,1,0
3,35,0.7608,Director,1922.1305509264334,0.0954,0,False,0.9871,False,none,12,0,0
1,60,0.0,Director,375.91,0.0149,1,False,0.9154,False,none,2,0,0
0,-1,0.7144,Employee,179.40363322697786,0.0559,9,False,0.0,False,none,11,0,0
3,11,0.5148,Contractor,79.25,0.0724,4,False,0.8965,False,none,3,0,0
3,14,0.4813,Contractor,65.25,0.077,2,True,0.936,True,low,27,1,0
3,28,0.0763,Employee,44.56,0.015,16,False,0.992,True,low,23,1,0
1,28,0.0,Director,140.33,0.0054,4,False,0.9535,False,none,5,0,0
1,55,0.182,Manager,232.8,0.0272,0,True,0.9229,False,none,0,0,0
1,3,0.5856,Employee,211.96927341333839,0.0504,8,False,0.9825,False,none,9,0,0
1,26,0.2703,Employee,127.71,0.0325,0,False,0.9801,False,none,14,0,0
3,26,9.1618,Employee,4858.7,1.2765,17,False,0.6963,True,high,124,7,1
2,42,0.158,Employee,88.22,0.0453,6,False,0.9682,False,none,4,0,0
7,44,0.6882,Director,1779.854318887275,0.1591,12,False,0.8855,False,none,15,0,0
4,36,0.3358,Manager,422.45,0.0662,0,True,0.8842,False,none,10,0,0
1,43,0.5184,Employee,230.56,0.0839,1,False,0.945,False,none,3,0,0
1,9,0.0,Employee,88.95,0.0301,0,False,0.9184,False,none,15,0,0
5,34,0.5115,Employee,215.91,0.0681,14,False,0.9371,False,none,8,0,0
1,27,0.6562,Manager,265.43488334014785,0.0473,2,True,0.9713,False,none,2,0,0
2,22,0.7997,Employee,442.57592324273537,0.1255,4,False,0.8569,False,none,7,0,0
2,23,0.2215,Contractor,44.72,0.047,9,False,0.9546,False,none,12,0,0
2,55,0.3397,Executive,1472.26,0.0275,1,False,0.9484,False,none,6,0,0
5,23,0.5473,Director,1694.09,0.0662,2,False,0.9924,False,none,2,0,0
2,42,0.3637,Manager,366.16,0.0485,0,False,0.9139,False,none,4,0,0
0,-1,0.3875,Manager,409.91,0.0615,2,False,0.0,False,none,7,0,0
1,20,0.1872,Employee,88.41,0.0,8,False,0.9425,False,none,14,0,0
1,53,0.2496,Executive,1243.82,0.0242,15,False,0.9274,True,low,10,1,0
2,40,0.4765,Director,1234.23,0.1101,1,False,0.9917,False,none,6,0,0
2,48,0.0948,Manager,133.2,0.018,5,False,0.9988,False,none,4,0,0
1,41,0.6974,Director,2590.484800078991,0.1857,5,False,0.9072,False,none,10,0,0
2,44,0.3454,Contractor,54.28,0.0565,2,False,0.8885,False,none,14,0,0
6,27,0.2753,Executive,1676.59,0.027,3,False,0.9076,False,none,4,0,0
1,13,0.0,Employee,229.51,0.0869,4,False,0.9987,False,none,14,0,0
3,4,0.3728,Director,1068.87,0.0436,0,False,0.8627,False,none,9,0,0
2,13,0.2649,Contractor,70.93,0.0876,2,False,0.9438,False,none,10,0,0
2,60,0.1482,Contractor,26.6,0.0215,5,False,0.9946,False,none,11,0,0
2,16,0.7304,Manager,738.2,0.0862,3,False,0.8757,False,none,12,0,0
2,8,0.9453,Contractor,183.28311950012377,0.2521,0,False,0.944,False,none,6,0,0
1,30,0.1081,Employee,53.94,0.0187,8,False,0.9478,False,none,13,0,0
2,13,0.22,Employee,85.6,0.0227,3,False,0.8748,False,none,14,0,0
1,16,0.3862,Employee,142.84,0.0569,8,False,0.8503,False,none,9,0,0
9,10,1.0279,Contractor,225.76,0.2152,0,True,0.5705,True,high,151,5,1
27,1,0.0233,Executive,91.24,0.0019,3,False,0.6678,False,none,2,1,1
0,-1,0.1817,Director,543.43,0.031,3,False,0.0,False,none,13,0,0
2,46,0.1669,Employee,98.36,0.0309,8,False,0.9289,False,none,12,0,0
3,57,0.3094,Manager,345.79,0.0341,7,False,0.9982,False,none,2,0,0
1,21,0.2211,Employee,121.36,0.0338,2,False,0.9228,False,none,9,0,0
1,1,0.2665,Employee,149.31,0.0663,3,False,0.9474,False,none,13,0,0
0,-1,1.2353,Employee,518.56,0.1803,287,True,0.5879,True,medium,51,2,1
2,16,0.268,Manager,242.67,0.0311,1,False,0.9211,False,none,8,0,0
5,28,0.4017,Manager,333.92,0.0375,6,False,0.921,False,none,13,0,0
0,-1,0.1143,Contractor,28.27,0.0334,11,False,0.0,True,low,50,1,0
3,9,0.2839,Manager,247.89,0.0286,10,False,0.9681,False,none,1,0,0
1,55,0.4123,Employee,121.83,0.0341,1,False,0.9794,False,none,15,0,0
1,22,0.1526,Director,598.34,0.0394,3,False,0.8789,False,none,12,0,0
2,29,0.3487,Manager,476.07,0.0585,2,False,0.9216,False,none,8,0,0
4,10,0.4369,Employee,202.42,0.053,1,False,0.9915,False,none,1,0,0
1,14,0.694,Contractor,96.58,0.1038,0,False,0.9336,False,none,2,0,0
2,56,0.0576,Manager,33.83,0.0042,3,True,0.9551,False,none,6,0,0
0,-1,0.2207,Director,831.31,0.0405,6,True,0.0,False,none,8,0,0
2,4,0.2643,Employee,118.62,0.0379,17,False,0.866,False,none,15,0,0
3,9,0.5164,Manager,582.6090834176208,0.1052,10,False,0.9756,True,low,38,1,0
1,3,0.245,Employee,132.07,0.0487,0,False,0.9639,False,none,12,0,0
1,39,0.4004,Employee,215.58,0.0734,0,False,0.9401,False,none,11,0,0
3,38,0.146,Employee,99.2,0.0326,1,False,0.8656,False,none,0,0,0
5,1,1.0785,Director,3272.22,0.1365,0,True,0.6902,True,high,85,5,1
2,4,0.2146,Manager,184.16,0.0187,2,False,0.9941,False,none,11,0,0
0,-1,0.4694,Employee,140.82,0.0364,1,False,0.0,False,none,1,0,0
2,8,0.1488,Employee,70.95,0.0161,4,False,0.9529,False,none,5,0,0
1,11,0.2435,Manager,212.28,0.0204,2,False,0.9848,False,none,0,0,0
1,10,0.3476,Manager,337.47,0.0563,3,False,0.9013,False,none,6,0,0
10,7,1.7697,Employee,880.38,0.2253,0,True,0.741,True,medium,78,4,1
3,23,0.2096,Manager,205.28,0.0263,6,False,0.8938,False,none,5,0,0
2,9,0.2888,Manager,251.63,0.0269,5,False,0.982,False,none,5,0,0
2,28,0.286,Employee,172.07,0.0792,16,False,0.9853,False,none,10,0,0
2,36,0.1571,Employee,75.71,0.0224,13,False,0.9384,False,none,2,0,0
1,46,0.208,Employee,106.81,0.0295,3,False,0.9113,False,none,6,0,0
2,9,0.1066,Manager,95.32,0.0108,2,True,0.9424,False,none,6,0,0
17,0,0.1956,Employee,118.08,0.0501,2,False,0.6132,False,none,15,1,1
1,48,0.086,Employee,51.35,0.0157,12,False,0.9144,False,none,15,0,0
1,51,0.3022,Manager,312.55,0.0341,7,False,0.9679,False,none,1,0,0
1,34,0.2856,Manager,277.57,0.0288,3,False,0.9646,False,none,12,0,0
2,20,0.188,Employee,80.87,0.0187,2,False,0.9458,False,none,15,0,0
7,20,0.1876,Employee,89.94,0.0333,4,True,0.9205,False,none,13,0,0
32,2,0.007,Director,17.1,0.0011,5,False,0.6892,False,none,10,1,1
4,26,0.7373,Employee,241.84116863337866,0.0,4,False,0.8629,False,none,12,0,0
2,44,0.2557,Employee,138.82,0.0496,14,False,0.9716,False,none,10,0,0
2,54,0.389,Director,894.96,0.0415,3,False,0.861,False,none,13,0,0
26,2,0.0488,Employee,33.19,0.0098,2,False,0.7116,False,none,9,2,1
25,0,0.1973,Employee,121.28,0.0395,5,False,0.7842,False,none,17,3,1
1,52,0.5728,Employee,301.5571903292889,0.1075,6,False,0.9169,False,none,6,0,0
5,8,0.0,Employee,66.12,0.0205,0,False,0.9536,False,none,5,0,0
3,6,0.0234,Manager,25.57,0.0031,2,False,0.8567,True,low,10,1,0
0,-1,0.2714,Employee,151.45,0.0506,4,False,0.0,False,none,12,0,0
0,-1,0.0831,Manager,120.1,0.0115,0,False,0.0,False,none,6,0,0
3,23,8.1885,Manager,8021.6,0.9929,7,True,0.2848,True,high,113,6,1
3,30,0.067,Contractor,15.23,0.0219,2,False,0.9095,False,none,12,0,0
1,16,0.1173,Director,346.31,0.0168,0,False,0.9602,False,none,6,0,0
4,48,0.1239,Director,477.49,0.0234,0,True,0.8918,False,none,11,0,0
4,48,0.0,Manager,342.6755943472148,0.0435,1,False,0.9624,False,none,12,0,0
1,60,0.3199,Employee,157.27,0.0512,3,False,0.8613,False,none,5,0,0
5,34,0.3508,Contractor,47.96,0.0399,2,False,0.9436,False,none,8,0,0
2,100,0.5265,Director,1744.07,0.0834,378,False,0.6903,True,medium,68,3,1
1,31,0.5015,Employee,282.09,0.0789,1,True,0.9081,False,none,15,0,0
21,1,0.2623,Employee,120.5,0.0311,2,True,0.7256,False,none,6,2,1
4,18,3.152,Employee,1614.95,0.4583,9,True,0.6133,True,high,254,3,1
2,51,0.4598,Executive,1696.99,0.03,3,True,0.9399,False,none,11,0,0
2,7,0.3698,Employee,173.79,0.0671,2,False,0.9811,False,none,1,0,0
1,46,0.7632,Employee,296.39,0.1015,0,False,0.8785,False,none,12,0,0
1,10,0.304,Manager,246.91,0.0,3,True,0.9555,False,none,1,0,0
0,-1,0.8755,Employee,490.38669770071874,0.1596,3,True,0.0,False,none,5,0,0
3,14,0.3748,Employee,229.32,0.0993,4,True,0.9931,True,low,47,1,0
1,18,0.1401,Employee,70.44,0.0188,4,True,0.9635,False,none,3,0,0
1,13,0.0998,Manager,129.17,0.0132,1,False,0.9718,False,none,10,0,0
10,2,1.0916,Contractor,269.02,0.2584,0,True,0.6451,True,high,187,4,1
4,8,1.0284,Employee,426.63157246098916,0.1631,7,True,0.9444,False,none,11,0,0
0,-1,0.3572,Director,989.77,0.058,8,False,0.0,False,none,5,0,0
2,60,0.3175,Employee,230.43,0.0598,4,False,0.9379,False,none,6,0,0
1,30,0.4069,Manager,390.27,0.0594,20,False,0.8771,False,none,15,0,0
7,6,3.0304,Employee,934.49,0.2858,1,True,0.7686,True,medium,144,5,1
2,10,0.6509,Employee,408.02,0.1479,10,True,0.9254,False,none,4,0,0
1,13,0.1854,Employee,102.61,0.0301,14,True,0.9588,False,none,12,0,0
0,-1,0.5635,Employee,261.352945363519,0.1126,1,False,0.0,False,none,5,0,0
1,28,0.8377,Manager,777.14,0.098,10,False,0.9017,False,none,8,0,0
1,28,0.0637,Executive,251.7,0.0043,6,False,0.9949,False,none,0,0,0
1,35,0.0726,Employee,32.04,0.0137,1,False,0.907,False,none,7,0,0
4,40,0.066,Director,260.02,0.0111,4,False,0.977,False,none,4,0,0
1,23,0.3044,Director,1103.23,0.0527,1,False,0.9535,True,low,34,1,0
3,11,0.3523,Employee,189.77,0.0797,9,False,0.9861,False,none,4,0,0
0,-1,0.5173,Contractor,104.33617027040717,0.0912,9,False,0.0,False,none,3,0,0
3,49,0.1017,Employee,49.83,0.0139,5,True,0.9927,False,none,8,0,0
5,17,0.0,Employee,6120.83,2.0219,8,True,0.3945,True,high,137,5,1
1,11,0.6068,Employee,362.3821358432463,0.1286,1,True,0.9484,True,low,24,1,0
0,-1,0.1391,Employee,70.05,0.0262,2,False,0.0,False,none,3,0,0
1,21,0.7246,Employee,320.08,0.1059,3,True,0.8938,True,low,11,1,0
2,28,0.2407,Director,590.61,0.0272,0,False,0.8795,False,none,9,0,0
5,30,0.2217,Manager,265.65,0.0325,2,False,0.9161,False,none,10,0,0
3,54,0.5322,Manager,524.37,0.0565,0,False,0.868,False,none,14,0,0
0,-1,0.7734,Employee,385.2,0.1196,263,True,0.77,True,medium,60,4,1
7,5,0.5375,Employee,395.74,0.1328,0,True,0.6447,True,medium,152,3,1
0,-1,0.8208,Employee,472.01,0.1277,449,True,0.5904,True,medium,39,4,1
1,10,1.2374,Contractor,305.68,0.4719,1,True,0.4688,True,medium,97,5,1
2,16,0.817,Employee,340.6874429258626,0.1028,0,True,0.9847,False,none,6,0,0
4,34,0.141,Manager,126.46,0.0116,16,False,0.9832,False,none,14,0,0
3,35,0.615,Employee,312.94121882427964,0.1208,1,False,0.9817,False,none,15,0,0
0,-1,0.3151,Manager,233.85,0.0307,0,False,0.0,False,none,11,0,0
2,76,0.2696,Employee,146.13,0.043,397,False,0.5372,True,medium,30,4,1
0,-1,0.4429,Executive,2340.54,0.0542,11,False,0.0,False,none,15,0,0
4,41,0.263,Manager,169.44,0.0176,0,True,0.8505,False,none,15,0,0
2,45,0.3025,Employee,147.1,0.0409,6,False,0.9577,False,none,10,0,0
2,44,0.1238,Employee,82.5,0.0234,0,False,0.8968,False,none,1,0,0
0,-1,0.4023,Director,1382.71,0.058,4,False,0.0,False,none,5,0,0
0,-1,0.5201,Manager,422.1036504241319,0.0484,23,False,0.0,False,none,10,0,0
4,10,0.7266,Director,1627.3680484587812,0.1171,2,False,0.9729,False,none,9,0,0
2,25,4.4122,Employee,1920.79,0.5517,6,True,0.3436,True,high,111,3,1
1,13,0.453,Employee,285.98,0.071,6,False,0.8589,False,none,14,0,0
2,5,0.1473,Employee,60.05,0.0196,1,False,0.8876,False,none,0,0,0
1,36,0.0261,Contractor,5.98,0.0063,9,True,0.8664,False,none,15,0,0
1,14,3.4594,Employee,1755.74,0.4979,13,True,0.4134,True,high,152,8,1
2,18,0.0997,Employee,76.51,0.0272,2,False,0.919,False,none,12,0,0
2,7,0.5169,Manager,598.53,0.0873,0,False,0.9321,False,none,6,0,0
3,13,0.3961,Employee,159.18,0.0673,13,False,0.9342,False,none,3,0,0
4,57,0.6492,Contractor,128.58,0.1547,6,False,0.9515,False,none,1,0,0
3,53,0.0,Employee,76.57,0.0234,5,False,0.8508,False,none,0,0,0
2,48,0.2814,Director,1019.89,0.0369,5,False,0.8745,False,none,1,0,0
5,47,0.7932,Director,1397.1275283287114,0.0,0,False,0.9053,False,none,2,0,0
1,24,0.3058,Employee,189.56,0.0675,4,True,0.8767,False,none,2,0,0
3,51,0.0,Employee,321.21145904335026,0.1008,1,False,0.9194,False,none,7,0,0
1,30,0.3523,Employee,200.98,0.05,6,True,0.8891,False,none,1,0,0
1,25,0.4459,Director,1612.28,0.0969,2,True,0.9604,False,none,12,0,0
2,49,0.353,Director,1085.17,0.0538,1,False,0.9961,False,none,10,0,0
1,23,0.2315,Employee,136.25,0.0516,0,False,0.8575,False,none,10,0,0
2,18,6.359,Manager,8631.57,0.9916,12,True,0.2438,True,high,169,3,1
3,12,7.8972,Contractor,1336.83,1.3195,20,False,0.3592,True,high,318,4,1
3,11,3.172,Executive,13015.46,0.2736,11,False,0.5508,True,high,106,8,1
5,1,0.8327,Employee,503.36,0.1531,1,True,0.6947,True,high,89,6,1
4,26,0.2058,Contractor,34.69,0.0416,0,True,0.9974,False,none,4,0,0
1,5,0.6065,Employee,282.88630510493994,0.1078,9,False,0.9918,False,none,8,0,0
1,57,0.1546,Manager,164.29,0.0154,6,False,0.9442,False,none,1,0,0
0,-1,0.122,Contractor,16.27,0.0186,0,True,0.0,False,none,0,0,0
2,31,0.1256,Employee,53.03,0.0176,6,False,0.9107,False,none,14,0,0
0,-1,0.2169,Contractor,49.66,0.0552,4,True,0.0,False,none,0,0,0
4,53,0.5448,Manager,475.59,0.0613,0,False,0.9163,False,none,9,0,0
3,58,0.4602,Manager,665.76,0.0925,1,True,0.8531,False,none,9,0,0
1,4,0.8655,Manager,658.4594473335895,0.069,2,True,0.9696,False,none,3,0,0
4,39,0.1901,Employee,127.21,0.034,2,False,0.9316,False,none,5,0,0
2,48,0.0994,Director,223.7,0.0088,2,False,0.8632,False,none,8,0,0
2,71,0.5353,Employee,429.39,0.1084,427,True,0.6997,True,medium,94,4,1
3,17,0.7615,Employee,220.6107392601702,0.0795,27,True,0.9662,False,none,12,0,0
2,42,0.5698,Director,1642.9315328324408,0.0909,10,True,0.8819,False,none,10,0,0
3,26,0.1472,Director,539.08,0.0306,8,False,0.984,False,none,3,0,0
6,41,0.4267,Employee,157.17,0.0717,8,False,0.9465,False,none,5,0,0
3,39,0.6814,Employee,268.49,0.0,1,False,0.9679,False,none,12,0,0
4,9,0.1103,Director,361.11,0.015,5,True,0.9328,False,none,3,0,0
0,-1,0.3016,Director,879.21,0.0332,2,False,0.0,False,none,5,0,0
2,2,1.5596,Contractor,267.67,0.2936,1,True,0.5144,True,high,186,6,1
4,52,0.3523,Employee,158.54,0.0693,1,False,0.8772,False,none,13,0,0
6,35,0.2005,Manager,161.27,0.015,19,False,0.9118,False,none,13,0,0
35,0,0.0698,Employee,42.18,0.0115,2,False,0.769,False,none,2,2,1
0,-1,0.0963,Manager,95.96,0.0131,3,True,0.0,False,none,3,0,0
1,59,0.2443,Director,852.09,0.0482,2,False,0.852,False,none,2,0,0
2,14,0.206,Employee,104.31,0.0386,3,False,0.9436,False,none,15,0,0
2,43,0.56,Employee,231.01,0.0605,18,False,0.9665,False,none,15,0,0
2,23,0.1278,Employee,61.91,0.0167,3,False,0.8774,False,none,3,0,0
1,43,0.9059,Manager,893.58,0.1077,5,False,0.9744,False,none,0,0,0
1,29,8.1817,Employee,5947.28,2.2367,8,False,0.3483,True,high,157,6,1
1,10,9.2062,Contractor,1748.16,1.7551,6,False,0.5991,True,high,137,7,1
5,40,0.0538,Executive,259.97,0.0042,2,True,0.8519,False,none,2,0,0
2,38,0.3241,Manager,294.59,0.0486,9,False,0.86,False,none,6,0,0
1,117,0.9004,Employee,415.79,0.1359,266,False,0.7179,True,medium,60,2,1
1,13,0.3017,Director,882.95,0.0433,4,False,0.979,False,none,11,0,0
3,24,0.2246,Contractor,48.3,0.0473,4,False,0.9622,False,none,9,0,0
3,29,0.1658,Employee,84.78,0.032,1,False,0.9736,False,none,1,0,0
4,25,0.223,Director,646.76,0.0323,3,False,0.9861,False,none,15,0,0
2,47,0.6219,Manager,632.1199385056411,0.0772,4,True,0.9076,False,none,4,0,0
4,54,0.9444,Employee,462.49827951263734,0.1733,1,False,0.938,False,none,2,0,0
4,24,0.7733,Director,2460.34,0.1151,2,False,0.923,False,none,4,0,0
4,41,0.2808,Employee,189.35,0.0745,10,True,0.9237,True,low,49,1,0
1,7,0.4168,Contractor,78.24,0.0797,7,False,0.9306,False,none,13,0,0
2,17,0.1975,Manager,207.2,0.0301,5,False,0.8826,False,none,7,0,0
2,45,0.3751,Employee,177.98,0.0512,1,False,0.8512,False,none,13,0,0
1,49,0.2778,Employee,135.63,0.0362,2,False,0.8967,False,none,5,0,0
2,11,0.6132,Director,2600.53,0.1737,9,False,0.8932,False,none,10,0,0
2,3,1.021,Director,3122.429850662958,0.1387,2,False,0.9378,False,none,8,0,0
4,18,5.6659,Employee,2758.64,1.315,7,True,0.3921,True,high,153,4,1
9,10,1.3902,Employee,867.66,0.3094,0,True,0.4173,True,medium,168,6,1
5,46,0.6325,Manager,599.82,0.1095,9,False,0.8571,False,none,13,0,0
3,60,0.2339,Employee,96.15,0.0318,11,True,0.9736,False,none,3,0,0
1,29,0.2201,Manager,223.54,0.023,1,False,0.9701,True,low,41,1,0
16,1,0.017,Director,55.1,0.002,5,False,0.819,False,none,10,2,1
2,58,0.536,Employee,298.71,0.076,9,False,0.8626,False,none,5,0,0
1,40,0.1517,Contractor,28.98,0.0278,8,True,0.893,False,none,1,0,0
4,42,0.6869,Employee,222.9,0.0558,14,False,0.9198,False,none,0,0,0
4,10,1.7183,Contractor,356.43,0.0,1,True,0.7794,True,medium,188,3,1
9,5,1.2356,Employee,542.36,0.2348,0,True,0.4446,True,high,178,6,1
3,35,0.5489,Director,1347.86,0.0592,5,True,0.9034,False,none,5,0,0
0,-1,0.1342,Employee,71.68,0.0184,13,False,0.0,False,none,4,0,0
2,22,0.115,Contractor,22.39,0.0191,8,True,0.9384,False,none,4,0,0
2,36,0.7641,Manager,625.5,0.063,3,False,0.8934,False,none,3,0,0
1,60,0.1314,Director,436.48,0.0189,0,False,0.9061,False,none,4,0,0
1,15,0.6856,Manager,645.77,0.0769,3,False,0.9058,False,none,2,0,0
0,-1,0.2784,Executive,1679.08,0.0297,8,True,0.0,False,none,13,0,0
2,47,0.2758,Employee,173.7,0.0482,3,False,0.9408,True,low,29,1,0
2,47,0.7376,Director,3561.028321662032,0.2518,3,False,0.8577,True,low,12,1,0
1,11,0.118,Manager,180.54,0.0427,1,False,0.9302,False,none,9,0,0
1,3,0.651,Manager,569.7338269791314,0.0,4,True,0.883,False,none,3,0,0
1,54,0.2511,Manager,231.74,0.0339,20,False,0.899,False,none,9,0,0
3,46,0.6514,Manager,675.1428995965489,0.1233,1,False,0.897,False,none,6,0,0
5,47,0.3781,Contractor,48.09,0.0414,8,True,0.9856,True,low,26,1,0
1,50,0.0473,Employee,30.11,0.0119,13,False,0.866,False,none,13,0,0
5,15,0.4634,Director,1010.81,0.0347,4,False,0.986,False,none,6,0,0
5,2,1.5707,Employee,895.11,0.2599,1,True,0.4173,True,high,134,6,1
3,30,0.3546,Director,1243.87,0.0571,0,False,0.9141,True,low,21,1,0
5,26,3.5748,Employee,1994.1,0.6166,9,False,0.5911,True,high,204,7,1
1,83,0.4102,Manager,392.32,0.0409,448,False,0.5421,True,medium,54,2,1
0,-1,0.2075,Executive,1026.04,0.0222,2,False,0.0,False,none,10,0,0
2,48,0.4489,Contractor,83.59,0.1093,7,False,0.8924,False,none,7,0,0
1,32,0.1042,Manager,123.89,0.0174,0,False,0.8829,False,none,4,0,0
4,30,9.8606,Employee,5040.48,1.525,17,True,0.5621,True,high,296,3,1
1,29,0.1991,Contractor,52.67,0.0,6,False,0.8825,False,none,10,0,0
1,98,0.9663,Executive,4964.46,0.0871,420,False,0.5118,True,medium,97,4,1
4,57,0.1929,Director,613.13,0.0266,12,False,0.9675,True,low,50,1,0
1,77,0.7087,Director,1873.2,0.1064,186,True,0.7733,True,medium,47,2,1
0,-1,0.5266,Employee,279.5721844072972,0.1044,8,False,0.0,False,none,5,0,0
1,55,0.1327,Director,514.54,0.0239,2,False,0.8714,False,none,4,0,0
10,2,1.2577,Director,5176.1,0.2266,1,True,0.7266,True,high,117,6,1
1,34,0.3061,Employee,160.88,0.0455,7,True,0.8772,False,none,2,0,0
0,-1,0.194,Contractor,44.01,0.0,0,True,0.0,False,none,13,0,0
7,6,0.8976,Employee,619.03,0.2187,0,True,0.6994,True,high,51,2,1
2,41,0.9518,Employee,487.51,0.1663,3,False,0.9971,False,none,11,0,0
5,21,9.3448,Director,37366.79,1.358,8,False,0.4678,True,high,243,8,1
2,14,8.4211,Contractor,2371.68,2.1786,8,True,0.5889,True,high,280,5,1
4,10,1.9339,Employee,863.87,0.3498,1,True,0.5882,True,medium,146,4,1
1,1,0.5653,Contractor,145.41910218798955,0.1384,3,False,0.9653,False,none,15,0,0
2,58,0.0835,Manager,81.88,0.0122,0,False,0.8839,False,none,4,0,0
1,37,0.3643,Employee,178.42,0.0649,32,False,0.9748,False,none,12,0,0
6,12,0.1288,Manager,99.15,0.0099,2,False,0.9815,False,none,8,0,0
2,39,0.5402,Employee,368.69,0.1807,1,False,0.9807,False,none,5,0,0
3,10,0.5241,Employee,224.10751615498583,0.0895,0,False,0.8979,False,none,2,0,0
0,-1,0.1102,Employee,62.08,0.0189,1,False,0.0,False,none,6,0,0
3,25,0.6329,Manager,584.2454149907188,0.0642,1,False,0.8743,False,none,11,0,0
4,26,0.9066,Manager,853.2434659912949,0.1006,4,False,0.8887,False,none,4,0,0
4,2,0.5722,Employee,305.3889128873933,0.0883,3,False,0.9733,False,none,12,0,0
3,58,0.3079,Manager,199.6,0.0214,2,False,0.9369,False,none,11,0,0
3,11,0.2388,Executive,1261.31,0.0378,2,True,0.9521,False,none,6,0,0
2,8,0.0844,Contractor,20.91,0.0273,3,True,0.8543,False,none,10,0,0
1,51,0.7131,Manager,828.34,0.1066,8,False,0.868,False,none,5,0,0
6,15,0.1092,Manager,143.35,0.0159,16,False,0.905,False,none,2,0,0
2,54,0.9035,Director,1845.445095229245,0.08,14,False,0.9771,False,none,12,0,0
1,16,0.1701,Contractor,40.61,0.0398,0,False,0.9711,False,none,7,0,0
1,17,0.4152,Director,1276.01,0.0605,0,False,0.9182,False,none,8,0,0
0,-1,0.0,Manager,942.11,0.1129,292,False,0.6052,True,medium,68,2,1
1,21,0.7886,Manager,864.65,0.1319,12,False,0.9978,False,none,14,0,0
1,49,0.6701,Employee,319.96,0.1021,8,False,0.9119,False,none,10,0,0
8,3,0.1479,Employee,102.01,0.0505,4,True,0.9264,False,none,1,0,0
5,29,4.5622,Employee,2027.58,1.3806,17,True,0.4235,True,high,173,6,1
3,9,0.678,Employee,389.19941574825407,0.1389,4,False,0.8875,False,none,15,0,0
2,17,0.2444,Manager,187.15,0.025,0,False,0.9623,False,none,14,0,0
1,18,0.2143,Manager,239.28,0.0381,3,False,0.9757,False,none,11,0,0
0,-1,0.396,Employee,223.73,0.0733,22,False,0.0,False,none,3,0,0
3,15,0.1024,Employee,46.82,0.0149,2,False,0.8848,False,none,3,0,0
1,60,0.5434,Employee,230.5008576484552,0.1207,1,False,0.8571,False,none,2,0,0
4,28,4.7675,Manager,5302.03,0.6445,14,False,0.5409,True,high,147,5,1
1,12,0.8354,Director,2723.4369979741505,0.1273,5,False,0.9923,True,low,33,1,0
2,32,0.6015,Director,2177.37,0.0723,5,False,0.8516,False,none,9,0,0
0,-1,0.1826,Employee,123.84,0.0459,8,False,0.0,False,none,5,0,0
4,22,0.2643,Employee,122.83,0.0486,1,False,0.94,False,none,6,0,0
3,6,0.2551,Employee,124.48,0.0346,4,True,0.8959,False,none,1,0,0
4,25,0.0901,Employee,44.79,0.0172,1,False,0.9821,False,none,4,0,0
1,69,0.8921,Contractor,133.03,0.1257,291,False,0.5917,True,medium,56,5,1
2,31,0.7654,Director,1740.5522146439782,0.1067,0,False,0.9765,False,none,15,0,0
17,2,0.0,Contractor,34.05,0.0583,5,False,0.8298,False,none,16,1,1
2,48,0.1731,Employee,81.93,0.028,4,False,0.9961,False,none,11,0,0
3,9,0.5129,Employee,207.29,0.0676,12,False,0.9841,False,none,10,0,0
0,-1,0.0895,Contractor,18.34,0.0185,0,False,0.0,False,none,13,0,0
4,41,0.271,Employee,141.62,0.0469,1,False,0.9159,False,none,8,0,0
5,32,0.474,Employee,186.24,0.0604,10,True,0.973,False,none,6,0,0
2,24,0.2874,Employee,124.68,0.0375,2,False,0.9255,False,none,4,0,0
1,28,0.2592,Employee,133.28,0.0473,1,False,0.9604,False,none,6,0,0
2,25,0.4475,Employee,165.75,0.0494,0,False,0.9754,False,none,10,0,0
8,6,1.3616,Manager,1217.31,0.1336,0,True,0.778,True,medium,53,2,1
3,9,0.5448,Employee,231.9,0.0679,0,False,0.9584,False,none,15,0,0
3,55,0.9017,Employee,351.49585662343304,0.0937,1,False,0.922,False,none,4,0,0
2,10,0.0941,Director,278.94,0.0165,7,False,0.8735,False,none,9,0,0
4,8,1.1744,Executive,6807.52,0.1515,1,True,0.5932,True,high,160,3,1
1,45,0.1111,Employee,67.49,0.0271,3,False,0.8571,False,none,6,0,0
0,-1,0.4818,Contractor,74.69,0.0577,2,False,0.0,False,none,0,0,0
4,57,0.5045,Executive,1747.6475464659047,0.0596,1,False,0.882,False,none,15,0,0
5,32,0.2355,Employee,126.84,0.0445,3,False,0.9007,True,low,19,1,0
2,1,0.202,Employee,84.65,0.0208,4,False,0.9309,True,low,34,1,0
1,9,1.2923,Director,4170.49,0.2084,1,True,0.4573,True,medium,181,6,1
2,4,0.3042,Manager,280.23,0.0288,16,True,0.981,False,none,14,0,0
3,42,0.1068,Contractor,16.02,0.0189,3,True,0.9158,False,none,3,0,0
1,45,0.444,Employee,146.62,0.0505,0,False,0.8809,False,none,2,0,0
0,-1,0.7898,Manager,711.77,0.1126,273,True,0.5188,True,medium,87,5,1
4,30,6.6374,Employee,3423.34,1.2431,9,True,0.3237,True,high,286,3,1
2,63,0.6858,Director,2408.07,0.1219,436,False,0.5616,True,medium,81,3,1
2,38,0.12,Manager,115.43,0.0192,2,False,0.8791,True,low,42,1,0
2,16,0.2994,Employee,153.3,0.0486,7,False,0.9692,False,none,6,0,0
3,29,2.8071,Director,9383.46,0.551,13,True,0.6684,True,high,127,8,1
